run_timestamp,run_date,london_borough,listing_count,median_price,mean_price,min_price,max_price,median_deposit,mean_deposit,deposit_listed_count,dimension,value
20260520_153034,20260520,Barking and Dagenham,102,1425.0,1374.2843137254902,450.0,4333.0,1553.5,1339.3125,80,bedrooms,1 bed
20260520_153034,20260520,Barking and Dagenham,97,1800.0,1826.3298969072166,850.0,2350.0,2019.0,1910.7906976744187,86,bedrooms,2 bed
20260520_153034,20260520,Barking and Dagenham,70,2100.0,2115.6714285714284,950.0,3000.0,2423.0,2216.4464285714284,56,bedrooms,3 bed
20260520_153034,20260520,Barking and Dagenham,17,2496.0,2374.5882352941176,800.0,2950.0,2855.5,2759.3571428571427,14,bedrooms,4 bed
20260520_153034,20260520,Barking and Dagenham,6,2874.5,2799.8333333333335,2500.0,3000.0,3461.0,3268.6666666666665,3,bedrooms,5+ bed
20260520_153034,20260520,Barking and Dagenham,3,1425.0,1808.3333333333333,1400.0,2600.0,3000.0,3000.0,1,bedrooms,Studio / 0 bed
20260520_153034,20260520,Barking and Dagenham,273,1800.0,1827.4688644688645,450.0,3000.0,2019.0,1923.9372197309417,223,bills,Unknown
20260520_153034,20260520,Barking and Dagenham,21,900.0,1293.857142857143,450.0,4333.0,940.5,983.9375,16,bills,Bills included
20260520_153034,20260520,Barking and Dagenham,1,1950.0,1950.0,1950.0,1950.0,2250.0,2250.0,1,bills,Bills excluded
20260520_153034,20260520,Barking and Dagenham,270,1800.0,1794.5148148148148,450.0,4333.0,1981.5,1856.9739130434782,230,build_to_rent,Not build to rent
20260520_153034,20260520,Barking and Dagenham,25,1675.0,1740.04,1400.0,2310.0,1874.5,1992.7,10,build_to_rent,Build to rent
20260520_153034,20260520,Barking and Dagenham,261,1800.0,1789.6704980842912,450.0,4333.0,2000.0,1904.5841121495328,214,deposit,Deposit listed
20260520_153034,20260520,Barking and Dagenham,34,1712.5,1791.6470588235295,1350.0,3000.0,1825.5,1517.3076923076924,26,deposit,Zero deposit
20260520_153034,20260520,Barking and Dagenham,138,1900.0,1893.0434782608695,800.0,3000.0,2185.0,2048.7008547008545,117,furnish_type,Unfurnished
20260520_153034,20260520,Barking and Dagenham,82,1557.5,1498.8658536585365,450.0,3900.0,1673.0,1461.03125,64,furnish_type,Furnished
20260520_153034,20260520,Barking and Dagenham,35,1800.0,1890.2571428571428,1000.0,4333.0,1903.0,1779.551724137931,29,furnish_type,Ask agent
20260520_153034,20260520,Barking and Dagenham,27,1900.0,1940.7037037037037,1400.0,2650.0,1959.5,2098.777777777778,18,furnish_type,Part furnished
20260520_153034,20260520,Barking and Dagenham,13,1650.0,1947.3076923076924,1350.0,3000.0,1923.0,2036.8333333333333,12,furnish_type,"Furnished or unfurnished, landlord is flexible"
20260520_153034,20260520,Barking and Dagenham,270,1786.5,1774.9703703703703,450.0,3900.0,1961.0,1847.3853211009175,218,investment_opportunity,Unknown
20260520_153034,20260520,Barking and Dagenham,25,1900.0,1951.12,850.0,4333.0,2047.5,2013.6818181818182,22,investment_opportunity,Investment opportunity
20260520_153034,20260520,Barking and Dagenham,295,1800.0,1789.8983050847457,450.0,4333.0,1961.0,1862.6291666666666,240,let_type,Unknown
20260520_153034,20260520,Barking and Dagenham,258,1800.0,1775.1124031007753,450.0,4333.0,1961.0,1830.943925233645,214,luxury,Unknown
20260520_153034,20260520,Barking and Dagenham,37,1700.0,1893.0,1400.0,3000.0,1980.5,2123.423076923077,26,luxury,Luxury
20260520_153034,20260520,Barking and Dagenham,295,1800.0,1789.8983050847457,450.0,4333.0,1961.0,1862.6291666666666,240,online_viewings,No online viewing flag
20260520_153034,20260520,Barking and Dagenham,260,1800.0,1794.95,450.0,4333.0,1961.0,1847.1635514018692,214,pets,Unknown
20260520_153034,20260520,Barking and Dagenham,26,1675.0,1745.0,900.0,2950.0,1917.5,1968.3333333333333,18,pets,Pets mentioned
20260520_153034,20260520,Barking and Dagenham,9,1800.0,1773.6666666666667,923.0,2200.0,2138.5,2038.5,8,pets,No pets
20260520_153034,20260520,Barking and Dagenham,225,1750.0,1767.4888888888888,450.0,4333.0,1932.0,1815.9005524861877,181,price_reduced,Not reduced
20260520_153034,20260520,Barking and Dagenham,70,1912.5,1861.9285714285713,450.0,3000.0,2192.0,2005.9830508474577,59,price_reduced,Price reduced
20260520_153034,20260520,Barking and Dagenham,91,1680.0,1693.5274725274726,850.0,2500.0,1788.0,1626.0144927536232,69,property_type,Flat
20260520_153034,20260520,Barking and Dagenham,58,1700.0,1760.344827586207,1240.0,2500.0,1975.5,2018.5,46,property_type,Apartment
20260520_153034,20260520,Barking and Dagenham,54,2075.0,2139.740740740741,800.0,3000.0,2306.0,2293.0416666666665,48,property_type,Terraced
20260520_153034,20260520,Barking and Dagenham,17,2000.0,1789.7058823529412,750.0,3000.0,2253.5,1816.1875,16,property_type,House
20260520_153034,20260520,Barking and Dagenham,15,2150.0,2186.6,1400.0,3000.0,2451.5,2416.6428571428573,14,property_type,End of Terrace
20260520_153034,20260520,Barking and Dagenham,13,850.0,1150.076923076923,450.0,3900.0,800.0,780.0,11,property_type,Detached
20260520_153034,20260520,Barking and Dagenham,13,2100.0,2126.6923076923076,1550.0,2500.0,2500.0,2228.0,11,property_type,Semi-Detached
20260520_153034,20260520,Barking and Dagenham,10,900.0,1257.3,850.0,4333.0,980.5,803.1,10,property_type,House Share
20260520_153034,20260520,Barking and Dagenham,6,1600.0,1566.6666666666667,800.0,2100.0,1050.0,1015.25,4,property_type,Not Specified
20260520_153034,20260520,Barking and Dagenham,5,1650.0,1655.0,1550.0,1800.0,1903.0,1918.6,5,property_type,Maisonette
20260520_153034,20260520,Barking and Dagenham,3,1350.0,1466.6666666666667,1350.0,1700.0,1900.0,1900.0,1,property_type,Ground Flat
20260520_153034,20260520,Barking and Dagenham,2,2350.0,2350.0,1900.0,2800.0,2711.0,2711.0,2,property_type,Bungalow
20260520_153034,20260520,Barking and Dagenham,2,811.5,811.5,700.0,923.0,,,0,property_type,Flat Share
20260520_153034,20260520,Barking and Dagenham,2,1412.5,1412.5,1400.0,1425.0,,,0,property_type,Studio
20260520_153034,20260520,Barking and Dagenham,1,2000.0,2000.0,2000.0,2000.0,2307.0,2307.0,1,property_type,Duplex
20260520_153034,20260520,Barking and Dagenham,1,450.0,450.0,450.0,450.0,,,0,property_type,House of Multiple Occupation
20260520_153034,20260520,Barking and Dagenham,1,1395.0,1395.0,1395.0,1395.0,1395.0,1395.0,1,property_type,Retirement Property
20260520_153034,20260520,Barking and Dagenham,1,2800.0,2800.0,2800.0,2800.0,3230.0,3230.0,1,property_type,Town House
20260520_153034,20260520,Barking and Dagenham,268,1800.0,1802.5597014925372,450.0,4333.0,1981.5,1887.556074766355,214,student_suitable,Not student suitable
20260520_153034,20260520,Barking and Dagenham,27,1550.0,1664.2222222222222,650.0,3900.0,1773.5,1657.4615384615386,26,student_suitable,Student suitable
20260520_153034,20260520,Barking and Dagenham,261,1800.0,1789.6704980842912,450.0,4333.0,2000.0,1904.5841121495328,214,zero_deposit,Unknown
20260520_153034,20260520,Barking and Dagenham,34,1712.5,1791.6470588235295,1350.0,3000.0,1825.5,1517.3076923076924,26,zero_deposit,Zero deposit
20260520_153034,20260520,Barnet,495,2150.0,2286.5131313131315,1595.0,11496.0,2308.0,2387.8403990024935,401,bedrooms,2 bed
20260520_153034,20260520,Barnet,321,1700.0,1735.803738317757,625.0,3500.0,1875.0,1765.1869918699188,246,bedrooms,1 bed
20260520_153034,20260520,Barnet,241,2900.0,4199.784232365145,850.0,43333.0,3230.0,4608.3622448979595,196,bedrooms,3 bed
20260520_153034,20260520,Barnet,142,1282.5,1322.5985915492959,150.0,5000.0,1400.0,1352.7222222222222,108,bedrooms,Studio / 0 bed
20260520_153034,20260520,Barnet,100,7849.5,13125.08,2450.0,100000.0,6924.0,15698.81690140845,71,bedrooms,5+ bed
20260520_153034,20260520,Barnet,92,3500.0,6254.315217391304,2100.0,65000.0,3807.5,5680.897435897436,78,bedrooms,4 bed
20260520_153034,20260520,Barnet,1324,2200.0,3495.940332326284,150.0,100000.0,2423.0,3741.679962013295,1053,bills,Unknown
20260520_153034,20260520,Barnet,66,1250.0,2222.030303030303,625.0,65000.0,1284.5,1238.7608695652175,46,bills,Bills included
20260520_153034,20260520,Barnet,1,1600.0,1600.0,1600.0,1600.0,1847.0,1847.0,1,bills,Bills excluded
20260520_153034,20260520,Barnet,1336,2150.0,3474.395209580838,150.0,100000.0,2308.0,3667.5626767200756,1061,build_to_rent,Not build to rent
20260520_153034,20260520,Barnet,55,2505.0,2456.1272727272726,1749.0,3470.0,2600.0,2757.3076923076924,39,build_to_rent,Build to rent
20260520_153034,20260520,Barnet,1318,2175.0,3480.1593323216994,150.0,100000.0,2390.0,3734.5014520813165,1033,deposit,Deposit listed
20260520_153034,20260520,Barnet,68,2100.0,2278.6176470588234,1150.0,5000.0,2307.0,2105.6567164179105,67,deposit,Zero deposit
20260520_153034,20260520,Barnet,5,3450.0,7016.6,1300.0,17333.0,,,0,deposit,Deposit not listed
20260520_153034,20260520,Barnet,455,2200.0,3297.312087912088,150.0,35000.0,2423.0,3613.646907216495,388,furnish_type,Unfurnished
20260520_153034,20260520,Barnet,438,2000.0,3078.2374429223746,580.0,100000.0,2150.0,3522.5148809523807,336,furnish_type,Furnished
20260520_153034,20260520,Barnet,193,2400.0,5046.870466321244,670.0,52000.0,2510.0,4040.6560509554142,157,furnish_type,Ask agent
20260520_153034,20260520,Barnet,188,2400.0,3359.196808510638,775.0,34996.0,2596.0,3977.7734375,128,furnish_type,"Furnished or unfurnished, landlord is flexible"
20260520_153034,20260520,Barnet,112,1996.5,2568.535714285714,901.0,25000.0,2278.0,2962.868131868132,91,furnish_type,Part furnished
20260520_153034,20260520,Barnet,5,3450.0,7016.6,1300.0,17333.0,,,0,furnish_type,Unknown
20260520_153034,20260520,Barnet,1287,2165.0,3505.937062937063,150.0,100000.0,2390.0,3726.9765853658537,1025,investment_opportunity,Unknown
20260520_153034,20260520,Barnet,104,2249.5,2545.5576923076924,850.0,14998.0,2300.0,2382.24,75,investment_opportunity,Investment opportunity
20260520_153034,20260520,Barnet,1391,2175.0,3434.132997843278,150.0,100000.0,2365.0,3635.29,1100,let_type,Unknown
20260520_153034,20260520,Barnet,1006,2080.0,2669.3290258449306,580.0,43333.0,2307.0,2867.384337349398,830,luxury,Unknown
20260520_153034,20260520,Barnet,385,2525.0,5432.555844155844,150.0,100000.0,2769.0,5995.888888888889,270,luxury,Luxury
20260520_153034,20260520,Barnet,1391,2175.0,3434.132997843278,150.0,100000.0,2365.0,3635.29,1100,online_viewings,No online viewing flag
20260520_153034,20260520,Barnet,1242,2150.0,3544.5418679549116,150.0,100000.0,2307.0,3768.0236625514403,972,pets,Unknown
20260520_153034,20260520,Barnet,125,2480.0,2659.584,1300.0,6998.0,2568.0,2793.0384615384614,104,pets,Pets mentioned
20260520_153034,20260520,Barnet,24,1750.0,1754.5833333333333,675.0,3500.0,2019.5,1909.3333333333333,24,pets,No pets
20260520_153034,20260520,Barnet,973,2150.0,3290.981500513875,150.0,65000.0,2308.0,3318.4899057873486,743,price_reduced,Not reduced
20260520_153034,20260520,Barnet,418,2200.0,3767.354066985646,200.0,100000.0,2429.0,4294.624649859944,357,price_reduced,Price reduced
20260520_153034,20260520,Barnet,562,2152.5,2544.8505338078294,750.0,43333.0,2397.0,2984.9572072072074,444,property_type,Flat
20260520_153034,20260520,Barnet,404,2050.0,2660.8737623762377,901.0,43333.0,2250.0,2616.1708860759495,316,property_type,Apartment
20260520_153034,20260520,Barnet,88,1300.0,1346.0795454545455,580.0,2300.0,1440.0,1367.9718309859154,71,property_type,Studio
20260520_153034,20260520,Barnet,67,3300.0,4044.6716417910447,750.0,13000.0,3692.0,3974.314814814815,54,property_type,Semi-Detached
20260520_153034,20260520,Barnet,64,11458.5,17346.90625,2800.0,100000.0,9807.0,19714.073170731706,41,property_type,Detached
20260520_153034,20260520,Barnet,39,3400.0,5606.871794871795,1650.0,26000.0,3923.0,6900.0,35,property_type,House
20260520_153034,20260520,Barnet,39,3200.0,3807.230769230769,1000.0,16250.0,3265.0,4399.833333333333,36,property_type,Terraced
20260520_153034,20260520,Barnet,32,2090.0,2225.15625,1400.0,4000.0,2420.0,2450.740740740741,27,property_type,Maisonette
20260520_153034,20260520,Barnet,30,850.0,882.3333333333334,625.0,1300.0,919.0,902.15,20,property_type,House Share
20260520_153034,20260520,Barnet,12,5724.5,11755.083333333334,2400.0,43333.0,3836.5,11011.25,8,property_type,Penthouse
20260520_153034,20260520,Barnet,10,3100.0,2904.4,1500.0,4000.0,3150.0,2890.7,10,property_type,End of Terrace
20260520_153034,20260520,Barnet,9,950.0,1177.2222222222222,650.0,3150.0,950.0,1335.4285714285713,7,property_type,Flat Share
20260520_153034,20260520,Barnet,5,3700.0,3390.0,2150.0,3700.0,3374.5,2754.5,4,property_type,Bungalow
20260520_153034,20260520,Barnet,5,1700.0,2084.0,975.0,5000.0,0.0,792.2,5,property_type,Not Specified
20260520_153034,20260520,Barnet,4,3375.0,11061.25,2495.0,35000.0,3682.5,12561.25,4,property_type,Detached Bungalow
20260520_153034,20260520,Barnet,4,2900.0,3575.0,2500.0,6000.0,2884.0,3802.3333333333335,3,property_type,Duplex
20260520_153034,20260520,Barnet,3,200.0,716.6666666666666,150.0,1800.0,100.0,100.0,2,property_type,Garages
20260520_153034,20260520,Barnet,3,4200.0,4300.0,4200.0,4500.0,5192.0,5192.0,2,property_type,Mews
20260520_153034,20260520,Barnet,3,2790.0,2663.3333333333335,2400.0,2800.0,3219.0,3073.3333333333335,3,property_type,Town House
20260520_153034,20260520,Barnet,2,2900.0,2900.0,1800.0,4000.0,3372.5,3372.5,2,property_type,Ground Flat
20260520_153034,20260520,Barnet,2,1900.0,1900.0,1850.0,1950.0,2042.0,2042.0,2,property_type,Ground Maisonette
20260520_153034,20260520,Barnet,2,2475.0,2475.0,2150.0,2800.0,2855.0,2855.0,2,property_type,Semi-Detached Bungalow
20260520_153034,20260520,Barnet,1,2250.0,2250.0,2250.0,2250.0,2596.0,2596.0,1,property_type,Cottage
20260520_153034,20260520,Barnet,1,750.0,750.0,750.0,750.0,750.0,750.0,1,property_type,House of Multiple Occupation
20260520_153034,20260520,Barnet,1251,2200.0,3579.207034372502,150.0,100000.0,2418.0,3774.1655034895316,1003,student_suitable,Not student suitable
20260520_153034,20260520,Barnet,140,2000.0,2137.792857142857,675.0,5000.0,2150.0,2199.2886597938145,97,student_suitable,Student suitable
20260520_153034,20260520,Barnet,1323,2175.0,3493.5245653817083,150.0,100000.0,2390.0,3734.5014520813165,1033,zero_deposit,Unknown
20260520_153034,20260520,Barnet,68,2100.0,2278.6176470588234,1150.0,5000.0,2307.0,2105.6567164179105,67,zero_deposit,Zero deposit
20260520_153034,20260520,Bexley,61,1300.0,1251.016393442623,700.0,4507.0,1350.0,1289.3617021276596,47,bedrooms,1 bed
20260520_153034,20260520,Bexley,54,2100.0,2078.703703703704,775.0,2600.0,2392.5,2304.5652173913045,46,bedrooms,3 bed
20260520_153034,20260520,Bexley,48,1700.0,1688.8333333333333,1250.0,1995.0,1903.0,1905.9024390243903,41,bedrooms,2 bed
20260520_153034,20260520,Bexley,17,1050.0,1207.8235294117646,950.0,2000.0,1211.0,1236.5,14,bedrooms,Studio / 0 bed
20260520_153034,20260520,Bexley,12,2500.0,2529.1666666666665,2000.0,3250.0,2596.0,2462.375,8,bedrooms,4 bed
20260520_153034,20260520,Bexley,10,2725.0,3369.5,2500.0,7000.0,3173.0,4251.571428571428,7,bedrooms,5+ bed
20260520_153034,20260520,Bexley,182,1750.0,1840.1593406593406,700.0,7000.0,1961.0,2025.5724137931034,145,bills,Unknown
20260520_153034,20260520,Bexley,18,900.0,955.2777777777778,749.0,1300.0,999.0,962.75,16,bills,Bills included
20260520_153034,20260520,Bexley,2,1050.0,1050.0,1050.0,1050.0,1205.5,1205.5,2,bills,Bills excluded
20260520_153034,20260520,Bexley,202,1700.0,1753.4851485148515,700.0,7000.0,1903.0,1911.1840490797547,163,build_to_rent,Not build to rent
20260520_153034,20260520,Bexley,192,1695.0,1734.65625,700.0,7000.0,1903.0,1899.8136645962734,161,deposit,Deposit listed
20260520_153034,20260520,Bexley,10,2300.0,2115.0,1000.0,2750.0,2826.5,2826.5,2,deposit,Zero deposit
20260520_153034,20260520,Bexley,111,1800.0,1871.7207207207207,850.0,4507.0,2059.0,2075.2613636363635,88,furnish_type,Unfurnished
20260520_153034,20260520,Bexley,32,1550.0,1656.5,850.0,3250.0,1629.5,1639.0454545454545,22,furnish_type,Ask agent
20260520_153034,20260520,Bexley,29,1150.0,1397.9310344827586,700.0,2600.0,1182.0,1546.6785714285713,28,furnish_type,Furnished
20260520_153034,20260520,Bexley,16,1897.5,2029.375,875.0,7000.0,2191.5,2569.5833333333335,12,furnish_type,"Furnished or unfurnished, landlord is flexible"
20260520_153034,20260520,Bexley,14,1300.0,1458.9285714285713,775.0,2750.0,1211.0,1438.3846153846155,13,furnish_type,Part furnished
20260520_153034,20260520,Bexley,195,1700.0,1755.4051282051282,700.0,7000.0,1903.0,1910.0576923076924,156,investment_opportunity,Unknown
20260520_153034,20260520,Bexley,7,1600.0,1700.0,900.0,2500.0,1730.0,1936.2857142857142,7,investment_opportunity,Investment opportunity
20260520_153034,20260520,Bexley,202,1700.0,1753.4851485148515,700.0,7000.0,1903.0,1911.1840490797547,163,let_type,Unknown
20260520_153034,20260520,Bexley,182,1700.0,1708.989010989011,700.0,4507.0,1887.5,1841.46,150,luxury,Unknown
20260520_153034,20260520,Bexley,20,1791.5,2158.4,900.0,7000.0,2500.0,2715.6923076923076,13,luxury,Luxury
20260520_153034,20260520,Bexley,202,1700.0,1753.4851485148515,700.0,7000.0,1903.0,1911.1840490797547,163,online_viewings,No online viewing flag
20260520_153034,20260520,Bexley,183,1700.0,1749.311475409836,700.0,7000.0,1873.0,1903.6666666666667,144,pets,Unknown
20260520_153034,20260520,Bexley,16,1875.0,1822.1875,749.0,2750.0,2047.5,2013.75,16,pets,No pets
20260520_153034,20260520,Bexley,3,1625.0,1641.6666666666667,1200.0,2100.0,1875.0,1725.0,3,pets,Pets mentioned
20260520_153034,20260520,Bexley,147,1650.0,1695.2312925170068,700.0,4507.0,1846.0,1832.7916666666667,120,price_reduced,Not reduced
20260520_153034,20260520,Bexley,55,1750.0,1909.1818181818182,749.0,7000.0,2070.0,2129.953488372093,43,price_reduced,Price reduced
20260520_153034,20260520,Bexley,46,1500.0,1529.6521739130435,1050.0,2100.0,1700.0,1691.7297297297298,37,property_type,Flat
20260520_153034,20260520,Bexley,28,2120.0,2205.0,1000.0,3250.0,2423.0,2456.6666666666665,21,property_type,Semi-Detached
20260520_153034,20260520,Bexley,23,1600.0,1717.2608695652175,1200.0,4507.0,1845.5,1783.4285714285713,14,property_type,Apartment
20260520_153034,20260520,Bexley,23,900.0,898.695652173913,700.0,1150.0,1038.0,934.047619047619,21,property_type,House Share
20260520_153034,20260520,Bexley,23,2000.0,2141.9565217391305,1800.0,4000.0,2279.0,2377.7894736842104,19,property_type,Terraced
20260520_153034,20260520,Bexley,12,1050.0,1137.5,1050.0,1500.0,1211.0,1253.909090909091,11,property_type,Studio
20260520_153034,20260520,Bexley,11,2500.0,2925.2727272727275,1250.0,7000.0,3057.0,3897.714285714286,7,property_type,Detached
20260520_153034,20260520,Bexley,10,1650.0,1572.5,775.0,2100.0,1903.0,1763.5555555555557,9,property_type,Maisonette
20260520_153034,20260520,Bexley,7,1850.0,1938.5714285714287,1550.0,2600.0,2074.0,2196.6666666666665,6,property_type,End of Terrace
20260520_153034,20260520,Bexley,6,2150.0,2191.6666666666665,1800.0,2750.0,2307.0,1932.0,5,property_type,House
20260520_153034,20260520,Bexley,3,2300.0,2300.0,2000.0,2600.0,2600.0,2596.0,3,property_type,Bungalow
20260520_153034,20260520,Bexley,2,1350.0,1350.0,1200.0,1500.0,1557.5,1557.5,2,property_type,Ground Flat
20260520_153034,20260520,Bexley,2,1750.0,1750.0,1550.0,1950.0,2019.5,2019.5,2,property_type,Ground Maisonette
20260520_153034,20260520,Bexley,1,2200.0,2200.0,2200.0,2200.0,2538.0,2538.0,1,property_type,Detached Bungalow
20260520_153034,20260520,Bexley,1,1400.0,1400.0,1400.0,1400.0,1616.0,1616.0,1,property_type,Not Specified
20260520_153034,20260520,Bexley,1,850.0,850.0,850.0,850.0,1096.0,1096.0,1,property_type,Parking
20260520_153034,20260520,Bexley,1,1950.0,1950.0,1950.0,1950.0,1950.0,1950.0,1,property_type,Penthouse
20260520_153034,20260520,Bexley,1,2395.0,2395.0,2395.0,2395.0,2763.0,2763.0,1,property_type,Semi-Detached Bungalow
20260520_153034,20260520,Bexley,1,2500.0,2500.0,2500.0,2500.0,2884.0,2884.0,1,property_type,Town House
20260520_153034,20260520,Bexley,179,1700.0,1778.0111731843576,700.0,7000.0,1903.0,1943.8251748251748,143,student_suitable,Not student suitable
20260520_153034,20260520,Bexley,23,1600.0,1562.608695652174,749.0,2100.0,1773.0,1677.8,20,student_suitable,Student suitable
20260520_153034,20260520,Bexley,192,1695.0,1734.65625,700.0,7000.0,1903.0,1899.8136645962734,161,zero_deposit,Unknown
20260520_153034,20260520,Bexley,10,2300.0,2115.0,1000.0,2750.0,2826.5,2826.5,2,zero_deposit,Zero deposit
20260520_153034,20260520,Brent,386,2300.0,2329.1347150259066,1163.0,5800.0,2485.0,2410.512455516014,281,bedrooms,2 bed
20260520_153034,20260520,Brent,337,1750.0,1719.9554896142433,643.0,5850.0,1847.0,1721.5504201680671,238,bedrooms,1 bed
20260520_153034,20260520,Brent,213,1380.0,1669.694835680751,650.0,52272.0,1442.0,1352.4429530201342,149,bedrooms,Studio / 0 bed
20260520_153034,20260520,Brent,207,2800.0,2930.743961352657,823.0,8670.0,3115.5,3183.32,150,bedrooms,3 bed
20260520_153034,20260520,Brent,73,3350.0,3639.4794520547944,802.0,7250.0,3807.5,3935.0625,64,bedrooms,4 bed
20260520_153034,20260520,Brent,57,4500.0,5659.929824561404,2995.0,16500.0,4962.0,6301.358490566037,53,bedrooms,5+ bed
20260520_153034,20260520,Brent,1132,2200.0,2475.189045936396,675.0,52272.0,2308.0,2643.2831105710816,823,bills,Unknown
20260520_153034,20260520,Brent,134,1250.0,1480.3283582089553,643.0,6500.0,1286.0,1368.9056603773586,106,bills,Bills included
20260520_153034,20260520,Brent,7,2600.0,4142.857142857143,950.0,15000.0,3519.5,5230.833333333333,6,bills,Bills excluded
20260520_153034,20260520,Brent,1209,2149.0,2395.147229114971,643.0,52272.0,2250.0,2525.268318965517,928,build_to_rent,Not build to rent
20260520_153034,20260520,Brent,64,1932.5,2086.640625,1357.0,3634.0,0.0,1208.857142857143,7,build_to_rent,Build to rent
20260520_153034,20260520,Brent,1217,2149.0,2357.318816762531,643.0,16500.0,2250.0,2528.4508733624452,916,deposit,Deposit listed
20260520_153034,20260520,Brent,50,1705.0,1993.48,650.0,3500.0,2134.0,1886.842105263158,19,deposit,Zero deposit
20260520_153034,20260520,Brent,6,1695.0,10124.5,1590.0,52272.0,,,0,deposit,Deposit not listed
20260520_153034,20260520,Brent,547,2000.0,2229.8994515539307,643.0,15000.0,2088.0,2311.1377245508984,334,furnish_type,Furnished
20260520_153034,20260520,Brent,277,2300.0,2528.1407942238266,700.0,7800.0,2480.0,2666.8264462809916,242,furnish_type,Unfurnished
20260520_153034,20260520,Brent,188,2200.0,2426.154255319149,650.0,10000.0,2192.5,2616.758426966292,178,furnish_type,Ask agent
20260520_153034,20260520,Brent,172,2150.0,2414.482558139535,800.0,16500.0,2423.0,2770.5982905982905,117,furnish_type,"Furnished or unfurnished, landlord is flexible"
20260520_153034,20260520,Brent,83,1846.0,2133.409638554217,675.0,6500.0,2102.5,2260.5625,64,furnish_type,Part furnished
20260520_153034,20260520,Brent,5,1630.0,1695.0,1590.0,1870.0,,,0,furnish_type,Unknown
20260520_153034,20260520,Brent,1,52272.0,52272.0,52272.0,52272.0,,,0,furnish_type,"Unfurnished No floor/site plan +3 Key features Open Storage LandCirca 1.8 acres (0.728 hectares)Prominent FrontageExcellent Transport LinksSite Can Be SplitHigh-Level FloodlightingOptional PortacabinSecure & Gated Site Description The demise comprises a triangular shaped parcel of land with a prominent frontage and direct access to Neasden Lane. The land is predominantly of concrete hardstanding and is bounded by steel palisade and solid perimeter fencing. The site benefits from high-level floodlighting, making it suitable for operational use during evening hours and an optional modular portacabin providing office and welfare space. Location - The site is located along Neasden Lane approximately 7 miles from London City Centre. The wider area is of mixed use comprising a variety of residential, commercial units, shops and eateries. Occupiers within the immediate vicinity include NSX Autos, Hardcrete and Glenn's Skip Hire. The demise benefits from excellent transport links with the North Circular Road (A406), A40, M1 and Neasden Underground station close by. Neasden is a suburb in Northwest London located approximately 19 miles south of St Albans, 46 miles east of Reading and 54 miles south east of Oxford. Description - The demise comprises a triangular shaped parcel of land with a prominent frontage and direct access to Neasden Lane. The land is predominantly of concrete hardstanding and is bounded by steel palisade and solid perimeter fencing. The site benefits from high-level floodlighting, making it suitable for operational use during evening hours and an optional modular portacabin providing office and welfare space. Please note consideration will be given to splitting the site to provide smaller yard parcels. Accommodation - We have been informed that the site area extents to approximately 1.8 acres (0.728 hectares). Services - We understand that mains electricity, water and drainage are connected. None of the heating systems or any other plant and equipment have been tested by Commercial List and prospective lessees must rely on their own investigations as to their existence and condition. Please note that mains gas can be provided upon request. Business Rates - From enquiries made through the Valuation Office website, we understand that the following rating assessment applies; Rateable value: tbc Interested parties should make their own enquiries as to the amount of rates payable. Terms - The site is available TO LET for a term to be negotiated at an asking rent of £627,264 plus VAT per annum. Please note consideration will be given to splitting the site to provide smaller yard parcels. Vat - We understand that VAT is payable on the rent. Legal Costs - Each party to pay their own legal costs incurred. Viewing - For an appointment to view or further information please contact; Commercial List e: t: Agent Notes - Please note, by submitting an enquiry regarding this property you agree that we may send your details to the freeholder / landlord / managing agent of this property so they may contact you in order to answer any questions or arrange a convenient viewing time. Furthermore, these Particulars are believed to be correct, but their accuracy cannot be guaranteed, and they do not constitute an offer or a contract. Read full description Brochures View Brochure Open Storage Land, 54 Neasden Lane, London, NW10 2UJ Approximate location Open map Street View NEAREST STATIONS Neasden Station 0.1 miles Dollis Hill Station 0.4 miles Willesden Green Station 1.2 miles About Commercial List, Covering Nationwide Wellington House Wellington Circus Nottingham NG1 5AL Commercial List are online commercial estate agents that specialise in the sale and letting of commercial property across the United Kingdom. We deal with all types of commercial property, both freehold and leasehold, including retail, office, industrial, leisure, land, and investment and development opportunities. We focus on providing a modern cost-effective approach to property marketing by offering a range of agency packages starting from only £150 plus VAT for our basic service through to full agency, allowing clients to find the right level of service to meet their requirements. We advertise across major platforms, including Rightmove, Zoopla and Prop List, along with our socials, meaning your property gets the exposure it deserves. We also have an in-house property search which you can use to find your latest commercial property to buy or rent. Read more Notes These notes are private, only you can see them. Save note MARKETED BY Commercial List, Covering Nationwide Wellington House Wellington Circus Nottingham NG1 5AL More properties from Commercial List, Covering Nationwide Call Request details Disclaimer - Property reference 34538729. The information displayed about this property comprises a property advertisement. Rightmove.co.uk makes no warranty as to the accuracy or completeness of the advertisement or any linked or associated information, and Rightmove has no control over the content. This property advertisement does not constitute property particulars. The information is provided and maintained by Commercial List, Covering Nationwide. Please contact the selling agent or developer directly to obtain any information which may be available under the terms of The Energy Performance of Buildings (Certificates and Inspections) (England and Wales) Regulations 2007 or the Home Report if in relation to a residential property in Scotland. Map data ©OpenStreetMap contributors. Download the Rightmove app Resources Stamp Duty Calculator House Price Index Property guides Property news Buyer guides Seller guides Renter guides Landlord guides Removals Energy efficiency Mortgage in Principle Mortgage Calculator Mortgage guides Search Search homes for sale Search homes for rent Commercial for sale Commercial to rent Overseas homes for sale Search sold house prices Find an agent Student accommodation Retirement homes New homes Locations Major towns and cities in the UK London Cornwall Glasgow Cardiff Edinburgh Spain France Portugal Rightmove Tech blog About Press centre Investor relations Contact us Careers Sign in or create account HomeViews Professional Rightmove Plus Data Services Advertise on Rightmove Overseas agents and developers Home and property related services Advertise commercial property HomeViews Business Hub Site map Help our Cookie Policy Safety and Security Terms of Use Privacy Policy Copyright © 2000-2026 Rightmove Group Limited. All rights reserved. Rightmove prohibits the scraping of its content. You can find further details here. Choose your cookies We process your personal information to measure and improve our sites and service, to assist our marketing campaigns and to provide personalized content and advertising. By clicking 'Manage opt out preferences', you can exercise your privacy rights. You can find more information about cookie notices and consents in our Cookie Policy Manage opt out preferences Reject all Accept all"
20260520_153034,20260520,Brent,1155,2100.0,2385.2329004329004,643.0,52272.0,2250.0,2517.598407281001,879,investment_opportunity,Unknown
20260520_153034,20260520,Brent,118,2120.5,2324.864406779661,800.0,10000.0,2134.0,2481.1071428571427,56,investment_opportunity,Investment opportunity
20260520_153034,20260520,Brent,1273,2100.0,2379.6370777690495,643.0,52272.0,2250.0,2515.412834224599,935,let_type,Unknown
20260520_153034,20260520,Brent,970,2085.0,2334.4927835051544,643.0,52272.0,2192.0,2433.7452711223204,793,luxury,Unknown
20260520_153034,20260520,Brent,303,2150.0,2524.158415841584,730.0,16500.0,2568.0,2971.4859154929577,142,luxury,Luxury
20260520_153034,20260520,Brent,1273,2100.0,2379.6370777690495,643.0,52272.0,2250.0,2515.412834224599,935,online_viewings,No online viewing flag
20260520_153034,20260520,Brent,1181,2102.0,2400.987298899238,643.0,52272.0,2250.0,2532.9741573033707,890,pets,Unknown
20260520_153034,20260520,Brent,61,2261.0,2338.065573770492,895.0,6500.0,2469.5,2493.7,20,pets,Pets mentioned
20260520_153034,20260520,Brent,31,1299.0,1648.0645161290322,700.0,6700.0,1956.0,1907.6,25,pets,No pets
20260520_153034,20260520,Brent,854,2100.0,2422.0245901639346,685.0,52272.0,2250.0,2514.343537414966,588,price_reduced,Not reduced
20260520_153034,20260520,Brent,419,2167.0,2293.2434367541764,643.0,10998.0,2285.0,2517.2247838616713,347,price_reduced,Price reduced
20260520_153034,20260520,Brent,544,2149.5,2219.7849264705883,775.0,6500.0,2292.5,2380.8179723502303,434,property_type,Flat
20260520_153034,20260520,Brent,314,2265.5,2427.1974522292994,825.0,15000.0,2479.0,2530.606451612903,155,property_type,Apartment
20260520_153034,20260520,Brent,147,1366.0,1393.251700680272,675.0,2500.0,1431.0,1325.788990825688,109,property_type,Studio
20260520_153034,20260520,Brent,51,3300.0,3460.9411764705883,1400.0,7250.0,3923.0,3887.875,48,property_type,Semi-Detached
20260520_153034,20260520,Brent,51,3500.0,4389.274509803921,2200.0,14000.0,3692.0,4623.6875,48,property_type,Terraced
20260520_153034,20260520,Brent,31,1850.0,2117.0967741935483,1400.0,3500.0,2097.0,2401.266666666667,30,property_type,Maisonette
20260520_153034,20260520,Brent,26,3475.0,3919.4615384615386,700.0,10000.0,3000.0,3892.1739130434785,23,property_type,House
20260520_153034,20260520,Brent,24,900.0,893.6666666666666,643.0,1250.0,923.0,917.7619047619048,21,property_type,House Share
20260520_153034,20260520,Brent,20,925.0,1030.0,700.0,2600.0,838.0,998.0,13,property_type,Flat Share
20260520_153034,20260520,Brent,14,4397.5,5487.5,685.0,16500.0,5077.0,6973.7692307692305,13,property_type,Detached
20260520_153034,20260520,Brent,10,1837.5,2368.0,650.0,7131.0,1442.0,1589.2222222222222,9,property_type,Not Specified
20260520_153034,20260520,Brent,9,1750.0,1736.111111111111,1125.0,2600.0,2019.0,1990.3333333333333,9,property_type,Ground Flat
20260520_153034,20260520,Brent,8,3000.0,3296.0,2250.0,5000.0,3314.0,3064.125,8,property_type,End of Terrace
20260520_153034,20260520,Brent,7,900.0,893.5714285714286,730.0,1050.0,871.0,879.25,4,property_type,House of Multiple Occupation
20260520_153034,20260520,Brent,4,2497.5,2656.25,2300.0,3330.0,2878.0,2878.0,1,property_type,Duplex
20260520_153034,20260520,Brent,2,26836.0,26836.0,1400.0,52272.0,1616.0,1616.0,1,property_type,Land
20260520_153034,20260520,Brent,2,3491.5,3491.5,2650.0,4333.0,3000.0,3000.0,1,property_type,Mews
20260520_153034,20260520,Brent,2,2449.0,2449.0,2099.0,2799.0,2787.5,2787.5,2,property_type,Penthouse
20260520_153034,20260520,Brent,2,3050.0,3050.0,2750.0,3350.0,3307.5,3307.5,2,property_type,Town House
20260520_153034,20260520,Brent,1,2396.0,2396.0,2396.0,2396.0,2765.0,2765.0,1,property_type,Bungalow
20260520_153034,20260520,Brent,1,2150.0,2150.0,2150.0,2150.0,2480.0,2480.0,1,property_type,Garages
20260520_153034,20260520,Brent,1,1900.0,1900.0,1900.0,1900.0,2192.0,2192.0,1,property_type,Ground Maisonette
20260520_153034,20260520,Brent,1,1495.0,1495.0,1495.0,1495.0,1495.0,1495.0,1,property_type,Retirement Property
20260520_153034,20260520,Brent,1,5850.0,5850.0,5850.0,5850.0,,,0,property_type,Serviced Apartments
20260520_153034,20260520,Brent,1106,2199.0,2446.1030741410486,643.0,52272.0,2307.0,2597.3386503067486,815,student_suitable,Not student suitable
20260520_153034,20260520,Brent,167,1750.0,1939.4491017964071,700.0,6500.0,1902.0,1959.0,120,student_suitable,Student suitable
20260520_153034,20260520,Brent,1223,2144.0,2395.4243663123466,643.0,52272.0,2250.0,2528.4508733624452,916,zero_deposit,Unknown
20260520_153034,20260520,Brent,50,1705.0,1993.48,650.0,3500.0,2134.0,1886.842105263158,19,zero_deposit,Zero deposit
20260520_153034,20260520,Bromley,113,1800.0,1848.6283185840707,1450.0,2595.0,2019.0,1875.2659574468084,94,bedrooms,2 bed
20260520_153034,20260520,Bromley,90,1430.0,1445.4333333333334,650.0,5000.0,1500.0,1317.0263157894738,76,bedrooms,1 bed
20260520_153034,20260520,Bromley,46,2350.0,2392.391304347826,1700.0,3500.0,2653.0,2521.6216216216217,37,bedrooms,3 bed
20260520_153034,20260520,Bromley,29,3250.0,3402.655172413793,2400.0,7500.0,3317.5,3414.576923076923,26,bedrooms,4 bed
20260520_153034,20260520,Bromley,20,4500.0,5447.25,2700.0,11000.0,5682.5,6012.75,16,bedrooms,5+ bed
20260520_153034,20260520,Bromley,17,1100.0,989.7058823529412,175.0,1300.0,1205.5,1150.4166666666667,12,bedrooms,Studio / 0 bed
20260520_153034,20260520,Bromley,295,1800.0,2178.4508474576273,175.0,11000.0,1995.0,2239.4430894308944,246,bills,Unknown
20260520_153034,20260520,Bromley,20,969.0,1541.9,725.0,7500.0,988.0,1170.2666666666667,15,bills,Bills included
20260520_153034,20260520,Bromley,315,1800.0,2138.0349206349206,175.0,11000.0,1961.0,2177.9961685823755,261,build_to_rent,Not build to rent
20260520_153034,20260520,Bromley,269,1800.0,2160.4312267657992,175.0,11000.0,1903.0,2175.7589285714284,224,deposit,Deposit listed
20260520_153034,20260520,Bromley,46,1800.0,2007.0652173913043,750.0,4500.0,2076.0,2191.5405405405404,37,deposit,Zero deposit
20260520_153034,20260520,Bromley,197,1800.0,2107.3350253807107,1050.0,11000.0,1962.0,2188.6993865030677,163,furnish_type,Unfurnished
20260520_153034,20260520,Bromley,45,1900.0,2376.4666666666667,175.0,6500.0,1874.0,2149.5,36,furnish_type,Ask agent
20260520_153034,20260520,Bromley,39,1400.0,1910.974358974359,650.0,7500.0,1269.0,1764.8709677419354,31,furnish_type,Furnished
20260520_153034,20260520,Bromley,17,2000.0,2334.823529411765,1100.0,3750.0,2304.0,2590.75,16,furnish_type,"Furnished or unfurnished, landlord is flexible"
20260520_153034,20260520,Bromley,17,1850.0,2186.764705882353,900.0,4250.0,2134.0,2543.6,15,furnish_type,Part furnished
20260520_153034,20260520,Bromley,307,1800.0,2137.9609120521172,175.0,11000.0,1950.0,2170.0434782608695,253,investment_opportunity,Unknown
20260520_153034,20260520,Bromley,8,1925.0,2140.875,1500.0,3727.0,2117.0,2429.5,8,investment_opportunity,Investment opportunity
20260520_153034,20260520,Bromley,315,1800.0,2138.0349206349206,175.0,11000.0,1961.0,2177.9961685823755,261,let_type,Unknown
20260520_153034,20260520,Bromley,264,1792.5,1955.371212121212,175.0,7500.0,1961.0,2034.7214611872146,219,luxury,Unknown
20260520_153034,20260520,Bromley,51,2200.0,3083.5882352941176,650.0,11000.0,2038.0,2925.0714285714284,42,luxury,Luxury
20260520_153034,20260520,Bromley,315,1800.0,2138.0349206349206,175.0,11000.0,1961.0,2177.9961685823755,261,online_viewings,No online viewing flag
20260520_153034,20260520,Bromley,289,1800.0,2173.5397923875435,175.0,11000.0,1987.5,2245.813559322034,236,pets,Unknown
20260520_153034,20260520,Bromley,14,1194.0,1418.0714285714287,750.0,2700.0,1094.5,1314.7142857142858,14,pets,No pets
20260520_153034,20260520,Bromley,12,1550.0,2122.9166666666665,850.0,7500.0,1615.0,1821.7272727272727,11,pets,Pets mentioned
20260520_153034,20260520,Bromley,232,1800.0,2148.3836206896553,175.0,11000.0,1961.5,2199.540404040404,198,price_reduced,Not reduced
20260520_153034,20260520,Bromley,83,1700.0,2109.10843373494,750.0,7500.0,1903.0,2110.285714285714,63,price_reduced,Price reduced
20260520_153034,20260520,Bromley,119,1650.0,1709.8319327731092,650.0,3500.0,1785.5,1756.6632653061224,98,property_type,Flat
20260520_153034,20260520,Bromley,61,1700.0,1771.1475409836066,1250.0,3300.0,1873.0,1715.5862068965516,58,property_type,Apartment
20260520_153034,20260520,Bromley,24,4500.0,5081.458333333333,1833.0,11000.0,5048.0,5556.888888888889,18,property_type,Detached
20260520_153034,20260520,Bromley,24,2150.0,2329.1666666666665,1650.0,4250.0,2567.0,2616.3333333333335,18,property_type,Terraced
20260520_153034,20260520,Bromley,19,2575.0,2836.842105263158,725.0,6000.0,2884.0,2633.4444444444443,18,property_type,House
20260520_153034,20260520,Bromley,16,2600.0,2612.5,1800.0,3750.0,2884.0,2580.769230769231,13,property_type,Semi-Detached
20260520_153034,20260520,Bromley,13,895.0,879.8461538461538,750.0,1100.0,926.5,905.4,10,property_type,House Share
20260520_153034,20260520,Bromley,11,1650.0,1704.5454545454545,1150.0,2000.0,1961.0,1977.5714285714287,7,property_type,Maisonette
20260520_153034,20260520,Bromley,7,1200.0,1135.7142857142858,850.0,1300.0,1297.5,1286.3333333333333,6,property_type,Studio
20260520_153034,20260520,Bromley,3,2950.0,2933.3333333333335,2100.0,3750.0,3230.0,3326.6666666666665,3,property_type,End of Terrace
20260520_153034,20260520,Bromley,3,1800.0,1933.3333333333333,1500.0,2500.0,2507.0,2507.0,2,property_type,Ground Flat
20260520_153034,20260520,Bromley,3,3958.0,3819.3333333333335,2500.0,5000.0,,,0,property_type,Not Specified
20260520_153034,20260520,Bromley,2,2472.5,2472.5,2350.0,2595.0,2653.0,2653.0,2,property_type,Bungalow
20260520_153034,20260520,Bromley,2,237.5,237.5,175.0,300.0,347.0,347.0,1,property_type,Garages
20260520_153034,20260520,Bromley,2,1887.5,1887.5,1575.0,2200.0,2206.5,2206.5,2,property_type,Penthouse
20260520_153034,20260520,Bromley,2,1312.5,1312.5,1075.0,1550.0,1312.5,1312.5,2,property_type,Retirement Property
20260520_153034,20260520,Bromley,2,4175.0,4175.0,2600.0,5750.0,4815.0,4815.0,2,property_type,Town House
20260520_153034,20260520,Bromley,1,3250.0,3250.0,3250.0,3250.0,,,0,property_type,Detached Bungalow
20260520_153034,20260520,Bromley,1,800.0,800.0,800.0,800.0,800.0,800.0,1,property_type,Flat Share
20260520_153034,20260520,Bromley,292,1800.0,2169.8390410958905,175.0,11000.0,2013.0,2236.6359832635985,239,student_suitable,Not student suitable
20260520_153034,20260520,Bromley,23,1400.0,1734.2608695652175,650.0,7500.0,1557.5,1540.9545454545455,22,student_suitable,Student suitable
20260520_153034,20260520,Bromley,269,1800.0,2160.4312267657992,175.0,11000.0,1903.0,2175.7589285714284,224,zero_deposit,Unknown
20260520_153034,20260520,Bromley,46,1800.0,2007.0652173913043,750.0,4500.0,2076.0,2191.5405405405404,37,zero_deposit,Zero deposit
20260520_153034,20260520,Camden,610,3500.0,4182.367213114754,1902.0,83417.0,3462.0,4132.290721649484,485,bedrooms,2 bed
20260520_153034,20260520,Camden,523,2500.0,2920.818355640535,650.0,23118.0,2499.5,2677.105670103093,388,bedrooms,1 bed
20260520_153034,20260520,Camden,428,5633.0,6361.039719626168,2150.0,30000.0,5849.5,6560.009259259259,324,bedrooms,3 bed
20260520_153034,20260520,Camden,276,1799.0,1871.2427536231885,195.0,5840.0,1846.0,1853.6486486486488,185,bedrooms,Studio / 0 bed
20260520_153034,20260520,Camden,180,7591.5,9618.81111111111,1000.0,43333.0,6918.0,9625.82962962963,135,bedrooms,4 bed
20260520_153034,20260520,Camden,62,11240.5,20320.548387096773,3950.0,151667.0,9346.0,19199.274509803923,51,bedrooms,5+ bed
20260520_153034,20260520,Camden,1924,3534.0,5089.3477130977135,195.0,151667.0,3460.0,5107.365293720459,1481,bills,Unknown
20260520_153034,20260520,Camden,151,2427.0,3332.4701986754967,795.0,20150.0,1975.0,2598.5301204819275,83,bills,Bills included
20260520_153034,20260520,Camden,4,3396.0,3493.0,2680.0,4500.0,2250.0,2552.5,4,bills,Bills excluded
20260520_153034,20260520,Camden,2059,3500.0,4967.263234579893,195.0,151667.0,3300.0,4984.431788931789,1554,build_to_rent,Not build to rent
20260520_153034,20260520,Camden,20,4037.5,4074.25,1650.0,7925.0,2174.5,3149.214285714286,14,build_to_rent,Build to rent
20260520_153034,20260520,Camden,2046,3500.0,4970.995112414467,195.0,151667.0,3288.0,4978.72012987013,1540,deposit,Deposit listed
20260520_153034,20260520,Camden,28,2950.0,3614.8928571428573,1898.0,7497.0,3403.5,4380.964285714285,28,deposit,Zero deposit
20260520_153034,20260520,Camden,5,6066.0,7441.4,5633.0,11375.0,,,0,deposit,Deposit not listed
20260520_153034,20260520,Camden,1004,3300.0,4375.789840637451,750.0,151667.0,3288.0,4648.117486338798,732,furnish_type,Furnished
20260520_153034,20260520,Camden,400,3467.0,4993.3025,217.0,52000.0,3231.0,4888.405099150142,353,furnish_type,Unfurnished
20260520_153034,20260520,Camden,300,3864.0,6452.18,217.0,62833.0,2885.0,4585.460176991151,226,furnish_type,Ask agent
20260520_153034,20260520,Camden,284,4312.0,5720.894366197183,195.0,43333.0,4750.0,6976.486338797814,183,furnish_type,"Furnished or unfurnished, landlord is flexible"
20260520_153034,20260520,Camden,86,2937.5,3731.0581395348836,650.0,12500.0,3443.5,4714.27027027027,74,furnish_type,Part furnished
20260520_153034,20260520,Camden,5,6066.0,7441.4,5633.0,11375.0,,,0,furnish_type,Unknown
20260520_153034,20260520,Camden,1970,3498.0,5009.064467005076,195.0,151667.0,3288.0,5049.252518468771,1489,investment_opportunity,Unknown
20260520_153034,20260520,Camden,109,3600.0,4047.9174311926604,1000.0,28166.0,3461.0,3437.4556962025317,79,investment_opportunity,Investment opportunity
20260520_153034,20260520,Camden,2079,3500.0,4958.672438672439,195.0,151667.0,3289.0,4968.0459183673465,1568,let_type,Unknown
20260520_153034,20260520,Camden,1565,3250.0,4214.7303514377,195.0,65000.0,3173.0,4151.20463960232,1207,luxury,Unknown
20260520_153034,20260520,Camden,514,4524.0,7223.787937743191,433.0,151667.0,4153.0,7699.146814404432,361,luxury,Luxury
20260520_153034,20260520,Camden,2079,3500.0,4958.672438672439,195.0,151667.0,3289.0,4968.0459183673465,1568,online_viewings,No online viewing flag
20260520_153034,20260520,Camden,1946,3467.0,4968.2209660842755,195.0,151667.0,3288.0,4988.053778080327,1469,pets,Unknown
20260520_153034,20260520,Camden,103,5000.0,5389.922330097087,1750.0,16250.0,4750.0,5566.565217391304,69,pets,Pets mentioned
20260520_153034,20260520,Camden,30,2447.5,2858.6666666666665,975.0,8333.0,2341.5,2611.733333333333,30,pets,No pets
20260520_153034,20260520,Camden,1597,3575.0,5040.701941139637,195.0,83417.0,3461.0,5075.406462585034,1176,price_reduced,Not reduced
20260520_153034,20260520,Camden,482,3250.0,4686.885892116183,217.0,151667.0,3000.0,4645.964285714285,392,price_reduced,Price reduced
20260520_153034,20260520,Camden,990,3250.0,4088.2767676767676,1095.0,52000.0,3175.0,3942.634448574969,807,property_type,Flat
20260520_153034,20260520,Camden,604,3800.0,5020.798013245033,1000.0,83417.0,3807.0,5432.820143884892,417,property_type,Apartment
20260520_153034,20260520,Camden,153,1885.0,1964.8954248366013,750.0,5840.0,1823.0,1872.54,100,property_type,Studio
20260520_153034,20260520,Camden,68,7498.5,8651.70588235294,2750.0,21666.0,8654.0,9271.593220338984,59,property_type,Terraced
20260520_153034,20260520,Camden,46,3771.0,4274.760869565217,900.0,13866.0,3778.5,4067.7,40,property_type,Maisonette
20260520_153034,20260520,Camden,40,8582.5,9796.375,2450.0,41167.0,5769.0,7817.448275862069,29,property_type,House
20260520_153034,20260520,Camden,29,11375.0,12941.206896551725,3000.0,52000.0,11752.5,13827.45,20,property_type,Penthouse
20260520_153034,20260520,Camden,28,12749.5,24954.071428571428,5000.0,151667.0,17653.5,36514.142857142855,14,property_type,Detached
20260520_153034,20260520,Camden,23,1000.0,1079.8695652173913,650.0,1712.0,1000.0,784.9473684210526,19,property_type,House Share
20260520_153034,20260520,Camden,17,3000.0,4445.058823529412,433.0,21750.0,1903.5,2977.875,16,property_type,Not Specified
20260520_153034,20260520,Camden,14,13150.5,14789.07142857143,2900.0,35750.0,8077.0,15873.545454545454,11,property_type,Semi-Detached
20260520_153034,20260520,Camden,11,8667.0,9125.181818181818,4795.0,13498.0,9900.0,7946.222222222223,9,property_type,End of Terrace
20260520_153034,20260520,Camden,11,1049.0,1190.3636363636363,795.0,2210.0,1096.0,1132.7142857142858,7,property_type,Flat Share
20260520_153034,20260520,Camden,9,6067.0,6016.222222222223,2925.0,11982.0,,,0,property_type,Serviced Apartments
20260520_153034,20260520,Camden,8,285.0,284.25,195.0,416.0,357.0,357.0,1,property_type,Garages
20260520_153034,20260520,Camden,6,9998.5,14491.166666666666,6283.0,41167.0,13846.0,9230.666666666666,3,property_type,Town House
20260520_153034,20260520,Camden,5,6500.0,5258.0,1800.0,6500.0,3917.5,4208.75,4,property_type,Cottage
20260520_153034,20260520,Camden,5,6500.0,7170.0,4350.0,12000.0,9000.0,9173.0,5,property_type,Mews
20260520_153034,20260520,Camden,4,2575.0,2593.75,1375.0,3850.0,2538.0,2509.0,3,property_type,Ground Flat
20260520_153034,20260520,Camden,3,11500.0,9596.666666666666,3792.0,13498.0,8000.0,8000.0,2,property_type,Duplex
20260520_153034,20260520,Camden,2,2900.0,2900.0,2300.0,3500.0,,,0,property_type,Block of Apartments
20260520_153034,20260520,Camden,2,2166.5,2166.5,325.0,4008.0,187.5,187.5,2,property_type,Parking
20260520_153034,20260520,Camden,1,1950.0,1950.0,1950.0,1950.0,,,0,property_type,Private Halls
20260520_153034,20260520,Camden,1758,3600.0,5204.4271899886235,195.0,151667.0,3430.0,5230.54347826087,1334,student_suitable,Not student suitable
20260520_153034,20260520,Camden,321,3012.0,3612.7632398753894,750.0,83417.0,2925.0,3471.58547008547,234,student_suitable,Student suitable
20260520_153034,20260520,Camden,2051,3500.0,4977.0175524134565,195.0,151667.0,3288.0,4978.72012987013,1540,zero_deposit,Unknown
20260520_153034,20260520,Camden,28,2950.0,3614.8928571428573,1898.0,7497.0,3403.5,4380.964285714285,28,zero_deposit,Zero deposit
20260520_153034,20260520,City of London,76,3358.0,3614.25,2210.0,16683.0,3687.5,3703.0344827586205,58,bedrooms,1 bed
20260520_153034,20260520,City of London,51,4000.0,4799.0392156862745,2500.0,12177.0,4355.0,5211.214285714285,42,bedrooms,2 bed
20260520_153034,20260520,City of London,33,2400.0,2509.6060606060605,1300.0,3750.0,2769.0,2777.6666666666665,27,bedrooms,Studio / 0 bed
20260520_153034,20260520,City of London,15,11917.0,10900.0,4010.0,20000.0,12500.0,12467.272727272728,11,bedrooms,3 bed
20260520_153034,20260520,City of London,5,30333.0,27776.8,5200.0,47667.0,7200.0,29610.0,5,bedrooms,4 bed
20260520_153034,20260520,City of London,169,3500.0,4842.08875739645,1300.0,47667.0,3836.0,5352.485074626866,134,bills,Unknown
20260520_153034,20260520,City of London,11,7583.0,7847.454545454545,3467.0,20000.0,8750.0,8511.222222222223,9,bills,Bills included
20260520_153034,20260520,City of London,180,3573.5,5025.75,1300.0,47667.0,4000.0,5551.286713286713,143,build_to_rent,Not build to rent
20260520_153034,20260520,City of London,177,3550.0,5029.107344632768,1300.0,47667.0,3900.0,5542.664285714286,140,deposit,Deposit listed
20260520_153034,20260520,City of London,3,4983.0,4827.666666666667,3500.0,6000.0,6900.0,5953.666666666667,3,deposit,Zero deposit
20260520_153034,20260520,City of London,129,3501.0,5168.961240310077,1700.0,47667.0,4035.0,6077.3,100,furnish_type,Furnished
20260520_153034,20260520,City of London,22,4000.0,4383.681818181818,2100.0,8233.0,3543.5,3867.5454545454545,22,furnish_type,Unfurnished
20260520_153034,20260520,City of London,13,3650.0,4593.7692307692305,1300.0,13000.0,4270.0,3320.4285714285716,7,furnish_type,Ask agent
20260520_153034,20260520,City of London,11,3683.0,5402.454545454545,1900.0,14300.0,3855.0,5503.0,10,furnish_type,"Furnished or unfurnished, landlord is flexible"
20260520_153034,20260520,City of London,5,2496.0,4450.4,2097.0,11917.0,3287.5,5686.25,4,furnish_type,Part furnished
20260520_153034,20260520,City of London,171,3550.0,4931.491228070176,1300.0,47667.0,3925.0,5594.262773722628,137,investment_opportunity,Unknown
20260520_153034,20260520,City of London,9,3683.0,6816.666666666667,2700.0,30333.0,4437.5,4570.0,6,investment_opportunity,Investment opportunity
20260520_153034,20260520,City of London,180,3573.5,5025.75,1300.0,47667.0,4000.0,5551.286713286713,143,let_type,Unknown
20260520_153034,20260520,City of London,91,3800.0,5979.527472527472,1700.0,47667.0,4384.0,6658.042857142857,70,luxury,Luxury
20260520_153034,20260520,City of London,89,3199.0,4050.5393258426966,1300.0,47667.0,3125.0,4490.013698630137,73,luxury,Unknown
20260520_153034,20260520,City of London,180,3573.5,5025.75,1300.0,47667.0,4000.0,5551.286713286713,143,online_viewings,No online viewing flag
20260520_153034,20260520,City of London,174,3598.5,5086.16091954023,1700.0,47667.0,4000.0,5597.18115942029,138,pets,Unknown
20260520_153034,20260520,City of London,4,2000.0,1877.5,1300.0,2210.0,2423.0,2474.3333333333335,3,pets,No pets
20260520_153034,20260520,City of London,2,6066.5,6066.5,5200.0,6933.0,7000.0,7000.0,2,pets,Pets mentioned
20260520_153034,20260520,City of London,147,3500.0,5109.476190476191,1300.0,47667.0,4016.0,5751.362068965517,116,price_reduced,Not reduced
20260520_153034,20260520,City of London,33,4000.0,4652.787878787879,1850.0,13000.0,3462.0,4691.7037037037035,27,price_reduced,Price reduced
20260520_153034,20260520,City of London,83,3683.0,4783.939759036145,1300.0,30333.0,4250.0,4964.701754385965,57,property_type,Apartment
20260520_153034,20260520,City of London,73,3600.0,5686.86301369863,1850.0,47667.0,3690.0,6610.522388059701,67,property_type,Flat
20260520_153034,20260520,City of London,13,2145.0,2255.076923076923,1700.0,2900.0,2475.0,2614.181818181818,11,property_type,Studio
20260520_153034,20260520,City of London,3,7583.0,6661.0,3650.0,8750.0,8750.0,8378.333333333334,3,property_type,Penthouse
20260520_153034,20260520,City of London,2,4000.0,4000.0,4000.0,4000.0,2000.0,2000.0,2,property_type,Detached
20260520_153034,20260520,City of London,2,3467.0,3467.0,3467.0,3467.0,2400.0,2400.0,2,property_type,Maisonette
20260520_153034,20260520,City of London,2,9447.0,9447.0,6717.0,12177.0,,,0,property_type,Serviced Apartments
20260520_153034,20260520,City of London,1,4750.0,4750.0,4750.0,4750.0,,,0,property_type,Duplex
20260520_153034,20260520,City of London,1,4550.0,4550.0,4550.0,4550.0,5250.0,5250.0,1,property_type,House
20260520_153034,20260520,City of London,168,3600.0,5099.714285714285,1700.0,47667.0,4000.0,5660.154411764706,136,student_suitable,Not student suitable
20260520_153034,20260520,City of London,12,3278.5,3990.25,1300.0,12177.0,3680.0,3436.1428571428573,7,student_suitable,Student suitable
20260520_153034,20260520,City of London,177,3550.0,5029.107344632768,1300.0,47667.0,3900.0,5542.664285714286,140,zero_deposit,Unknown
20260520_153034,20260520,City of London,3,4983.0,4827.666666666667,3500.0,6000.0,6900.0,5953.666666666667,3,zero_deposit,Zero deposit
20260520_153034,20260520,Croydon,246,1750.0,1790.3089430894308,1350.0,3570.0,1962.0,1953.75,204,bedrooms,2 bed
20260520_153034,20260520,Croydon,219,1350.0,1313.3972602739725,650.0,2660.0,1500.0,1294.2072538860104,193,bedrooms,1 bed
20260520_153034,20260520,Croydon,146,1100.0,1075.3561643835617,80.0,2917.0,1.0,518.4772727272727,132,bedrooms,Studio / 0 bed
20260520_153034,20260520,Croydon,111,2300.0,2392.954954954955,800.0,4000.0,2538.0,2313.423529411765,85,bedrooms,3 bed
20260520_153034,20260520,Croydon,41,2950.0,3019.390243902439,2500.0,3500.0,3288.0,3049.9142857142856,35,bedrooms,4 bed
20260520_153034,20260520,Croydon,24,3847.5,3863.5416666666665,780.0,9500.0,4270.0,4368.304347826087,23,bedrooms,5+ bed
20260520_153034,20260520,Croydon,670,1700.0,1862.5,80.0,9500.0,1846.0,1922.454382826476,559,bills,Unknown
20260520_153034,20260520,Croydon,116,995.0,1013.9224137931035,650.0,3000.0,1.0,393.13392857142856,112,bills,Bills included
20260520_153034,20260520,Croydon,1,1700.0,1700.0,1700.0,1700.0,1962.0,1962.0,1,bills,Bills excluded
20260520_153034,20260520,Croydon,738,1600.0,1727.9959349593496,80.0,9500.0,1730.0,1688.8257575757575,660,build_to_rent,Not build to rent
20260520_153034,20260520,Croydon,49,1787.0,1876.1020408163265,1050.0,2975.0,0.0,501.6666666666667,12,build_to_rent,Build to rent
20260520_153034,20260520,Croydon,715,1600.0,1737.1468531468531,80.0,9500.0,1730.0,1678.7425742574258,606,deposit,Deposit listed
20260520_153034,20260520,Croydon,69,1600.0,1743.1884057971015,650.0,4000.0,1615.0,1565.560606060606,66,deposit,Zero deposit
20260520_153034,20260520,Croydon,3,1700.0,1616.6666666666667,950.0,2200.0,,,0,deposit,Deposit not listed
20260520_153034,20260520,Croydon,357,1700.0,1857.7535014005603,80.0,4500.0,1903.0,1963.3490566037735,318,furnish_type,Unfurnished
20260520_153034,20260520,Croydon,251,1250.0,1478.2948207171314,650.0,9500.0,900.0,1078.6651162790697,215,furnish_type,Furnished
20260520_153034,20260520,Croydon,69,1600.0,1813.463768115942,80.0,4000.0,1730.0,1836.280701754386,57,furnish_type,Ask agent
20260520_153034,20260520,Croydon,54,1823.0,1932.388888888889,693.0,4000.0,1903.0,1966.878048780488,41,furnish_type,"Furnished or unfurnished, landlord is flexible"
20260520_153034,20260520,Croydon,53,1698.0,1860.2264150943397,825.0,4000.0,1846.0,1928.7073170731708,41,furnish_type,Part furnished
20260520_153034,20260520,Croydon,3,1700.0,1616.6666666666667,950.0,2200.0,,,0,furnish_type,Unknown
20260520_153034,20260520,Croydon,741,1600.0,1748.689608636977,80.0,9500.0,1730.0,1672.3933121019109,628,investment_opportunity,Unknown
20260520_153034,20260520,Croydon,46,1437.5,1552.4130434782608,690.0,2850.0,1615.0,1599.590909090909,44,investment_opportunity,Investment opportunity
20260520_153034,20260520,Croydon,787,1600.0,1737.2172808132148,80.0,9500.0,1725.0,1667.626488095238,672,let_type,Unknown
20260520_153034,20260520,Croydon,629,1550.0,1662.4403815580285,80.0,9500.0,1615.0,1607.6170598911071,551,luxury,Unknown
20260520_153034,20260520,Croydon,158,1847.5,2034.9050632911392,650.0,4500.0,1903.0,1940.892561983471,121,luxury,Luxury
20260520_153034,20260520,Croydon,787,1600.0,1737.2172808132148,80.0,9500.0,1725.0,1667.626488095238,672,online_viewings,No online viewing flag
20260520_153034,20260520,Croydon,709,1600.0,1721.543018335684,80.0,9500.0,1673.0,1659.9303079416532,617,pets,Unknown
20260520_153034,20260520,Croydon,52,1988.0,2063.903846153846,900.0,3500.0,1817.0,1940.6896551724137,29,pets,Pets mentioned
20260520_153034,20260520,Croydon,26,1575.0,1511.2692307692307,693.0,3000.0,1640.0,1545.6923076923076,26,pets,No pets
20260520_153034,20260520,Croydon,515,1650.0,1797.7766990291261,80.0,9500.0,1730.5,1825.854761904762,420,price_reduced,Not reduced
20260520_153034,20260520,Croydon,272,1550.0,1622.5551470588234,650.0,4000.0,1612.5,1403.9126984126983,252,price_reduced,Price reduced
20260520_153034,20260520,Croydon,278,1617.5,1670.273381294964,770.0,3360.0,1846.0,1828.073732718894,217,property_type,Flat
20260520_153034,20260520,Croydon,174,1650.0,1659.212643678161,950.0,2840.0,1802.5,1676.9657534246576,146,property_type,Apartment
20260520_153034,20260520,Croydon,102,1100.0,1074.764705882353,700.0,1787.0,1.0,353.06060606060606,99,property_type,Studio
20260520_153034,20260520,Croydon,46,2325.0,2415.2391304347825,800.0,4500.0,2509.0,2467.2954545454545,44,property_type,Terraced
20260520_153034,20260520,Croydon,38,845.0,1092.4473684210527,650.0,9500.0,895.0,1109.1351351351352,37,property_type,House Share
20260520_153034,20260520,Croydon,34,2525.0,2398.823529411765,750.0,4500.0,2365.0,2329.6129032258063,31,property_type,House
20260520_153034,20260520,Croydon,25,3000.0,2649.8,750.0,4500.0,3346.0,3023.76,25,property_type,Detached
20260520_153034,20260520,Croydon,24,2625.0,2731.0,1450.0,4000.0,2650.0,2439.470588235294,17,property_type,Semi-Detached
20260520_153034,20260520,Croydon,16,2450.0,2750.0,1750.0,4250.0,2538.0,2683.266666666667,15,property_type,End of Terrace
20260520_153034,20260520,Croydon,16,1450.0,1535.9375,1100.0,2200.0,1525.0,1389.5,16,property_type,Maisonette
20260520_153034,20260520,Croydon,8,2780.0,2876.875,2250.0,3570.0,3000.0,3211.3333333333335,3,property_type,Retirement Property
20260520_153034,20260520,Croydon,6,1375.0,1975.0,1300.0,3250.0,1557.0,1984.4,5,property_type,Ground Flat
20260520_153034,20260520,Croydon,4,975.0,962.5,900.0,1000.0,1048.0,1037.5,4,property_type,Flat Share
20260520_153034,20260520,Croydon,4,3300.0,3273.75,2500.0,3995.0,3439.5,3439.5,2,property_type,Town House
20260520_153034,20260520,Croydon,3,3250.0,2900.0,2200.0,3250.0,3250.0,2566.6666666666665,3,property_type,Bungalow
20260520_153034,20260520,Croydon,3,80.0,303.3333333333333,80.0,750.0,100.0,66.66666666666667,3,property_type,Not Specified
20260520_153034,20260520,Croydon,3,1900.0,1800.0,1500.0,2000.0,1730.0,1346.0,3,property_type,Penthouse
20260520_153034,20260520,Croydon,2,125.0,125.0,80.0,170.0,138.5,138.5,2,property_type,Parking
20260520_153034,20260520,Croydon,1,2917.0,2917.0,2917.0,2917.0,,,0,property_type,Garages
20260520_153034,20260520,Croydon,627,1650.0,1841.842105263158,80.0,9500.0,1846.0,1900.2616822429907,535,student_suitable,Not student suitable
20260520_153034,20260520,Croydon,160,1100.0,1327.21875,694.0,3995.0,1.0,759.1605839416059,137,student_suitable,Student suitable
20260520_153034,20260520,Croydon,718,1600.0,1736.643454038997,80.0,9500.0,1730.0,1678.7425742574258,606,zero_deposit,Unknown
20260520_153034,20260520,Croydon,69,1600.0,1743.1884057971015,650.0,4000.0,1615.0,1565.560606060606,66,zero_deposit,Zero deposit
20260520_153034,20260520,Ealing,417,2250.0,2368.4556354916067,1495.0,5500.0,2535.0,2395.954128440367,327,bedrooms,2 bed
20260520_153034,20260520,Ealing,348,1750.0,1684.1494252873563,400.0,2588.0,1903.0,1805.5289575289576,259,bedrooms,1 bed
20260520_153034,20260520,Ealing,224,1400.0,1419.3392857142858,650.0,3900.0,1529.0,1400.8273381294964,139,bedrooms,Studio / 0 bed
20260520_153034,20260520,Ealing,191,2900.0,3066.2984293193717,1995.0,10833.0,3230.0,3317.292993630573,157,bedrooms,3 bed
20260520_153034,20260520,Ealing,85,3400.0,3655.329411764706,2000.0,13433.0,3605.0,3819.5394736842104,76,bedrooms,4 bed
20260520_153034,20260520,Ealing,67,4700.0,6481.611940298508,695.0,19998.0,5365.0,7271.666666666667,57,bedrooms,5+ bed
20260520_153034,20260520,Ealing,1215,2200.0,2530.6633744855967,500.0,19998.0,2480.0,2727.6900212314226,942,bills,Unknown
20260520_153034,20260520,Ealing,117,1100.0,1261.025641025641,400.0,5503.0,1125.0,1396.2328767123288,73,bills,Bills included
20260520_153034,20260520,Ealing,1232,2199.0,2460.8871753246754,400.0,19998.0,2310.0,2635.7214934409685,991,build_to_rent,Not build to rent
20260520_153034,20260520,Ealing,100,1850.0,1904.83,1151.0,4140.0,2682.0,2475.375,24,build_to_rent,Build to rent
20260520_153034,20260520,Ealing,1279,2149.0,2420.453479280688,400.0,19998.0,2365.0,2627.722394220846,969,deposit,Deposit listed
20260520_153034,20260520,Ealing,52,2275.0,2391.076923076923,550.0,5503.0,2567.0,2720.5652173913045,46,deposit,Zero deposit
20260520_153034,20260520,Ealing,1,2200.0,2200.0,2200.0,2200.0,,,0,deposit,Deposit not listed
20260520_153034,20260520,Ealing,500,1950.0,2059.808,400.0,12000.0,2250.0,2387.6865203761754,319,furnish_type,Furnished
20260520_153034,20260520,Ealing,405,2300.0,2668.0,500.0,13433.0,2308.0,2725.9821958456973,337,furnish_type,Unfurnished
20260520_153034,20260520,Ealing,235,2200.0,2585.876595744681,675.0,19998.0,2308.0,2583.8194444444443,216,furnish_type,Ask agent
20260520_153034,20260520,Ealing,113,2300.0,2694.849557522124,700.0,14998.0,2810.0,3391.2567567567567,74,furnish_type,"Furnished or unfurnished, landlord is flexible"
20260520_153034,20260520,Ealing,78,2200.0,2531.448717948718,900.0,12000.0,2423.0,2638.014492753623,69,furnish_type,Part furnished
20260520_153034,20260520,Ealing,1,2200.0,2200.0,2200.0,2200.0,,,0,furnish_type,Unknown
20260520_153034,20260520,Ealing,1222,2150.0,2426.4525368248774,400.0,19998.0,2312.5,2644.5301075268817,930,investment_opportunity,Unknown
20260520_153034,20260520,Ealing,110,2122.5,2337.918181818182,550.0,6750.0,2423.0,2494.070588235294,85,investment_opportunity,Investment opportunity
20260520_153034,20260520,Ealing,1332,2150.0,2419.1411411411414,400.0,19998.0,2400.0,2631.9300492610837,1015,let_type,Unknown
20260520_153034,20260520,Ealing,1008,2100.0,2365.558531746032,400.0,19998.0,2307.0,2529.4612546125463,813,luxury,Unknown
20260520_153034,20260520,Ealing,324,2200.0,2585.8425925925926,850.0,13433.0,2596.0,3044.341584158416,202,luxury,Luxury
20260520_153034,20260520,Ealing,1332,2150.0,2419.1411411411414,400.0,19998.0,2400.0,2631.9300492610837,1015,online_viewings,No online viewing flag
20260520_153034,20260520,Ealing,1203,2150.0,2444.7605985037408,400.0,19998.0,2312.5,2655.786334056399,922,pets,Unknown
20260520_153034,20260520,Ealing,91,2150.0,2209.4945054945056,750.0,4500.0,2596.0,2581.2909090909093,55,pets,Pets mentioned
20260520_153034,20260520,Ealing,38,1710.0,2110.1315789473683,800.0,5950.0,1657.5,2126.3947368421054,38,pets,No pets
20260520_153034,20260520,Ealing,918,2100.0,2428.2908496732025,400.0,19998.0,2310.0,2682.6053412462907,674,price_reduced,Not reduced
20260520_153034,20260520,Ealing,414,2200.0,2398.852657004831,550.0,19998.0,2423.0,2531.768328445748,341,price_reduced,Price reduced
20260520_153034,20260520,Ealing,510,2150.0,2237.711764705882,900.0,9052.0,2310.0,2394.225581395349,430,property_type,Flat
20260520_153034,20260520,Ealing,269,2200.0,2309.4907063197024,1302.0,6750.0,2423.0,2472.8957055214723,163,property_type,Apartment
20260520_153034,20260520,Ealing,131,1450.0,1447.442748091603,700.0,2000.0,1550.0,1387.6707317073171,82,property_type,Studio
20260520_153034,20260520,Ealing,85,3050.0,3282.0588235294117,1050.0,10833.0,3461.0,3402.4473684210525,76,property_type,Terraced
20260520_153034,20260520,Ealing,80,3000.0,3776.05,400.0,19998.0,3460.0,3912.268656716418,67,property_type,House
20260520_153034,20260520,Ealing,65,3400.0,4071.276923076923,850.0,14998.0,3746.0,4545.293103448276,58,property_type,Semi-Detached
20260520_153034,20260520,Ealing,55,900.0,963.6363636363636,500.0,4300.0,1061.0,1003.4146341463414,41,property_type,House Share
20260520_153034,20260520,Ealing,42,1800.0,2022.5714285714287,1250.0,3500.0,1903.0,1977.175,40,property_type,Maisonette
20260520_153034,20260520,Ealing,24,2600.0,3830.2916666666665,945.0,13433.0,2769.0,3910.391304347826,23,property_type,End of Terrace
20260520_153034,20260520,Ealing,21,1151.0,1112.3809523809523,780.0,1279.0,1021.0,1015.5,4,property_type,Flat Share
20260520_153034,20260520,Ealing,15,3700.0,6145.266666666666,695.0,12000.0,6057.0,8991.555555555555,9,property_type,Detached
20260520_153034,20260520,Ealing,13,1900.0,1876.3076923076924,1150.0,2650.0,1788.0,1795.0,7,property_type,Ground Flat
20260520_153034,20260520,Ealing,8,1275.0,1411.875,950.0,2150.0,1400.0,1556.857142857143,7,property_type,Not Specified
20260520_153034,20260520,Ealing,5,2600.0,2694.0,2300.0,3375.0,2884.0,2884.0,1,property_type,Duplex
20260520_153034,20260520,Ealing,5,3000.0,3550.0,2800.0,5500.0,3419.0,3333.5,4,property_type,Penthouse
20260520_153034,20260520,Ealing,2,3341.0,3341.0,2500.0,4182.0,0.0,0.0,1,property_type,Town House
20260520_153034,20260520,Ealing,1,3200.0,3200.0,3200.0,3200.0,3200.0,3200.0,1,property_type,Link Detached House
20260520_153034,20260520,Ealing,1,2300.0,2300.0,2300.0,2300.0,2653.0,2653.0,1,property_type,Semi-Detached Bungalow
20260520_153034,20260520,Ealing,1217,2170.0,2463.5990139687756,500.0,19998.0,2423.0,2676.522162162162,925,student_suitable,Not student suitable
20260520_153034,20260520,Ealing,115,1675.0,1948.6608695652174,400.0,4700.0,1823.0,2173.6222222222223,90,student_suitable,Student suitable
20260520_153034,20260520,Ealing,1280,2149.5,2420.28125,400.0,19998.0,2365.0,2627.722394220846,969,zero_deposit,Unknown
20260520_153034,20260520,Ealing,52,2275.0,2391.076923076923,550.0,5503.0,2567.0,2720.5652173913045,46,zero_deposit,Zero deposit
20260520_153034,20260520,Enfield,134,1450.0,1400.910447761194,600.0,3360.0,1557.0,1480.862745098039,102,bedrooms,1 bed
20260520_153034,20260520,Enfield,118,1900.0,2133.4406779661017,520.0,5995.0,2130.0,2238.274509803922,102,bedrooms,2 bed
20260520_153034,20260520,Enfield,92,2450.0,2992.4565217391305,802.0,8800.0,2710.0,3446.246376811594,69,bedrooms,3 bed
20260520_153034,20260520,Enfield,38,1175.0,1687.421052631579,150.0,25000.0,1413.0,2126.925925925926,27,bedrooms,Studio / 0 bed
20260520_153034,20260520,Enfield,35,2795.0,3067.0,2400.0,4950.0,3173.0,3521.5,28,bedrooms,4 bed
20260520_153034,20260520,Enfield,31,8000.0,8195.032258064517,1050.0,30000.0,9115.5,10505.807692307691,26,bedrooms,5+ bed
20260520_153034,20260520,Enfield,406,2000.0,2717.4334975369457,150.0,30000.0,2192.0,3126.48,325,bills,Unknown
20260520_153034,20260520,Enfield,42,808.5,881.1666666666666,400.0,1595.0,850.0,1041.9655172413793,29,bills,Bills included
20260520_153034,20260520,Enfield,447,1900.0,2546.5145413870246,150.0,30000.0,2134.0,2957.56940509915,353,build_to_rent,Not build to rent
20260520_153034,20260520,Enfield,1,1995.0,1995.0,1995.0,1995.0,2301.0,2301.0,1,build_to_rent,Build to rent
20260520_153034,20260520,Enfield,439,1900.0,2558.6947608200458,150.0,30000.0,2134.0,2991.2753623188405,345,deposit,Deposit listed
20260520_153034,20260520,Enfield,9,1700.0,1891.111111111111,1225.0,3300.0,1961.0,1592.5555555555557,9,deposit,Zero deposit
20260520_153034,20260520,Enfield,211,2000.0,2544.729857819905,650.0,10000.0,2135.0,2784.3785310734465,177,furnish_type,Unfurnished
20260520_153034,20260520,Enfield,99,1550.0,2399.4949494949497,600.0,30000.0,1950.0,3369.986301369863,73,furnish_type,Furnished
20260520_153034,20260520,Enfield,56,2000.0,2923.75,400.0,25000.0,2135.0,3226.8837209302324,43,furnish_type,Ask agent
20260520_153034,20260520,Enfield,41,2300.0,2736.0731707317073,150.0,15000.0,2569.0,3355.625,32,furnish_type,"Furnished or unfurnished, landlord is flexible"
20260520_153034,20260520,Enfield,41,1695.0,2192.439024390244,520.0,8600.0,1650.0,2115.2758620689656,29,furnish_type,Part furnished
20260520_153034,20260520,Enfield,416,1872.5,2508.1658653846152,150.0,30000.0,2125.0,2913.09726443769,329,investment_opportunity,Unknown
20260520_153034,20260520,Enfield,32,2150.0,3027.8125,650.0,10000.0,2538.0,3516.56,25,investment_opportunity,Investment opportunity
20260520_153034,20260520,Enfield,448,1900.0,2545.2834821428573,150.0,30000.0,2134.0,2955.714689265537,354,let_type,Unknown
20260520_153034,20260520,Enfield,322,1800.0,2083.552795031056,400.0,10000.0,2000.0,2320.6386861313867,274,luxury,Unknown
20260520_153034,20260520,Enfield,126,2125.0,3725.2619047619046,150.0,30000.0,2423.0,5130.85,80,luxury,Luxury
20260520_153034,20260520,Enfield,448,1900.0,2545.2834821428573,150.0,30000.0,2134.0,2955.714689265537,354,online_viewings,No online viewing flag
20260520_153034,20260520,Enfield,425,1900.0,2576.225882352941,150.0,30000.0,2132.0,3012.5963855421687,332,pets,Unknown
20260520_153034,20260520,Enfield,18,1925.0,1867.0,600.0,3500.0,2077.0,1953.1764705882354,17,pets,No pets
20260520_153034,20260520,Enfield,5,2300.0,2357.0,1495.0,3200.0,2654.0,2587.4,5,pets,Pets mentioned
20260520_153034,20260520,Enfield,318,1900.0,2559.5471698113206,150.0,30000.0,2130.0,2986.298387096774,248,price_reduced,Not reduced
20260520_153034,20260520,Enfield,130,1950.0,2510.392307692308,600.0,10000.0,2134.5,2884.1603773584907,106,price_reduced,Price reduced
20260520_153034,20260520,Enfield,156,1750.0,1909.0192307692307,520.0,5995.0,1961.0,2079.6803278688526,122,property_type,Flat
20260520_153034,20260520,Enfield,78,1950.0,2469.846153846154,1250.0,7950.0,2135.0,2649.0142857142855,70,property_type,Apartment
20260520_153034,20260520,Enfield,37,825.0,827.027027027027,600.0,1650.0,850.0,961.125,24,property_type,House Share
20260520_153034,20260520,Enfield,34,2400.0,2347.0588235294117,650.0,3250.0,2530.0,2507.4814814814813,27,property_type,Terraced
20260520_153034,20260520,Enfield,30,8300.0,8161.533333333334,2400.0,30000.0,8500.0,10072.115384615385,26,property_type,Detached
20260520_153034,20260520,Enfield,24,2700.0,2943.5,1900.0,4300.0,2762.0,2969.909090909091,22,property_type,Semi-Detached
20260520_153034,20260520,Enfield,17,1800.0,1899.4117647058824,1350.0,2400.0,2077.0,2122.7272727272725,11,property_type,Maisonette
20260520_153034,20260520,Enfield,15,1250.0,1220.0,750.0,1400.0,1413.0,1304.9166666666667,12,property_type,Studio
20260520_153034,20260520,Enfield,14,2700.0,3430.5714285714284,2400.0,8000.0,3438.0,4244.111111111111,9,property_type,House
20260520_153034,20260520,Enfield,10,2625.0,2577.0,1950.0,3200.0,2826.0,2800.777777777778,9,property_type,End of Terrace
20260520_153034,20260520,Enfield,7,4000.0,4677.142857142857,2000.0,8800.0,4609.0,5692.142857142857,7,property_type,Penthouse
20260520_153034,20260520,Enfield,5,802.0,792.8,737.0,850.0,760.0,771.6666666666666,3,property_type,Flat Share
20260520_153034,20260520,Enfield,3,3500.0,3416.6666666666665,3250.0,3500.0,,,0,property_type,Duplex
20260520_153034,20260520,Enfield,3,1525.0,1723.3333333333333,1450.0,2195.0,1599.0,1599.0,2,property_type,Ground Flat
20260520_153034,20260520,Enfield,3,850.0,883.3333333333334,750.0,1050.0,981.0,965.6666666666666,3,property_type,House of Multiple Occupation
20260520_153034,20260520,Enfield,3,950.0,1050.0,850.0,1350.0,850.0,850.0,1,property_type,Not Specified
20260520_153034,20260520,Enfield,3,2925.0,2593.3333333333335,1495.0,3360.0,1495.0,1495.0,1,property_type,Retirement Property
20260520_153034,20260520,Enfield,2,275.0,275.0,150.0,400.0,461.0,461.0,1,property_type,Garages
20260520_153034,20260520,Enfield,1,25000.0,25000.0,25000.0,25000.0,25000.0,25000.0,1,property_type,Block of Apartments
20260520_153034,20260520,Enfield,1,4950.0,4950.0,4950.0,4950.0,6853.0,6853.0,1,property_type,Bungalow
20260520_153034,20260520,Enfield,1,2000.0,2000.0,2000.0,2000.0,2307.0,2307.0,1,property_type,Cottage
20260520_153034,20260520,Enfield,1,1350.0,1350.0,1350.0,1350.0,1555.0,1555.0,1,property_type,Detached Bungalow
20260520_153034,20260520,Enfield,416,1900.0,2574.237980769231,150.0,30000.0,2134.0,3044.033950617284,324,student_suitable,Not student suitable
20260520_153034,20260520,Enfield,32,1825.0,2168.875,600.0,10000.0,2047.0,2001.8666666666666,30,student_suitable,Student suitable
20260520_153034,20260520,Enfield,439,1900.0,2558.6947608200458,150.0,30000.0,2134.0,2991.2753623188405,345,zero_deposit,Unknown
20260520_153034,20260520,Enfield,9,1700.0,1891.111111111111,1225.0,3300.0,1961.0,1592.5555555555557,9,zero_deposit,Zero deposit
20260520_153034,20260520,Greenwich,378,2298.5,2336.6613756613756,850.0,4250.0,2538.0,2549.3173076923076,312,bedrooms,2 bed
20260520_153034,20260520,Greenwich,251,1800.0,1779.2709163346613,650.0,2700.0,2076.0,1926.111111111111,198,bedrooms,1 bed
20260520_153034,20260520,Greenwich,141,2650.0,2713.6028368794327,950.0,4500.0,2885.0,2782.9915966386557,119,bedrooms,3 bed
20260520_153034,20260520,Greenwich,54,1750.0,1652.5925925925926,75.0,2201.0,2019.0,1819.5454545454545,33,bedrooms,Studio / 0 bed
20260520_153034,20260520,Greenwich,27,3250.0,3940.740740740741,2400.0,7250.0,3480.5,4262.65,20,bedrooms,4 bed
20260520_153034,20260520,Greenwich,16,3600.0,4376.875,2500.0,9997.0,4211.0,5276.0,12,bedrooms,5+ bed
20260520_153034,20260520,Greenwich,824,2200.0,2329.7172330097087,75.0,9997.0,2423.0,2522.5882352941176,663,bills,Unknown
20260520_153034,20260520,Greenwich,43,1050.0,1359.4418604651162,650.0,3200.0,1150.0,1421.516129032258,31,bills,Bills included
20260520_153034,20260520,Greenwich,844,2200.0,2276.644549763033,75.0,9997.0,2423.0,2471.259097525473,687,build_to_rent,Not build to rent
20260520_153034,20260520,Greenwich,23,2400.0,2463.2608695652175,1745.0,3850.0,2913.0,2684.0,7,build_to_rent,Build to rent
20260520_153034,20260520,Greenwich,826,2200.0,2292.503631961259,75.0,9997.0,2423.0,2480.4191616766466,668,deposit,Deposit listed
20260520_153034,20260520,Greenwich,38,2072.5,2064.0789473684213,775.0,3250.0,2391.0,2293.1923076923076,26,deposit,Zero deposit
20260520_153034,20260520,Greenwich,3,2250.0,2033.3333333333333,1400.0,2450.0,,,0,deposit,Deposit not listed
20260520_153034,20260520,Greenwich,410,2200.0,2309.7146341463413,650.0,7250.0,2423.0,2493.7353846153846,325,furnish_type,Furnished
20260520_153034,20260520,Greenwich,278,2100.0,2224.046762589928,75.0,6300.0,2308.0,2405.0677966101694,236,furnish_type,Unfurnished
20260520_153034,20260520,Greenwich,82,2250.0,2282.7195121951218,800.0,4500.0,2365.0,2437.62,50,furnish_type,"Furnished or unfurnished, landlord is flexible"
20260520_153034,20260520,Greenwich,60,2100.0,2365.733333333333,825.0,9997.0,2308.0,2620.764705882353,51,furnish_type,Ask agent
20260520_153034,20260520,Greenwich,34,2225.0,2283.764705882353,1075.0,4600.0,2538.0,2591.96875,32,furnish_type,Part furnished
20260520_153034,20260520,Greenwich,3,2250.0,2033.3333333333333,1400.0,2450.0,,,0,furnish_type,Unknown
20260520_153034,20260520,Greenwich,808,2200.0,2283.983910891089,75.0,9997.0,2423.0,2472.2130637636083,643,investment_opportunity,Unknown
20260520_153034,20260520,Greenwich,59,2210.0,2248.8813559322034,825.0,3400.0,2480.0,2488.4313725490197,51,investment_opportunity,Investment opportunity
20260520_153034,20260520,Greenwich,867,2200.0,2281.5951557093426,75.0,9997.0,2423.0,2473.4048991354466,694,let_type,Unknown
20260520_153034,20260520,Greenwich,624,2100.0,2210.480769230769,75.0,9997.0,2300.0,2353.1800391389434,511,luxury,Unknown
20260520_153034,20260520,Greenwich,243,2400.0,2464.2098765432097,850.0,4333.0,2826.0,2809.1147540983607,183,luxury,Luxury
20260520_153034,20260520,Greenwich,867,2200.0,2281.5951557093426,75.0,9997.0,2423.0,2473.4048991354466,694,online_viewings,No online viewing flag
20260520_153034,20260520,Greenwich,775,2200.0,2279.166451612903,75.0,9997.0,2423.0,2474.6672051696282,619,pets,Unknown
20260520_153034,20260520,Greenwich,58,2485.0,2441.2241379310344,700.0,3850.0,2898.5,2712.214285714286,42,pets,Pets mentioned
20260520_153034,20260520,Greenwich,34,1950.0,2064.6470588235293,800.0,4500.0,2190.0,2145.787878787879,33,pets,No pets
20260520_153034,20260520,Greenwich,591,2200.0,2272.590524534687,650.0,9997.0,2370.0,2448.875,472,price_reduced,Not reduced
20260520_153034,20260520,Greenwich,276,2200.0,2300.876811594203,75.0,7250.0,2423.0,2525.5585585585586,222,price_reduced,Price reduced
20260520_153034,20260520,Greenwich,370,2100.0,2188.0972972972972,800.0,7250.0,2307.0,2383.064516129032,310,property_type,Flat
20260520_153034,20260520,Greenwich,276,2250.0,2360.391304347826,1150.0,7250.0,2509.5,2521.341121495327,214,property_type,Apartment
20260520_153034,20260520,Greenwich,52,2500.0,2640.0,825.0,4983.0,2855.0,2883.0238095238096,42,property_type,Terraced
20260520_153034,20260520,Greenwich,24,897.0,908.0833333333334,650.0,1250.0,1007.5,1060.35,20,property_type,House Share
20260520_153034,20260520,Greenwich,24,1621.0,1603.375,1075.0,2102.0,1326.0,1500.0,9,property_type,Studio
20260520_153034,20260520,Greenwich,21,2680.0,3245.1428571428573,1850.0,7000.0,3000.0,3569.904761904762,21,property_type,Semi-Detached
20260520_153034,20260520,Greenwich,20,2275.0,2630.3,950.0,7000.0,2567.0,2560.25,16,property_type,House
20260520_153034,20260520,Greenwich,17,2150.0,2493.529411764706,1650.0,5200.0,2365.0,2714.4285714285716,14,property_type,End of Terrace
20260520_153034,20260520,Greenwich,17,1650.0,1940.5882352941176,1100.0,4750.0,1874.5,2224.375,16,property_type,Maisonette
20260520_153034,20260520,Greenwich,11,3100.0,2863.6363636363635,1750.0,3450.0,3576.0,3303.7272727272725,11,property_type,Not Specified
20260520_153034,20260520,Greenwich,9,3500.0,4505.111111111111,1999.0,9997.0,4090.5,5205.75,4,property_type,Detached
20260520_153034,20260520,Greenwich,7,3250.0,3092.8571428571427,2350.0,3550.0,3750.0,3575.3333333333335,3,property_type,Penthouse
20260520_153034,20260520,Greenwich,5,950.0,1010.6,700.0,1408.0,1009.5,1024.5,4,property_type,Flat Share
20260520_153034,20260520,Greenwich,4,1625.0,1687.5,1500.0,2000.0,1875.5,1918.25,4,property_type,Ground Flat
20260520_153034,20260520,Greenwich,3,2650.0,2516.6666666666665,2100.0,2800.0,2423.0,2423.0,1,property_type,Duplex
20260520_153034,20260520,Greenwich,2,1075.0,1075.0,900.0,1250.0,1144.0,1144.0,2,property_type,House of Multiple Occupation
20260520_153034,20260520,Greenwich,2,77.5,77.5,75.0,80.0,,,0,property_type,Parking
20260520_153034,20260520,Greenwich,1,1586.0,1586.0,1586.0,1586.0,1586.0,1586.0,1,property_type,Bungalow
20260520_153034,20260520,Greenwich,1,3200.0,3200.0,3200.0,3200.0,3200.0,3200.0,1,property_type,Ground Maisonette
20260520_153034,20260520,Greenwich,1,3250.0,3250.0,3250.0,3250.0,3750.0,3750.0,1,property_type,Town House
20260520_153034,20260520,Greenwich,747,2200.0,2314.8366800535473,75.0,9997.0,2423.0,2518.9324546952225,607,student_suitable,Not student suitable
20260520_153034,20260520,Greenwich,120,1900.0,2074.6666666666665,700.0,4983.0,2135.0,2155.7586206896553,87,student_suitable,Student suitable
20260520_153034,20260520,Greenwich,829,2200.0,2291.5657418576598,75.0,9997.0,2423.0,2480.4191616766466,668,zero_deposit,Unknown
20260520_153034,20260520,Greenwich,38,2072.5,2064.0789473684213,775.0,3250.0,2391.0,2293.1923076923076,26,zero_deposit,Zero deposit
20260520_153034,20260520,Hackney,284,3250.0,3383.4119718309857,1800.0,7748.0,3468.5,3629.121495327103,214,bedrooms,2 bed
20260520_153034,20260520,Hackney,273,2450.0,2498.6043956043954,640.0,4340.0,2651.5,2520.201923076923,208,bedrooms,1 bed
20260520_153034,20260520,Hackney,86,3500.0,3814.732558139535,953.0,7500.0,3807.0,4151.0142857142855,70,bedrooms,3 bed
20260520_153034,20260520,Hackney,79,2076.0,2125.46835443038,250.0,4165.0,2149.5,2267.0185185185187,54,bedrooms,Studio / 0 bed
20260520_153034,20260520,Hackney,23,5000.0,5634.869565217391,1250.0,12133.0,5768.0,5880.0,20,bedrooms,4 bed
20260520_153034,20260520,Hackney,11,7495.0,8030.909090909091,3600.0,12000.0,10377.0,9815.111111111111,9,bedrooms,5+ bed
20260520_153034,20260520,Hackney,698,2950.0,3076.800859598854,250.0,12000.0,3171.5,3337.5744274809163,524,bills,Unknown
20260520_153034,20260520,Hackney,47,3100.0,3890.3617021276596,850.0,12133.0,2995.0,3564.25,40,bills,Bills included
20260520_153034,20260520,Hackney,11,2280.0,2406.818181818182,900.0,3700.0,2596.0,2572.818181818182,11,bills,Bills excluded
20260520_153034,20260520,Hackney,751,2950.0,3116.901464713715,250.0,12133.0,3116.0,3338.7130434782607,575,build_to_rent,Not build to rent
20260520_153034,20260520,Hackney,5,2850.0,3227.2,2486.0,4600.0,,,0,build_to_rent,Build to rent
20260520_153034,20260520,Hackney,748,2950.0,3120.827540106952,250.0,12133.0,3116.0,3338.1214788732395,568,deposit,Deposit listed
20260520_153034,20260520,Hackney,7,2950.0,2935.714285714286,850.0,4250.0,3403.0,3386.714285714286,7,deposit,Zero deposit
20260520_153034,20260520,Hackney,1,2000.0,2000.0,2000.0,2000.0,,,0,deposit,Deposit not listed
20260520_153034,20260520,Hackney,406,3174.0,3336.384236453202,640.0,12133.0,3462.0,3701.2983050847456,295,furnish_type,Furnished
20260520_153034,20260520,Hackney,149,2550.0,2861.181208053691,640.0,8498.0,2653.0,2877.043103448276,116,furnish_type,Unfurnished
20260520_153034,20260520,Hackney,104,2800.0,3033.826923076923,250.0,7495.0,2885.0,3068.688888888889,90,furnish_type,Ask agent
20260520_153034,20260520,Hackney,53,2750.0,2760.1132075471696,900.0,6000.0,2769.0,2874.6666666666665,42,furnish_type,"Furnished or unfurnished, landlord is flexible"
20260520_153034,20260520,Hackney,43,2300.0,2610.1627906976746,775.0,8000.0,2797.5,3038.1875,32,furnish_type,Part furnished
20260520_153034,20260520,Hackney,1,2000.0,2000.0,2000.0,2000.0,,,0,furnish_type,Unknown
20260520_153034,20260520,Hackney,702,2950.0,3119.7635327635326,250.0,12133.0,3115.0,3325.660447761194,536,investment_opportunity,Unknown
20260520_153034,20260520,Hackney,54,3038.5,3089.9074074074074,950.0,5417.0,3461.0,3518.102564102564,39,investment_opportunity,Investment opportunity
20260520_153034,20260520,Hackney,756,2950.0,3117.6309523809523,250.0,12133.0,3116.0,3338.7130434782607,575,let_type,Unknown
20260520_153034,20260520,Hackney,500,2662.5,2891.616,250.0,12000.0,2775.0,2991.368556701031,388,luxury,Unknown
20260520_153034,20260520,Hackney,256,3300.0,3559.06640625,1322.0,12133.0,3725.0,4059.4064171122996,187,luxury,Luxury
20260520_153034,20260520,Hackney,756,2950.0,3117.6309523809523,250.0,12133.0,3116.0,3338.7130434782607,575,online_viewings,No online viewing flag
20260520_153034,20260520,Hackney,733,2950.0,3123.300136425648,250.0,12133.0,3173.0,3360.8402154398564,557,pets,Unknown
20260520_153034,20260520,Hackney,12,2925.0,2958.3333333333335,1750.0,4500.0,2307.0,2156.4285714285716,7,pets,Pets mentioned
20260520_153034,20260520,Hackney,11,2300.0,2913.6363636363635,900.0,8000.0,2648.0,2970.6363636363635,11,pets,No pets
20260520_153034,20260520,Hackney,554,2990.0,3132.9476534296027,250.0,12133.0,3186.5,3427.642180094787,422,price_reduced,Not reduced
20260520_153034,20260520,Hackney,202,2862.5,3075.6237623762377,850.0,8498.0,3000.0,3093.4313725490197,153,price_reduced,Price reduced
20260520_153034,20260520,Hackney,336,2850.0,2997.9226190476193,1200.0,7748.0,3046.0,3134.4480286738353,279,property_type,Flat
20260520_153034,20260520,Hackney,277,3050.0,3162.187725631769,1400.0,7500.0,3346.0,3487.232044198895,181,property_type,Apartment
20260520_153034,20260520,Hackney,45,1772.0,1962.5555555555557,950.0,3100.0,1961.0,2144.3870967741937,31,property_type,Studio
20260520_153034,20260520,Hackney,20,3169.5,3473.7,1100.0,7495.0,3173.0,3945.315789473684,19,property_type,Maisonette
20260520_153034,20260520,Hackney,17,5200.0,6427.588235294118,2750.0,12000.0,4771.0,6106.866666666667,15,property_type,Terraced
20260520_153034,20260520,Hackney,13,895.0,925.8461538461538,640.0,1322.0,878.0,832.1818181818181,11,property_type,Flat Share
20260520_153034,20260520,Hackney,12,4225.0,4508.166666666667,1150.0,8000.0,4327.0,5071.818181818182,11,property_type,House
20260520_153034,20260520,Hackney,7,900.0,985.0,850.0,1440.0,207.0,378.57142857142856,7,property_type,House Share
20260520_153034,20260520,Hackney,4,3475.0,3400.75,2903.0,3750.0,4326.0,4114.666666666667,3,property_type,Duplex
20260520_153034,20260520,Hackney,4,4000.0,4625.0,2500.0,8000.0,7557.5,7557.5,2,property_type,End of Terrace
20260520_153034,20260520,Hackney,3,4000.0,3783.3333333333335,3200.0,4150.0,4240.0,4240.0,2,property_type,Not Specified
20260520_153034,20260520,Hackney,3,5650.0,5750.0,4600.0,7000.0,6635.0,7211.333333333333,3,property_type,Penthouse
20260520_153034,20260520,Hackney,3,6800.0,6283.333333333333,4550.0,7500.0,6923.0,7196.0,3,property_type,Semi-Detached
20260520_153034,20260520,Hackney,3,3500.0,6250.0,3250.0,12000.0,7875.0,7875.0,2,property_type,Town House
20260520_153034,20260520,Hackney,2,2600.0,2600.0,1600.0,3600.0,2999.5,2999.5,2,property_type,Ground Flat
20260520_153034,20260520,Hackney,2,600.0,600.0,250.0,950.0,673.0,673.0,2,property_type,Parking
20260520_153034,20260520,Hackney,1,5650.0,5650.0,5650.0,5650.0,7823.0,7823.0,1,property_type,Detached
20260520_153034,20260520,Hackney,1,2800.0,2800.0,2800.0,2800.0,3347.0,3347.0,1,property_type,Ground Maisonette
20260520_153034,20260520,Hackney,1,4163.0,4163.0,4163.0,4163.0,,,0,property_type,Office
20260520_153034,20260520,Hackney,1,4165.0,4165.0,4165.0,4165.0,,,0,property_type,Retail Property (high street)
20260520_153034,20260520,Hackney,1,12133.0,12133.0,12133.0,12133.0,,,0,property_type,Serviced Apartments
20260520_153034,20260520,Hackney,682,2990.0,3147.810850439883,250.0,12000.0,3173.0,3414.0504854368933,515,student_suitable,Not student suitable
20260520_153034,20260520,Hackney,74,2575.0,2839.4864864864867,640.0,12133.0,2850.0,2692.0666666666666,60,student_suitable,Student suitable
20260520_153034,20260520,Hackney,749,2950.0,3119.331108144192,250.0,12133.0,3116.0,3338.1214788732395,568,zero_deposit,Unknown
20260520_153034,20260520,Hackney,7,2950.0,2935.714285714286,850.0,4250.0,3403.0,3386.714285714286,7,zero_deposit,Zero deposit
20260520_153034,20260520,Hammersmith and Fulham,541,3650.0,3720.2661737523104,1700.0,10833.0,3462.0,3690.686320754717,424,bedrooms,2 bed
20260520_153034,20260520,Hammersmith and Fulham,410,2500.0,2510.2804878048782,760.0,10400.0,2480.0,2381.5520504731862,317,bedrooms,1 bed
20260520_153034,20260520,Hammersmith and Fulham,233,3900.0,4988.412017167382,2250.0,12500.0,4153.0,5019.659217877095,179,bedrooms,3 bed
20260520_153034,20260520,Hammersmith and Fulham,183,1625.0,1697.983606557377,800.0,4190.0,1727.5,1572.05,120,bedrooms,Studio / 0 bed
20260520_153034,20260520,Hammersmith and Fulham,91,4996.0,7566.417582417583,3000.0,26000.0,5855.5,7405.111111111111,72,bedrooms,4 bed
20260520_153034,20260520,Hammersmith and Fulham,65,8600.0,12562.615384615385,4200.0,49998.0,9000.0,12037.924528301886,53,bedrooms,5+ bed
20260520_153034,20260520,Hammersmith and Fulham,1393,3250.0,4056.829863603733,800.0,49998.0,3289.0,4084.4635272391506,1083,bills,Unknown
20260520_153034,20260520,Hammersmith and Fulham,127,1650.0,2857.3228346456694,760.0,39000.0,1705.0,1917.65,80,bills,Bills included
20260520_153034,20260520,Hammersmith and Fulham,3,2000.0,1993.3333333333333,900.0,3080.0,630.0,630.0,2,bills,Bills excluded
20260520_153034,20260520,Hammersmith and Fulham,1464,3150.0,3995.0785519125684,760.0,49998.0,3173.0,3932.438474870017,1154,build_to_rent,Not build to rent
20260520_153034,20260520,Hammersmith and Fulham,59,2677.0,2902.186440677966,1779.0,4710.0,3452.0,3646.5454545454545,11,build_to_rent,Build to rent
20260520_153034,20260520,Hammersmith and Fulham,1442,3150.0,4013.619278779473,760.0,49998.0,3173.0,3941.342906875544,1149,deposit,Deposit listed
20260520_153034,20260520,Hammersmith and Fulham,79,2693.0,2874.493670886076,1447.0,5742.0,2939.5,3096.4375,16,deposit,Zero deposit
20260520_153034,20260520,Hammersmith and Fulham,2,2650.0,2650.0,2000.0,3300.0,,,0,deposit,Deposit not listed
20260520_153034,20260520,Hammersmith and Fulham,776,2901.5,3490.466494845361,760.0,30000.0,3056.0,3591.336917562724,558,furnish_type,Furnished
20260520_153034,20260520,Hammersmith and Fulham,278,3483.5,4911.561151079137,900.0,49998.0,3000.0,4290.428571428572,252,furnish_type,Unfurnished
20260520_153034,20260520,Hammersmith and Fulham,204,3423.0,4369.700980392156,825.0,39000.0,3115.0,3898.5128205128203,156,furnish_type,Ask agent
20260520_153034,20260520,Hammersmith and Fulham,196,3702.5,4406.801020408163,925.0,30000.0,3950.0,4850.36301369863,146,furnish_type,"Furnished or unfurnished, landlord is flexible"
20260520_153034,20260520,Hammersmith and Fulham,67,2300.0,2769.492537313433,1300.0,11000.0,2884.0,3333.4150943396226,53,furnish_type,Part furnished
20260520_153034,20260520,Hammersmith and Fulham,2,2650.0,2650.0,2000.0,3300.0,,,0,furnish_type,Unknown
20260520_153034,20260520,Hammersmith and Fulham,1378,3146.5,3976.4724238026124,760.0,49998.0,3173.0,4028.4792060491495,1058,investment_opportunity,Unknown
20260520_153034,20260520,Hammersmith and Fulham,145,3120.0,3727.206896551724,932.0,28167.0,3115.0,2953.411214953271,107,investment_opportunity,Investment opportunity
20260520_153034,20260520,Hammersmith and Fulham,1523,3142.0,3952.740643466842,760.0,49998.0,3173.0,3929.7390557939916,1165,let_type,Unknown
20260520_153034,20260520,Hammersmith and Fulham,1057,2903.0,3607.5487228003785,760.0,30333.0,2826.0,3465.547674418605,860,luxury,Unknown
20260520_153034,20260520,Hammersmith and Fulham,466,3500.0,4735.718884120171,900.0,49998.0,4160.0,5238.606557377049,305,luxury,Luxury
20260520_153034,20260520,Hammersmith and Fulham,1523,3142.0,3952.740643466842,760.0,49998.0,3173.0,3929.7390557939916,1165,online_viewings,No online viewing flag
20260520_153034,20260520,Hammersmith and Fulham,1386,3142.0,3988.429292929293,760.0,49998.0,3173.0,3961.0793072014585,1097,pets,Unknown
20260520_153034,20260520,Hammersmith and Fulham,112,3300.0,3775.160714285714,900.0,12177.0,3624.5,3828.818181818182,44,pets,Pets mentioned
20260520_153034,20260520,Hammersmith and Fulham,25,2500.0,2769.72,1050.0,6600.0,2596.0,2682.25,24,pets,No pets
20260520_153034,20260520,Hammersmith and Fulham,1197,3200.0,3847.7719298245615,760.0,49998.0,3288.0,3891.4438264738596,899,price_reduced,Not reduced
20260520_153034,20260520,Hammersmith and Fulham,326,3000.0,4338.162576687117,825.0,39000.0,2880.0,4059.1654135338345,266,price_reduced,Price reduced
20260520_153034,20260520,Hammersmith and Fulham,761,3000.0,3462.7332457293037,1300.0,30000.0,3000.0,3506.9318936877075,602,property_type,Flat
20260520_153034,20260520,Hammersmith and Fulham,364,3375.0,3854.8763736263736,1400.0,22100.0,3692.0,4013.304,250,property_type,Apartment
20260520_153034,20260520,Hammersmith and Fulham,120,1625.0,1666.8833333333334,900.0,4190.0,1725.0,1532.7303370786517,89,property_type,Studio
20260520_153034,20260520,Hammersmith and Fulham,66,5000.0,6005.015151515152,1650.0,25000.0,5820.0,6566.181818181818,55,property_type,Terraced
20260520_153034,20260520,Hammersmith and Fulham,57,5000.0,7248.754385964912,1083.0,30333.0,4384.0,5206.239130434783,46,property_type,House
20260520_153034,20260520,Hammersmith and Fulham,47,3400.0,4272.893617021276,1100.0,25497.0,3461.0,3299.2926829268295,41,property_type,Maisonette
20260520_153034,20260520,Hammersmith and Fulham,32,6001.0,11698.09375,2300.0,49998.0,6923.0,10467.88,25,property_type,Penthouse
20260520_153034,20260520,Hammersmith and Fulham,28,1075.0,1067.5714285714287,760.0,1400.0,1255.5,1260.9375,16,property_type,House Share
20260520_153034,20260520,Hammersmith and Fulham,13,12000.0,11725.615384615385,2500.0,39000.0,9554.0,9584.444444444445,9,property_type,Detached
20260520_153034,20260520,Hammersmith and Fulham,6,10416.5,11013.833333333334,8500.0,14000.0,13000.0,14448.5,6,property_type,End of Terrace
20260520_153034,20260520,Hammersmith and Fulham,6,1875.0,2022.8333333333333,1497.0,2595.0,2192.0,2327.6,5,property_type,Ground Flat
20260520_153034,20260520,Hammersmith and Fulham,4,1923.5,1876.75,810.0,2850.0,2243.5,2177.25,4,property_type,Not Specified
20260520_153034,20260520,Hammersmith and Fulham,4,6275.0,6937.5,3200.0,12000.0,7929.0,7858.5,4,property_type,Semi-Detached
20260520_153034,20260520,Hammersmith and Fulham,4,12177.0,12175.25,12170.0,12177.0,14050.0,11240.0,4,property_type,Town House
20260520_153034,20260520,Hammersmith and Fulham,3,5499.0,5415.333333333333,4750.0,5997.0,6632.5,6632.5,2,property_type,Duplex
20260520_153034,20260520,Hammersmith and Fulham,3,3900.0,7094.0,2384.0,14998.0,2750.0,8139.666666666667,3,property_type,Mews
20260520_153034,20260520,Hammersmith and Fulham,2,6088.5,6088.5,4377.0,7800.0,0.0,0.0,2,property_type,Bungalow
20260520_153034,20260520,Hammersmith and Fulham,2,950.0,950.0,850.0,1050.0,1050.0,1050.0,1,property_type,Flat Share
20260520_153034,20260520,Hammersmith and Fulham,1,900.0,900.0,900.0,900.0,1038.0,1038.0,1,property_type,House of Multiple Occupation
20260520_153034,20260520,Hammersmith and Fulham,1374,3200.0,4076.3639010189227,810.0,49998.0,3173.0,4018.6348903717826,1049,student_suitable,Not student suitable
20260520_153034,20260520,Hammersmith and Fulham,149,2750.0,2812.751677852349,760.0,6933.0,2798.0,3125.844827586207,116,student_suitable,Student suitable
20260520_153034,20260520,Hammersmith and Fulham,1444,3150.0,4011.7306094182827,760.0,49998.0,3173.0,3941.342906875544,1149,zero_deposit,Unknown
20260520_153034,20260520,Hammersmith and Fulham,79,2693.0,2874.493670886076,1447.0,5742.0,2939.5,3096.4375,16,zero_deposit,Zero deposit
20260520_153034,20260520,Haringey,251,2383.0,2374.5418326693225,850.0,5417.0,2596.0,2507.620853080569,211,bedrooms,2 bed
20260520_153034,20260520,Haringey,220,1800.0,1803.3909090909092,499.0,3500.0,2019.0,1915.6363636363637,187,bedrooms,1 bed
20260520_153034,20260520,Haringey,101,2665.0,2831.3960396039606,780.0,5000.0,3000.0,3017.0,81,bedrooms,3 bed
20260520_153034,20260520,Haringey,78,1200.0,1239.1923076923076,150.0,2220.0,1384.0,1447.8333333333333,54,bedrooms,Studio / 0 bed
20260520_153034,20260520,Haringey,54,3600.0,4957.055555555556,2250.0,18417.0,3850.0,5733.128205128205,39,bedrooms,4 bed
20260520_153034,20260520,Haringey,36,7999.5,21483.805555555555,850.0,108333.0,6057.5,20727.46153846154,26,bedrooms,5+ bed
20260520_153034,20260520,Haringey,694,2200.5,3395.227665706052,150.0,108333.0,2423.0,3423.5790408525754,563,bills,Unknown
20260520_153034,20260520,Haringey,45,999.0,1248.7555555555555,499.0,4766.0,999.0,1185.5294117647059,34,bills,Bills included
20260520_153034,20260520,Haringey,1,4000.0,4000.0,4000.0,4000.0,4615.0,4615.0,1,bills,Bills excluded
20260520_153034,20260520,Haringey,648,2097.0,3352.7268518518517,150.0,108333.0,2250.0,3321.230326295585,521,build_to_rent,Not build to rent
20260520_153034,20260520,Haringey,92,2592.5,2651.25,1900.0,3990.0,3047.0,3143.3376623376626,77,build_to_rent,Build to rent
20260520_153034,20260520,Haringey,717,2167.0,3298.792189679219,150.0,108333.0,2400.0,3358.314335060449,579,deposit,Deposit listed
20260520_153034,20260520,Haringey,21,2100.0,2164.190476190476,900.0,3750.0,1730.0,1470.2105263157894,19,deposit,Zero deposit
20260520_153034,20260520,Haringey,2,2900.0,2900.0,1800.0,4000.0,,,0,deposit,Deposit not listed
20260520_153034,20260520,Haringey,260,2250.0,2734.8615384615387,499.0,108333.0,2488.0,3162.3823529411766,204,furnish_type,Furnished
20260520_153034,20260520,Haringey,199,2100.0,3048.396984924623,150.0,78000.0,2348.0,3748.690058479532,171,furnish_type,Unfurnished
20260520_153034,20260520,Haringey,128,2147.5,4312.1875,150.0,108333.0,2307.0,2350.376146788991,109,furnish_type,Ask agent
20260520_153034,20260520,Haringey,86,2175.0,4573.941860465116,750.0,65000.0,2363.5,4948.048387096775,62,furnish_type,"Furnished or unfurnished, landlord is flexible"
20260520_153034,20260520,Haringey,65,2100.0,2271.8153846153846,750.0,8500.0,2307.0,2370.6923076923076,52,furnish_type,Part furnished
20260520_153034,20260520,Haringey,2,2900.0,2900.0,1800.0,4000.0,,,0,furnish_type,Unknown
20260520_153034,20260520,Haringey,712,2150.0,3161.012640449438,150.0,108333.0,2376.0,3329.757785467128,578,investment_opportunity,Unknown
20260520_153034,20260520,Haringey,28,2117.5,5922.892857142857,708.0,108333.0,2336.0,2389.9,20,investment_opportunity,Investment opportunity
20260520_153034,20260520,Haringey,740,2150.0,3265.5162162162164,150.0,108333.0,2370.0,3298.3244147157193,598,let_type,Unknown
20260520_153034,20260520,Haringey,572,2000.0,2649.47027972028,150.0,108333.0,2200.0,2682.0974576271187,472,luxury,Unknown
20260520_153034,20260520,Haringey,168,2592.5,5363.005952380952,850.0,108333.0,2989.0,5606.730158730159,126,luxury,Luxury
20260520_153034,20260520,Haringey,740,2150.0,3265.5162162162164,150.0,108333.0,2370.0,3298.3244147157193,598,online_viewings,No online viewing flag
20260520_153034,20260520,Haringey,612,2097.0,3424.2369281045753,150.0,108333.0,2250.0,3418.4708333333333,480,pets,Unknown
20260520_153034,20260520,Haringey,105,2595.0,2670.9904761904763,1300.0,4500.0,2994.5,3026.581632653061,98,pets,Pets mentioned
20260520_153034,20260520,Haringey,23,1600.0,1756.304347826087,780.0,4766.0,1650.0,1746.35,20,pets,No pets
20260520_153034,20260520,Haringey,525,2250.0,3317.4914285714285,150.0,108333.0,2429.0,3056.8009153318076,437,price_reduced,Not reduced
20260520_153034,20260520,Haringey,215,2000.0,3138.6,150.0,78000.0,2149.0,3953.888198757764,161,price_reduced,Price reduced
20260520_153034,20260520,Haringey,334,2145.0,2286.505988023952,800.0,5417.0,2421.5,2500.573529411765,272,property_type,Flat
20260520_153034,20260520,Haringey,177,2105.0,2225.915254237288,850.0,4000.0,2330.5,2247.1216216216217,148,property_type,Apartment
20260520_153034,20260520,Haringey,55,1200.0,1254.1454545454546,700.0,2220.0,1384.0,1399.7954545454545,44,property_type,Studio
20260520_153034,20260520,Haringey,52,3100.0,3351.0576923076924,1650.0,8500.0,3250.0,3363.3414634146343,41,property_type,Terraced
20260520_153034,20260520,Haringey,27,3100.0,8003.259259259259,150.0,108333.0,4500.0,5437.0526315789475,19,property_type,House
20260520_153034,20260520,Haringey,25,850.0,838.68,499.0,1300.0,800.0,791.6818181818181,22,property_type,House Share
20260520_153034,20260520,Haringey,19,7500.0,6257.8421052631575,1750.0,10000.0,12115.0,8805.4,10,property_type,Semi-Detached
20260520_153034,20260520,Haringey,14,22100.0,39638.07142857143,900.0,108333.0,16615.0,42230.09090909091,11,property_type,Detached
20260520_153034,20260520,Haringey,9,3100.0,3255.0,1750.0,5500.0,2769.0,3376.3333333333335,9,property_type,Maisonette
20260520_153034,20260520,Haringey,6,2675.0,4865.833333333333,2500.0,15000.0,2792.5,2161.5,6,property_type,End of Terrace
20260520_153034,20260520,Haringey,6,2067.5,2180.8333333333335,1350.0,3600.0,2529.5,2597.5,4,property_type,Ground Flat
20260520_153034,20260520,Haringey,3,2500.0,2352.6666666666665,708.0,3850.0,3567.0,3567.0,2,property_type,Not Specified
20260520_153034,20260520,Haringey,2,1825.0,1825.0,1500.0,2150.0,1825.0,1825.0,2,property_type,Block of Apartments
20260520_153034,20260520,Haringey,2,2550.0,2550.0,2500.0,2600.0,2884.0,2884.0,1,property_type,Duplex
20260520_153034,20260520,Haringey,2,799.5,799.5,780.0,819.0,,,0,property_type,Flat Share
20260520_153034,20260520,Haringey,1,1750.0,1750.0,1750.0,1750.0,2019.0,2019.0,1,property_type,Bungalow
20260520_153034,20260520,Haringey,1,1750.0,1750.0,1750.0,1750.0,2020.0,2020.0,1,property_type,Detached Bungalow
20260520_153034,20260520,Haringey,1,150.0,150.0,150.0,150.0,250.0,250.0,1,property_type,Garages
20260520_153034,20260520,Haringey,1,1500.0,1500.0,1500.0,1500.0,1730.0,1730.0,1,property_type,Ground Maisonette
20260520_153034,20260520,Haringey,1,750.0,750.0,750.0,750.0,865.0,865.0,1,property_type,House of Multiple Occupation
20260520_153034,20260520,Haringey,1,4300.0,4300.0,4300.0,4300.0,4962.0,4962.0,1,property_type,Mews
20260520_153034,20260520,Haringey,1,5500.0,5500.0,5500.0,5500.0,7614.0,7614.0,1,property_type,Penthouse
20260520_153034,20260520,Haringey,667,2200.0,3399.584707646177,150.0,108333.0,2423.0,3470.0056074766353,535,student_suitable,Not student suitable
20260520_153034,20260520,Haringey,73,1850.0,2040.5342465753424,499.0,5500.0,1800.0,1840.3968253968253,63,student_suitable,Student suitable
20260520_153034,20260520,Haringey,719,2167.0,3297.682892906815,150.0,108333.0,2400.0,3358.314335060449,579,zero_deposit,Unknown
20260520_153034,20260520,Haringey,21,2100.0,2164.190476190476,900.0,3750.0,1730.0,1470.2105263157894,19,zero_deposit,Zero deposit
20260520_153034,20260520,Harrow,213,1850.0,1936.1408450704225,1450.0,3995.0,2116.0,2076.483870967742,186,bedrooms,2 bed
20260520_153034,20260520,Harrow,186,1400.0,1367.284946236559,600.0,2600.0,1615.0,1512.948905109489,137,bedrooms,1 bed
20260520_153034,20260520,Harrow,123,1350.0,1287.4634146341464,150.0,1675.0,1488.5,1304.0454545454545,88,bedrooms,Studio / 0 bed
20260520_153034,20260520,Harrow,103,2400.0,2554.1747572815534,940.0,11000.0,2653.0,2609.0,93,bedrooms,3 bed
20260520_153034,20260520,Harrow,50,2862.5,3085.22,2100.0,6000.0,3275.0,3544.574468085106,47,bedrooms,4 bed
20260520_153034,20260520,Harrow,38,3872.5,6794.631578947368,710.0,65000.0,4609.0,7766.783783783784,37,bedrooms,5+ bed
20260520_153034,20260520,Harrow,659,1800.0,2178.382397572079,150.0,65000.0,2076.0,2463.8613138686133,548,bills,Unknown
20260520_153034,20260520,Harrow,54,1100.0,1204.7037037037037,650.0,3399.0,1285.0,1366.575,40,bills,Bills included
20260520_153034,20260520,Harrow,702,1750.0,2111.0327635327635,150.0,65000.0,2019.0,2410.255172413793,580,build_to_rent,Not build to rent
20260520_153034,20260520,Harrow,11,1695.0,1696.6363636363637,1389.0,2350.0,0.0,863.875,8,build_to_rent,Build to rent
20260520_153034,20260520,Harrow,640,1750.0,2138.0484375,150.0,65000.0,2019.0,2409.0532110091744,545,deposit,Deposit listed
20260520_153034,20260520,Harrow,68,1487.5,1804.5441176470588,1100.0,6995.0,2076.0,2137.7906976744184,43,deposit,Zero deposit
20260520_153034,20260520,Harrow,5,1448.0,1909.6,1300.0,2900.0,,,0,deposit,Deposit not listed
20260520_153034,20260520,Harrow,306,1950.0,2184.356209150327,150.0,12000.0,2191.0,2369.595744680851,282,furnish_type,Unfurnished
20260520_153034,20260520,Harrow,223,1405.0,2006.5112107623318,650.0,65000.0,1557.0,2360.552147239264,163,furnish_type,Furnished
20260520_153034,20260520,Harrow,78,1662.5,1886.8333333333333,900.0,6995.0,1904.0,2219.016666666667,60,furnish_type,Part furnished
20260520_153034,20260520,Harrow,60,1794.0,2111.0833333333335,600.0,6500.0,2105.0,2626.6136363636365,44,furnish_type,"Furnished or unfurnished, landlord is flexible"
20260520_153034,20260520,Harrow,41,1650.0,2472.121951219512,750.0,20000.0,1673.0,2644.897435897436,39,furnish_type,Ask agent
20260520_153034,20260520,Harrow,5,1448.0,1909.6,1300.0,2900.0,,,0,furnish_type,Unknown
20260520_153034,20260520,Harrow,678,1750.0,2120.868731563422,150.0,65000.0,2019.0,2400.824686940966,559,investment_opportunity,Unknown
20260520_153034,20260520,Harrow,35,1416.0,1790.2571428571428,700.0,6000.0,1788.0,2165.448275862069,29,investment_opportunity,Investment opportunity
20260520_153034,20260520,Harrow,713,1750.0,2104.639551192146,150.0,65000.0,2019.0,2389.2159863945576,588,let_type,Unknown
20260520_153034,20260520,Harrow,595,1750.0,2078.114285714286,150.0,65000.0,2019.0,2373.129740518962,501,luxury,Unknown
20260520_153034,20260520,Harrow,118,1695.0,2238.3898305084745,650.0,12000.0,2020.0,2481.8505747126437,87,luxury,Luxury
20260520_153034,20260520,Harrow,713,1750.0,2104.639551192146,150.0,65000.0,2019.0,2389.2159863945576,588,online_viewings,No online viewing flag
20260520_153034,20260520,Harrow,678,1750.0,2112.824483775811,150.0,65000.0,2019.0,2403.0521582733813,556,pets,Unknown
20260520_153034,20260520,Harrow,18,1799.5,1766.2777777777778,700.0,3399.0,1825.0,1936.388888888889,18,pets,No pets
20260520_153034,20260520,Harrow,17,1800.0,2136.470588235294,1295.0,3500.0,2250.0,2421.9285714285716,14,pets,Pets mentioned
20260520_153034,20260520,Harrow,494,1750.0,2105.5,150.0,65000.0,2019.0,2375.5354523227384,409,price_reduced,Not reduced
20260520_153034,20260520,Harrow,219,1850.0,2102.698630136986,600.0,12000.0,2105.0,2420.4748603351954,179,price_reduced,Price reduced
20260520_153034,20260520,Harrow,214,1750.0,1811.03738317757,900.0,6000.0,1958.0,1952.7978723404256,188,property_type,Flat
20260520_153034,20260520,Harrow,137,1750.0,1851.912408759124,1200.0,11000.0,1990.5,1947.2884615384614,104,property_type,Apartment
20260520_153034,20260520,Harrow,94,1355.5,1300.531914893617,700.0,1675.0,1421.0,1249.6612903225807,62,property_type,Studio
20260520_153034,20260520,Harrow,70,2550.0,2787.3,953.0,6000.0,2884.0,3002.4328358208954,67,property_type,Semi-Detached
20260520_153034,20260520,Harrow,38,1725.0,1720.078947368421,1000.0,3000.0,1817.0,1831.65625,32,property_type,Maisonette
20260520_153034,20260520,Harrow,36,850.0,871.6666666666666,600.0,1200.0,923.0,910.24,25,property_type,House Share
20260520_153034,20260520,Harrow,36,2400.0,2412.6388888888887,1275.0,3995.0,2740.5,2731.029411764706,34,property_type,Terraced
20260520_153034,20260520,Harrow,29,4100.0,7859.827586206897,2400.0,65000.0,4750.0,9844.88,25,property_type,Detached
20260520_153034,20260520,Harrow,18,2275.0,1890.3333333333333,950.0,2800.0,2740.0,2703.0,12,property_type,End of Terrace
20260520_153034,20260520,Harrow,13,2400.0,2651.923076923077,1975.0,3750.0,2770.0,3077.3076923076924,13,property_type,House
20260520_153034,20260520,Harrow,5,1650.0,1445.0,800.0,1750.0,1904.0,1651.4,5,property_type,Ground Flat
20260520_153034,20260520,Harrow,4,1775.0,1762.5,1650.0,1850.0,1913.5,1903.0,4,property_type,Ground Maisonette
20260520_153034,20260520,Harrow,4,3037.0,2793.5,1600.0,3500.0,3807.0,3230.6666666666665,3,property_type,Penthouse
20260520_153034,20260520,Harrow,3,2450.0,2650.0,2000.0,3500.0,2827.0,2442.3333333333335,3,property_type,Bungalow
20260520_153034,20260520,Harrow,2,847.5,847.5,700.0,995.0,847.5,847.5,2,property_type,Flat Share
20260520_153034,20260520,Harrow,2,1875.0,1875.0,1400.0,2350.0,2350.0,2350.0,1,property_type,Not Specified
20260520_153034,20260520,Harrow,2,4400.0,4400.0,2500.0,6300.0,4592.0,4592.0,2,property_type,Semi-Detached Bungalow
20260520_153034,20260520,Harrow,1,2600.0,2600.0,2600.0,2600.0,3000.0,3000.0,1,property_type,Barn Conversion
20260520_153034,20260520,Harrow,1,6995.0,6995.0,6995.0,6995.0,9685.0,9685.0,1,property_type,Cottage
20260520_153034,20260520,Harrow,1,1750.0,1750.0,1750.0,1750.0,1961.0,1961.0,1,property_type,Duplex
20260520_153034,20260520,Harrow,1,150.0,150.0,150.0,150.0,173.0,173.0,1,property_type,Garages
20260520_153034,20260520,Harrow,1,1050.0,1050.0,1050.0,1050.0,1050.0,1050.0,1,property_type,House of Multiple Occupation
20260520_153034,20260520,Harrow,1,1750.0,1750.0,1750.0,1750.0,1800.0,1800.0,1,property_type,Town House
20260520_153034,20260520,Harrow,664,1750.0,2137.754518072289,150.0,65000.0,2020.0,2437.3086876155267,541,student_suitable,Not student suitable
20260520_153034,20260520,Harrow,49,1400.0,1655.8979591836735,650.0,3399.0,1615.0,1835.6382978723404,47,student_suitable,Student suitable
20260520_153034,20260520,Harrow,645,1750.0,2136.2775193798448,150.0,65000.0,2019.0,2409.0532110091744,545,zero_deposit,Unknown
20260520_153034,20260520,Harrow,68,1487.5,1804.5441176470588,1100.0,6995.0,2076.0,2137.7906976744184,43,zero_deposit,Zero deposit
20260520_153034,20260520,Havering,81,1700.0,1685.7407407407406,1400.0,2100.0,1961.0,1874.7397260273972,73,bedrooms,2 bed
20260520_153034,20260520,Havering,79,1350.0,1252.987341772152,480.0,1600.0,1494.0,1309.0985915492959,71,bedrooms,1 bed
20260520_153034,20260520,Havering,50,2200.0,2203.58,959.0,3850.0,2411.5,2323.4523809523807,42,bedrooms,3 bed
20260520_153034,20260520,Havering,35,2500.0,2545.4,879.0,3500.0,2884.0,2832.9032258064517,31,bedrooms,4 bed
20260520_153034,20260520,Havering,13,1200.0,1141.3846153846155,90.0,1448.0,1384.5,1270.9,10,bedrooms,Studio / 0 bed
20260520_153034,20260520,Havering,9,3500.0,3755.0,2495.0,6000.0,3634.0,3910.0,8,bedrooms,5+ bed
20260520_153034,20260520,Havering,248,1700.0,1865.1370967741937,90.0,6000.0,1961.0,2022.013698630137,219,bills,Unknown
20260520_153034,20260520,Havering,18,978.0,1065.4444444444443,550.0,1900.0,923.0,960.9333333333333,15,bills,Bills included
20260520_153034,20260520,Havering,1,1700.0,1700.0,1700.0,1700.0,1961.0,1961.0,1,bills,Bills excluded
20260520_153034,20260520,Havering,262,1700.0,1815.4083969465648,90.0,6000.0,1903.0,1957.4130434782608,230,build_to_rent,Not build to rent
20260520_153034,20260520,Havering,5,1565.0,1559.0,1525.0,1585.0,1805.0,1798.2,5,build_to_rent,Build to rent
20260520_153034,20260520,Havering,247,1700.0,1813.0526315789473,90.0,6000.0,1904.0,2021.8194444444443,216,deposit,Deposit listed
20260520_153034,20260520,Havering,19,1700.0,1828.5263157894738,997.0,2400.0,1759.0,1183.3157894736842,19,deposit,Zero deposit
20260520_153034,20260520,Havering,1,866.0,866.0,866.0,866.0,,,0,deposit,Deposit not listed
20260520_153034,20260520,Havering,137,1700.0,1870.7591240875913,1100.0,5500.0,1961.0,2118.2258064516127,124,furnish_type,Unfurnished
20260520_153034,20260520,Havering,44,1600.0,1758.5227272727273,90.0,4500.0,1846.0,2061.186046511628,43,furnish_type,Ask agent
20260520_153034,20260520,Havering,38,1412.5,1476.3157894736842,480.0,3850.0,1385.0,1448.3636363636363,33,furnish_type,Furnished
20260520_153034,20260520,Havering,26,1750.0,1957.0,997.0,6000.0,1932.0,1962.3,20,furnish_type,Part furnished
20260520_153034,20260520,Havering,21,1900.0,1995.952380952381,900.0,3295.0,1904.0,1390.8666666666666,15,furnish_type,"Furnished or unfurnished, landlord is flexible"
20260520_153034,20260520,Havering,1,866.0,866.0,866.0,866.0,,,0,furnish_type,Unknown
20260520_153034,20260520,Havering,230,1700.0,1814.8130434782609,90.0,6000.0,1903.0,1945.4170854271356,199,investment_opportunity,Unknown
20260520_153034,20260520,Havering,37,1600.0,1784.4594594594594,825.0,3500.0,1817.0,2001.611111111111,36,investment_opportunity,Investment opportunity
20260520_153034,20260520,Havering,266,1700.0,1814.157894736842,90.0,6000.0,1903.0,1954.0255319148937,235,let_type,Unknown
20260520_153034,20260520,Havering,1,866.0,866.0,866.0,866.0,,,0,let_type,Ask agent
20260520_153034,20260520,Havering,240,1700.0,1785.4583333333333,90.0,6000.0,1900.0,1907.714953271028,214,luxury,Unknown
20260520_153034,20260520,Havering,27,1850.0,2034.148148148148,1150.0,3700.0,2307.0,2425.9523809523807,21,luxury,Luxury
20260520_153034,20260520,Havering,267,1700.0,1810.6067415730338,90.0,6000.0,1903.0,1954.0255319148937,235,online_viewings,No online viewing flag
20260520_153034,20260520,Havering,240,1700.0,1804.9666666666667,90.0,6000.0,1903.0,1950.1004784688996,209,pets,Unknown
20260520_153034,20260520,Havering,14,1725.0,1753.5714285714287,750.0,2850.0,1933.0,1900.2142857142858,14,pets,No pets
20260520_153034,20260520,Havering,13,1585.0,1976.1538461538462,800.0,3295.0,1819.5,2085.1666666666665,12,pets,Pets mentioned
20260520_153034,20260520,Havering,185,1650.0,1790.4702702702702,90.0,6000.0,1846.0,1861.320987654321,162,price_reduced,Not reduced
20260520_153034,20260520,Havering,82,1750.0,1856.0365853658536,550.0,3500.0,1961.0,2159.753424657534,73,price_reduced,Price reduced
20260520_153034,20260520,Havering,67,1500.0,1565.3731343283582,1100.0,3850.0,1701.5,1652.9,60,property_type,Flat
20260520_153034,20260520,Havering,62,1577.5,1584.725806451613,997.0,2250.0,1796.5,1771.6153846153845,52,property_type,Apartment
20260520_153034,20260520,Havering,36,2497.5,2542.9166666666665,1450.0,6000.0,2711.0,2809.548387096774,31,property_type,Semi-Detached
20260520_153034,20260520,Havering,28,2200.0,2089.8214285714284,750.0,2615.0,2451.5,2350.75,28,property_type,Terraced
20260520_153034,20260520,Havering,16,1950.0,1990.625,550.0,5500.0,850.0,1499.375,16,property_type,House
20260520_153034,20260520,Havering,12,2750.0,2331.25,480.0,4500.0,3036.5,2484.7,10,property_type,Detached
20260520_153034,20260520,Havering,11,900.0,897.7272727272727,550.0,1200.0,950.0,938.7272727272727,11,property_type,House Share
20260520_153034,20260520,Havering,6,1750.0,1690.8333333333333,1100.0,2220.0,2018.5,1950.3333333333333,6,property_type,Maisonette
20260520_153034,20260520,Havering,5,2250.0,2540.0,1900.0,3500.0,2300.0,2745.2,5,property_type,Bungalow
20260520_153034,20260520,Havering,5,1750.0,1950.0,1700.0,2400.0,2250.0,2307.5,4,property_type,End of Terrace
20260520_153034,20260520,Havering,4,1200.0,1187.5,1100.0,1250.0,1326.5,1323.75,4,property_type,Studio
20260520_153034,20260520,Havering,3,1900.0,1916.6666666666667,1850.0,2000.0,2337.0,2337.0,2,property_type,Detached Bungalow
20260520_153034,20260520,Havering,2,919.0,919.0,879.0,959.0,,,0,property_type,Flat Share
20260520_153034,20260520,Havering,2,1375.0,1375.0,1300.0,1450.0,,,0,property_type,Ground Flat
20260520_153034,20260520,Havering,2,1450.0,1450.0,1350.0,1550.0,1565.0,1565.0,2,property_type,Ground Maisonette
20260520_153034,20260520,Havering,2,2525.0,2525.0,2300.0,2750.0,2913.0,2913.0,2,property_type,Town House
20260520_153034,20260520,Havering,1,90.0,90.0,90.0,90.0,100.0,100.0,1,property_type,Garages
20260520_153034,20260520,Havering,1,866.0,866.0,866.0,866.0,,,0,property_type,Land
20260520_153034,20260520,Havering,1,1850.0,1850.0,1850.0,1850.0,2135.0,2135.0,1,property_type,Penthouse
20260520_153034,20260520,Havering,1,2100.0,2100.0,2100.0,2100.0,,,0,property_type,Semi-Detached Bungalow
20260520_153034,20260520,Havering,245,1700.0,1821.1836734693877,90.0,6000.0,1903.0,1967.9767441860465,215,student_suitable,Not student suitable
20260520_153034,20260520,Havering,22,1500.0,1692.8181818181818,650.0,3295.0,1673.0,1804.05,20,student_suitable,Student suitable
20260520_153034,20260520,Havering,248,1700.0,1809.233870967742,90.0,6000.0,1904.0,2021.8194444444443,216,zero_deposit,Unknown
20260520_153034,20260520,Havering,19,1700.0,1828.5263157894738,997.0,2400.0,1759.0,1183.3157894736842,19,zero_deposit,Zero deposit
20260520_153034,20260520,Hillingdon,193,1400.0,1337.2072538860104,600.0,1965.0,1550.0,1405.7302631578948,152,bedrooms,1 bed
20260520_153034,20260520,Hillingdon,184,1850.0,1905.320652173913,1250.0,3800.0,2076.0,2031.9507042253522,142,bedrooms,2 bed
20260520_153034,20260520,Hillingdon,108,2300.0,2384.435185185185,1563.0,4500.0,2538.0,2544.088888888889,90,bedrooms,3 bed
20260520_153034,20260520,Hillingdon,93,1150.0,1141.1075268817203,100.0,3000.0,1269.0,1334.3529411764705,68,bedrooms,Studio / 0 bed
20260520_153034,20260520,Hillingdon,51,2800.0,2949.2156862745096,1875.0,4250.0,3057.0,3326.9574468085107,47,bedrooms,4 bed
20260520_153034,20260520,Hillingdon,44,3775.0,4395.5,700.0,10000.0,4326.0,5101.7692307692305,39,bedrooms,5+ bed
20260520_153034,20260520,Hillingdon,632,1800.0,2009.254746835443,100.0,10000.0,2019.0,2268.024096385542,498,bills,Unknown
20260520_153034,20260520,Hillingdon,37,875.0,990.4054054054054,600.0,2400.0,995.0,1029.0277777777778,36,bills,Bills included
20260520_153034,20260520,Hillingdon,4,2394.0,2405.0,2296.0,2536.0,2690.5,2681.75,4,bills,Bills excluded
20260520_153034,20260520,Hillingdon,641,1750.0,1945.439937597504,100.0,10000.0,1961.0,2189.5104364326376,527,build_to_rent,Not build to rent
20260520_153034,20260520,Hillingdon,32,1997.5,2158.96875,1600.0,2995.0,1990.0,2125.090909090909,11,build_to_rent,Build to rent
20260520_153034,20260520,Hillingdon,605,1750.0,1966.3785123966943,100.0,10000.0,1961.0,2212.843813387424,493,deposit,Deposit listed
20260520_153034,20260520,Hillingdon,68,1870.0,1859.6323529411766,750.0,3850.0,1846.0,1918.1333333333334,45,deposit,Zero deposit
20260520_153034,20260520,Hillingdon,259,1900.0,2125.3281853281856,775.0,10000.0,2134.0,2397.7555555555555,225,furnish_type,Unfurnished
20260520_153034,20260520,Hillingdon,228,1550.0,1777.3157894736842,600.0,9990.0,1730.0,1912.2205882352941,204,furnish_type,Furnished
20260520_153034,20260520,Hillingdon,87,1800.0,2111.9540229885056,200.0,7000.0,2200.0,2814.3333333333335,30,furnish_type,"Furnished or unfurnished, landlord is flexible"
20260520_153034,20260520,Hillingdon,56,1612.5,1870.2857142857142,100.0,8995.0,1846.0,2221.8048780487807,41,furnish_type,Ask agent
20260520_153034,20260520,Hillingdon,43,1700.0,1673.2558139534883,750.0,2995.0,1990.0,1898.3157894736842,38,furnish_type,Part furnished
20260520_153034,20260520,Hillingdon,609,1750.0,1970.1461412151068,100.0,10000.0,1961.0,2209.3783231083844,489,investment_opportunity,Unknown
20260520_153034,20260520,Hillingdon,64,1687.5,1817.109375,750.0,4995.0,1846.0,1976.7755102040817,49,investment_opportunity,Investment opportunity
20260520_153034,20260520,Hillingdon,673,1750.0,1955.592867756315,100.0,10000.0,1961.0,2188.193308550186,538,let_type,Unknown
20260520_153034,20260520,Hillingdon,531,1700.0,1909.0677966101696,100.0,9990.0,1961.0,2138.518779342723,426,luxury,Unknown
20260520_153034,20260520,Hillingdon,142,1855.0,2129.5704225352115,800.0,10000.0,1958.0,2377.1339285714284,112,luxury,Luxury
20260520_153034,20260520,Hillingdon,673,1750.0,1955.592867756315,100.0,10000.0,1961.0,2188.193308550186,538,online_viewings,No online viewing flag
20260520_153034,20260520,Hillingdon,615,1750.0,1953.178861788618,100.0,10000.0,1961.5,2201.2868525896415,502,pets,Unknown
20260520_153034,20260520,Hillingdon,34,2075.0,2328.794117647059,1200.0,4850.0,2336.0,2784.1666666666665,12,pets,Pets mentioned
20260520_153034,20260520,Hillingdon,24,1475.0,1488.75,700.0,3000.0,1644.0,1616.3333333333333,24,pets,No pets
20260520_153034,20260520,Hillingdon,468,1800.0,1996.9529914529915,200.0,10000.0,1961.0,2208.4745308310994,373,price_reduced,Not reduced
20260520_153034,20260520,Hillingdon,205,1700.0,1861.1707317073171,100.0,9990.0,1961.0,2142.3454545454547,165,price_reduced,Price reduced
20260520_153034,20260520,Hillingdon,184,1697.5,1720.6467391304348,900.0,3800.0,1860.5,1861.4402985074628,134,property_type,Apartment
20260520_153034,20260520,Hillingdon,149,1700.0,1774.6308724832215,750.0,4500.0,1846.0,1817.4336283185842,113,property_type,Flat
20260520_153034,20260520,Hillingdon,81,2500.0,2664.9753086419755,775.0,7000.0,2788.5,2889.0138888888887,72,property_type,Semi-Detached
20260520_153034,20260520,Hillingdon,56,1175.0,1184.8214285714287,800.0,1880.0,1325.5,1275.2619047619048,42,property_type,Studio
20260520_153034,20260520,Hillingdon,47,2250.0,2442.2127659574467,700.0,5999.0,2423.5,2459.475,40,property_type,Terraced
20260520_153034,20260520,Hillingdon,28,795.0,832.8571428571429,600.0,1350.0,865.0,904.32,25,property_type,House Share
20260520_153034,20260520,Hillingdon,26,1700.0,1751.7307692307693,1300.0,2800.0,1961.5,1926.9545454545455,22,property_type,Maisonette
20260520_153034,20260520,Hillingdon,24,3500.0,3671.25,300.0,10000.0,4095.5,4476.727272727273,22,property_type,Detached
20260520_153034,20260520,Hillingdon,24,2225.0,2493.75,1000.0,10000.0,2538.0,2953.6521739130435,23,property_type,House
20260520_153034,20260520,Hillingdon,13,2300.0,2248.076923076923,1275.0,3500.0,2328.5,2556.5833333333335,12,property_type,End of Terrace
20260520_153034,20260520,Hillingdon,6,1050.0,1219.5,750.0,2167.0,900.0,3253.0,5,property_type,Not Specified
20260520_153034,20260520,Hillingdon,6,2662.5,2720.8333333333335,2175.0,3500.0,3635.0,3769.0,3,property_type,Penthouse
20260520_153034,20260520,Hillingdon,5,3875.0,3593.2,2296.0,4995.0,4471.0,4189.2,5,property_type,Town House
20260520_153034,20260520,Hillingdon,4,900.0,895.0,780.0,1000.0,1038.5,1002.75,4,property_type,Flat Share
20260520_153034,20260520,Hillingdon,4,1512.5,1531.25,1200.0,1900.0,1900.0,1706.6666666666667,3,property_type,Ground Flat
20260520_153034,20260520,Hillingdon,3,2400.0,2500.0,2350.0,2750.0,2769.0,2884.3333333333335,3,property_type,Bungalow
20260520_153034,20260520,Hillingdon,3,1700.0,1708.3333333333333,1675.0,1750.0,1859.5,1859.5,2,property_type,Ground Maisonette
20260520_153034,20260520,Hillingdon,3,8995.0,6595.0,800.0,9990.0,9990.0,7097.0,3,property_type,House of Multiple Occupation
20260520_153034,20260520,Hillingdon,2,2150.0,2150.0,2100.0,2200.0,2538.5,2538.5,2,property_type,Detached Bungalow
20260520_153034,20260520,Hillingdon,2,162.5,162.5,125.0,200.0,125.0,125.0,1,property_type,Garages
20260520_153034,20260520,Hillingdon,1,1850.0,1850.0,1850.0,1850.0,2130.0,2130.0,1,property_type,Cottage
20260520_153034,20260520,Hillingdon,1,1750.0,1750.0,1750.0,1750.0,1750.0,1750.0,1,property_type,Duplex
20260520_153034,20260520,Hillingdon,1,100.0,100.0,100.0,100.0,,,0,property_type,Parking
20260520_153034,20260520,Hillingdon,585,1750.0,1982.519658119658,100.0,10000.0,1962.0,2238.5022026431716,454,student_suitable,Not student suitable
20260520_153034,20260520,Hillingdon,88,1597.5,1776.590909090909,700.0,4850.0,1744.0,1916.2857142857142,84,student_suitable,Student suitable
20260520_153034,20260520,Hillingdon,605,1750.0,1966.3785123966943,100.0,10000.0,1961.0,2212.843813387424,493,zero_deposit,Unknown
20260520_153034,20260520,Hillingdon,68,1870.0,1859.6323529411766,750.0,3850.0,1846.0,1918.1333333333334,45,zero_deposit,Zero deposit
20260520_153034,20260520,Hounslow,271,1603.0,1643.0147601476015,499.0,4420.0,1673.0,1641.6785714285713,224,bedrooms,1 bed
20260520_153034,20260520,Hounslow,227,2200.0,2334.7004405286343,1450.0,11267.0,2317.5,2393.5824175824177,182,bedrooms,2 bed
20260520_153034,20260520,Hounslow,113,2500.0,3369.5132743362833,1800.0,9997.0,2826.5,3657.6,100,bedrooms,3 bed
20260520_153034,20260520,Hounslow,103,1280.0,1511.7961165048544,75.0,24167.0,1426.5,1298.4722222222222,72,bedrooms,Studio / 0 bed
20260520_153034,20260520,Hounslow,45,4000.0,5829.866666666667,825.0,20000.0,4612.5,7017.868421052632,38,bedrooms,5+ bed
20260520_153034,20260520,Hounslow,43,3000.0,3691.767441860465,2400.0,9997.0,3371.5,3993.65,40,bedrooms,4 bed
20260520_153034,20260520,Hounslow,725,2100.0,2501.9006896551723,75.0,24167.0,2290.0,2686.6661101836394,599,bills,Unknown
20260520_153034,20260520,Hounslow,72,1200.0,1508.5555555555557,499.0,7497.0,1153.0,1304.7307692307693,52,bills,Bills included
20260520_153034,20260520,Hounslow,5,2300.0,2060.0,800.0,3550.0,2654.0,2376.8,5,bills,Bills excluded
20260520_153034,20260520,Hounslow,743,2000.0,2425.6325706594885,75.0,24167.0,2134.0,2569.22256568779,647,build_to_rent,Not build to rent
20260520_153034,20260520,Hounslow,59,2025.0,2212.6949152542375,1280.0,11267.0,3115.0,2972.8888888888887,9,build_to_rent,Build to rent
20260520_153034,20260520,Hounslow,734,2000.0,2435.4618528610354,75.0,24167.0,2134.0,2587.4204545454545,616,deposit,Deposit listed
20260520_153034,20260520,Hounslow,64,2200.0,2134.609375,735.0,6000.0,2596.0,2379.8,40,deposit,Zero deposit
20260520_153034,20260520,Hounslow,4,1800.0,2137.5,1650.0,3300.0,,,0,deposit,Deposit not listed
20260520_153034,20260520,Hounslow,296,1817.5,2171.8445945945946,499.0,20000.0,1955.5,2287.3691588785045,214,furnish_type,Furnished
20260520_153034,20260520,Hounslow,255,2200.0,2515.9764705882353,950.0,12000.0,2307.0,2588.9621848739494,238,furnish_type,Unfurnished
20260520_153034,20260520,Hounslow,113,2100.0,2844.787610619469,75.0,24167.0,2135.0,2861.3465346534654,101,furnish_type,Ask agent
20260520_153034,20260520,Hounslow,74,1998.0,2276.5810810810813,735.0,8500.0,2130.0,2606.8028169014083,71,furnish_type,Part furnished
20260520_153034,20260520,Hounslow,60,2124.5,2497.9333333333334,800.0,6500.0,2693.0,3415.4375,32,furnish_type,"Furnished or unfurnished, landlord is flexible"
20260520_153034,20260520,Hounslow,4,1800.0,2137.5,1650.0,3300.0,,,0,furnish_type,Unknown
20260520_153034,20260520,Hounslow,773,1998.0,2407.529107373868,75.0,24167.0,2134.0,2579.2794348508633,637,investment_opportunity,Unknown
20260520_153034,20260520,Hounslow,29,2550.0,2474.9655172413795,1200.0,4199.0,2480.0,2423.2631578947367,19,investment_opportunity,Investment opportunity
20260520_153034,20260520,Hounslow,802,2000.0,2409.9675810473814,75.0,24167.0,2134.0,2574.7606707317073,656,let_type,Unknown
20260520_153034,20260520,Hounslow,631,2000.0,2355.648177496038,75.0,20000.0,2134.0,2506.912087912088,546,luxury,Unknown
20260520_153034,20260520,Hounslow,171,2050.0,2610.409356725146,680.0,24167.0,2134.5,2911.5363636363636,110,luxury,Luxury
20260520_153034,20260520,Hounslow,802,2000.0,2409.9675810473814,75.0,24167.0,2134.0,2574.7606707317073,656,online_viewings,No online viewing flag
20260520_153034,20260520,Hounslow,708,2000.0,2443.353107344633,75.0,24167.0,2135.0,2595.8088235294117,612,pets,Unknown
20260520_153034,20260520,Hounslow,70,2100.0,2355.5857142857144,1175.0,11267.0,2875.5,2952.2,20,pets,Pets mentioned
20260520_153034,20260520,Hounslow,24,1387.5,1583.7083333333333,499.0,3550.0,1520.0,1723.5,24,pets,No pets
20260520_153034,20260520,Hounslow,555,2000.0,2460.917117117117,75.0,24167.0,2134.0,2579.3632286995517,446,price_reduced,Not reduced
20260520_153034,20260520,Hounslow,247,2000.0,2295.4858299595144,75.0,9997.0,2192.0,2564.9857142857145,210,price_reduced,Price reduced
20260520_153034,20260520,Hounslow,335,2000.0,2161.823880597015,950.0,6500.0,2135.0,2261.231046931408,277,property_type,Flat
20260520_153034,20260520,Hounslow,156,1875.0,2209.2371794871797,900.0,11267.0,1903.0,2181.7982456140353,114,property_type,Apartment
20260520_153034,20260520,Hounslow,58,2800.0,3409.603448275862,650.0,12000.0,3173.0,3784.1272727272726,55,property_type,Semi-Detached
20260520_153034,20260520,Hounslow,53,2550.0,3373.0188679245284,750.0,9997.0,2711.0,3579.5777777777776,45,property_type,Terraced
20260520_153034,20260520,Hounslow,51,1280.0,1289.7450980392157,895.0,1708.0,1384.0,1280.8064516129032,31,property_type,Studio
20260520_153034,20260520,Hounslow,35,2995.0,3606.3714285714286,750.0,15000.0,3342.5,4473.4375,32,property_type,House
20260520_153034,20260520,Hounslow,31,800.0,849.8064516129032,499.0,1250.0,865.0,864.4814814814815,27,property_type,House Share
20260520_153034,20260520,Hounslow,21,1650.0,1780.952380952381,1200.0,3000.0,1673.0,1798.4736842105262,19,property_type,Maisonette
20260520_153034,20260520,Hounslow,18,2875.0,5272.166666666667,800.0,20000.0,3028.5,5472.8125,16,property_type,End of Terrace
20260520_153034,20260520,Hounslow,15,2600.0,2658.5333333333333,650.0,7397.0,2596.0,2808.230769230769,13,property_type,Detached
20260520_153034,20260520,Hounslow,8,6500.0,6318.25,2250.0,9997.0,7500.0,7039.125,8,property_type,Penthouse
20260520_153034,20260520,Hounslow,7,775.0,734.2857142857143,75.0,1395.0,937.0,772.8333333333334,6,property_type,Not Specified
20260520_153034,20260520,Hounslow,5,850.0,863.2,650.0,1096.0,980.0,996.0,5,property_type,Flat Share
20260520_153034,20260520,Hounslow,3,100.0,8114.0,75.0,24167.0,93.0,93.0,2,property_type,Parking
20260520_153034,20260520,Hounslow,2,1925.0,1925.0,1850.0,2000.0,2079.0,2079.0,2,property_type,Ground Flat
20260520_153034,20260520,Hounslow,1,1800.0,1800.0,1800.0,1800.0,2076.0,2076.0,1,property_type,Bungalow
20260520_153034,20260520,Hounslow,1,1700.0,1700.0,1700.0,1700.0,1961.0,1961.0,1,property_type,Duplex
20260520_153034,20260520,Hounslow,1,2700.0,2700.0,2700.0,2700.0,3115.0,3115.0,1,property_type,Semi-Detached Bungalow
20260520_153034,20260520,Hounslow,1,2500.0,2500.0,2500.0,2500.0,2884.0,2884.0,1,property_type,Town House
20260520_153034,20260520,Hounslow,752,2008.5,2438.523936170213,75.0,24167.0,2192.0,2612.731587561375,611,student_suitable,Not student suitable
20260520_153034,20260520,Hounslow,50,1637.5,1980.48,499.0,6400.0,1673.0,2059.2,45,student_suitable,Student suitable
20260520_153034,20260520,Hounslow,738,2000.0,2433.8468834688347,75.0,24167.0,2134.0,2587.4204545454545,616,zero_deposit,Unknown
20260520_153034,20260520,Hounslow,64,2200.0,2134.609375,735.0,6000.0,2596.0,2379.8,40,zero_deposit,Zero deposit
20260520_153034,20260520,Islington,363,3250.0,3405.151515151515,1700.0,6500.0,3455.0,3500.9537366548043,281,bedrooms,2 bed
20260520_153034,20260520,Islington,358,2350.0,2357.441340782123,599.0,4750.0,2595.5,2353.5886524822695,282,bedrooms,1 bed
20260520_153034,20260520,Islington,154,3597.0,4190.480519480519,2500.0,9000.0,3807.0,3963.9541984732823,131,bedrooms,3 bed
20260520_153034,20260520,Islington,105,1475.0,1578.2403846153845,130.0,3029.0,1615.5,1698.7625,80,bedrooms,Studio / 0 bed
20260520_153034,20260520,Islington,67,4750.0,6383.582089552238,221.0,30000.0,5365.0,7128.452830188679,53,bedrooms,4 bed
20260520_153034,20260520,Islington,40,6000.0,7504.025,1000.0,30000.0,6346.0,7756.4857142857145,35,bedrooms,5+ bed
20260520_153034,20260520,Islington,1004,2950.0,3369.5862412761717,130.0,30000.0,3057.0,3477.4504391468004,797,bills,Unknown
20260520_153034,20260520,Islington,82,2475.0,2833.182926829268,599.0,15000.0,2009.5,2722.546875,64,bills,Bills included
20260520_153034,20260520,Islington,1,5350.0,5350.0,5350.0,5350.0,6173.0,6173.0,1,bills,Bills excluded
20260520_153034,20260520,Islington,1077,2900.0,3337.7239776951674,130.0,30000.0,3000.0,3424.5290023201856,862,build_to_rent,Not build to rent
20260520_153034,20260520,Islington,10,2562.5,2597.5,1895.0,3475.0,,,0,build_to_rent,Build to rent
20260520_153034,20260520,Islington,1075,2900.0,3338.9506976744187,130.0,30000.0,3000.0,3427.8042203985933,853,deposit,Deposit listed
20260520_153034,20260520,Islington,9,2495.0,2610.4444444444443,1600.0,4000.0,2878.0,3114.1111111111113,9,deposit,Zero deposit
20260520_153034,20260520,Islington,3,2250.0,2250.0,2000.0,2500.0,,,0,deposit,Deposit not listed
20260520_153034,20260520,Islington,590,2950.0,3211.6169491525425,208.0,30000.0,3173.0,3473.3811659192825,446,furnish_type,Furnished
20260520_153034,20260520,Islington,201,2850.0,3553.7014925373132,800.0,20000.0,2770.0,3264.5132275132273,189,furnish_type,Unfurnished
20260520_153034,20260520,Islington,151,3000.0,3328.019867549669,130.0,17117.0,2770.0,2912.691056910569,123,furnish_type,Ask agent
20260520_153034,20260520,Islington,75,2800.0,3890.133333333333,900.0,30000.0,3058.0,4758.108695652174,46,furnish_type,"Furnished or unfurnished, landlord is flexible"
20260520_153034,20260520,Islington,67,2700.0,3125.776119402985,1150.0,12500.0,2884.5,3598.0862068965516,58,furnish_type,Part furnished
20260520_153034,20260520,Islington,3,2250.0,2250.0,2000.0,2500.0,,,0,furnish_type,Unknown
20260520_153034,20260520,Islington,1020,2850.0,3317.0157016683024,130.0,30000.0,3000.0,3417.3950920245397,815,investment_opportunity,Unknown
20260520_153034,20260520,Islington,67,3500.0,3542.194029850746,1083.0,6500.0,3750.0,3548.2340425531916,47,investment_opportunity,Investment opportunity
20260520_153034,20260520,Islington,1086,2900.0,3330.9079189686922,130.0,30000.0,3000.0,3424.5290023201856,862,let_type,Unknown
20260520_153034,20260520,Islington,1,,,,,,,0,let_type,Long
20260520_153034,20260520,Islington,851,2799.5,3248.0682352941176,130.0,30000.0,2884.0,3316.905172413793,696,luxury,Unknown
20260520_153034,20260520,Islington,236,3350.0,3629.271186440678,217.0,17117.0,3625.0,3875.7710843373493,166,luxury,Luxury
20260520_153034,20260520,Islington,1087,2900.0,3330.9079189686922,130.0,30000.0,3000.0,3424.5290023201856,862,online_viewings,No online viewing flag
20260520_153034,20260520,Islington,1043,2900.0,3339.6804222648752,130.0,30000.0,3000.0,3431.0615942028985,828,pets,Unknown
20260520_153034,20260520,Islington,31,2800.0,3213.8387096774195,1149.0,6200.0,3173.0,3267.4761904761904,21,pets,Pets mentioned
20260520_153034,20260520,Islington,13,2950.0,2906.923076923077,1040.0,3800.0,3115.0,3262.153846153846,13,pets,No pets
20260520_153034,20260520,Islington,807,3000.0,3369.5062034739453,130.0,30000.0,3058.0,3474.9538461538464,650,price_reduced,Not reduced
20260520_153034,20260520,Islington,280,2750.0,3219.8,282.0,20000.0,2884.0,3269.9245283018868,212,price_reduced,Price reduced
20260520_153034,20260520,Islington,529,2800.0,3029.1814744801513,900.0,7497.0,2885.0,3013.5171624713957,437,property_type,Flat
20260520_153034,20260520,Islington,308,3012.5,3214.964285714286,800.0,17117.0,3288.0,3328.519823788546,227,property_type,Apartment
20260520_153034,20260520,Islington,57,5500.0,6147.649122807017,900.0,20000.0,5685.0,6193.54,50,property_type,Terraced
20260520_153034,20260520,Islington,55,1408.0,1578.8363636363636,750.0,3029.0,1593.0,1629.4634146341464,41,property_type,Studio
20260520_153034,20260520,Islington,28,907.5,968.75,221.0,1490.0,880.0,871.9,20,property_type,House Share
20260520_153034,20260520,Islington,27,3700.0,4068.8518518518517,2150.0,8450.0,3750.0,3951.6,25,property_type,Maisonette
20260520_153034,20260520,Islington,24,6000.0,5763.583333333333,1200.0,8996.0,5422.5,5436.15,20,property_type,House
20260520_153034,20260520,Islington,10,4250.0,4578.8,2300.0,8500.0,4122.5,3485.9,10,property_type,Penthouse
20260520_153034,20260520,Islington,8,1223.0,1198.375,850.0,1645.0,868.0,765.75,4,property_type,Flat Share
20260520_153034,20260520,Islington,7,20000.0,18000.0,4000.0,30000.0,13846.0,19054.714285714286,7,property_type,Semi-Detached
20260520_153034,20260520,Islington,6,3137.5,3262.1666666666665,2100.0,4299.0,3200.0,3249.3333333333335,3,property_type,Mews
20260520_153034,20260520,Islington,6,191.5,206.16666666666666,130.0,282.0,0.0,83.33333333333333,3,property_type,Parking
20260520_153034,20260520,Islington,5,5000.0,5520.0,2750.0,8000.0,4350.0,5912.4,5,property_type,End of Terrace
20260520_153034,20260520,Islington,4,1550.0,1766.75,217.0,3750.0,250.0,1525.3333333333333,3,property_type,Not Specified
20260520_153034,20260520,Islington,3,9000.0,12333.333333333334,8000.0,20000.0,12461.0,17076.333333333332,3,property_type,Detached
20260520_153034,20260520,Islington,2,3849.0,3849.0,3748.0,3950.0,,,0,property_type,Duplex
20260520_153034,20260520,Islington,2,9300.0,9300.0,4600.0,14000.0,,,0,property_type,Town House
20260520_153034,20260520,Islington,1,3250.0,3250.0,3250.0,3250.0,3750.0,3750.0,1,property_type,Barn Conversion
20260520_153034,20260520,Islington,1,2500.0,2500.0,2500.0,2500.0,2884.0,2884.0,1,property_type,Bungalow
20260520_153034,20260520,Islington,1,3400.0,3400.0,3400.0,3400.0,3923.0,3923.0,1,property_type,Ground Flat
20260520_153034,20260520,Islington,1,2058.0,2058.0,2058.0,2058.0,,,0,property_type,Ground Maisonette
20260520_153034,20260520,Islington,1,800.0,800.0,800.0,800.0,800.0,800.0,1,property_type,House of Multiple Occupation
20260520_153034,20260520,Islington,1,,,,,,,0,property_type,Land
20260520_153034,20260520,Islington,935,2900.0,3391.2366167023556,130.0,30000.0,3000.0,3548.995956873315,742,student_suitable,Not student suitable
20260520_153034,20260520,Islington,152,2855.0,2960.2039473684213,221.0,6392.0,2769.5,2654.9083333333333,120,student_suitable,Student suitable
20260520_153034,20260520,Islington,1078,2900.0,3336.928505106778,130.0,30000.0,3000.0,3427.8042203985933,853,zero_deposit,Unknown
20260520_153034,20260520,Islington,9,2495.0,2610.4444444444443,1600.0,4000.0,2878.0,3114.1111111111113,9,zero_deposit,Zero deposit
20260520_153034,20260520,Kensington and Chelsea,1315,4593.0,6401.669961977186,1901.0,42467.0,4571.5,5880.992662473795,954,bedrooms,2 bed
20260520_153034,20260520,Kensington and Chelsea,777,3250.0,3712.5135135135133,1248.0,18200.0,3199.5,3863.8671096345515,602,bedrooms,1 bed
20260520_153034,20260520,Kensington and Chelsea,583,10800.0,13322.384219554031,3000.0,60667.0,10000.0,12814.558411214954,428,bedrooms,3 bed
20260520_153034,20260520,Kensington and Chelsea,467,2145.0,2577.032119914347,200.0,41167.0,2000.0,2165.745704467354,291,bedrooms,Studio / 0 bed
20260520_153034,20260520,Kensington and Chelsea,192,21450.0,32481.802083333332,7800.0,151667.0,22846.0,33522.206896551725,145,bedrooms,5+ bed
20260520_153034,20260520,Kensington and Chelsea,177,12133.0,16427.81920903955,3995.0,65000.0,12458.5,15972.9,140,bedrooms,4 bed
20260520_153034,20260520,Kensington and Chelsea,3333,4550.0,8575.32703270327,200.0,151667.0,4210.0,8409.473471040907,2469,bills,Unknown
20260520_153034,20260520,Kensington and Chelsea,172,3239.0,4657.71511627907,900.0,52000.0,3173.0,4134.752941176471,85,bills,Bills included
20260520_153034,20260520,Kensington and Chelsea,6,4275.0,5796.833333333333,2700.0,11999.0,2012.0,5643.333333333333,6,bills,Bills excluded
20260520_153034,20260520,Kensington and Chelsea,3507,4550.0,8378.886797832905,200.0,151667.0,4095.0,8261.05625,2560,build_to_rent,Not build to rent
20260520_153034,20260520,Kensington and Chelsea,4,8233.5,8179.25,6500.0,9750.0,,,0,build_to_rent,Build to rent
20260520_153034,20260520,Kensington and Chelsea,3462,4550.0,8429.748989023687,200.0,151667.0,4095.0,8289.486805829067,2539,deposit,Deposit listed
20260520_153034,20260520,Kensington and Chelsea,38,4095.0,4398.210526315789,1150.0,11266.0,3807.0,4823.666666666667,21,deposit,Zero deposit
20260520_153034,20260520,Kensington and Chelsea,11,5200.0,6050.0,3000.0,14300.0,,,0,deposit,Deposit not listed
20260520_153034,20260520,Kensington and Chelsea,1597,4333.0,8500.156543519099,900.0,151667.0,4125.0,9087.210577864838,1021,furnish_type,Furnished
20260520_153034,20260520,Kensington and Chelsea,898,4500.0,7762.947661469933,295.0,149998.0,3625.0,7284.9605911330045,812,furnish_type,Unfurnished
20260520_153034,20260520,Kensington and Chelsea,558,4593.0,8678.313620071685,1400.0,86667.0,5305.0,9747.321266968325,442,furnish_type,"Furnished or unfurnished, landlord is flexible"
20260520_153034,20260520,Kensington and Chelsea,380,5000.0,9413.065789473685,200.0,130000.0,3250.0,5551.82096069869,229,furnish_type,Ask agent
20260520_153034,20260520,Kensington and Chelsea,67,4500.0,5754.955223880597,1395.0,23833.0,3980.0,6699.839285714285,56,furnish_type,Part furnished
20260520_153034,20260520,Kensington and Chelsea,11,5200.0,6050.0,3000.0,14300.0,,,0,furnish_type,Unknown
20260520_153034,20260520,Kensington and Chelsea,3366,4550.0,8412.207961972668,200.0,151667.0,4200.0,8374.93387423935,2465,investment_opportunity,Unknown
20260520_153034,20260520,Kensington and Chelsea,145,3900.0,7599.868965517241,900.0,130000.0,3560.0,5306.231578947369,95,investment_opportunity,Investment opportunity
20260520_153034,20260520,Kensington and Chelsea,3511,4550.0,8378.659356308744,200.0,151667.0,4095.0,8261.05625,2560,let_type,Unknown
20260520_153034,20260520,Kensington and Chelsea,2302,4008.5,6557.61077324066,200.0,149998.0,3750.0,6532.452164009112,1756,luxury,Unknown
20260520_153034,20260520,Kensington and Chelsea,1209,6998.0,11846.032258064517,247.0,151667.0,6215.5,12036.465174129353,804,luxury,Luxury
20260520_153034,20260520,Kensington and Chelsea,3511,4550.0,8378.659356308744,200.0,151667.0,4095.0,8261.05625,2560,online_viewings,No online viewing flag
20260520_153034,20260520,Kensington and Chelsea,3258,4550.0,8384.795580110498,200.0,151667.0,4030.0,8004.602163961715,2403,pets,Unknown
20260520_153034,20260520,Kensington and Chelsea,230,4683.5,8734.369565217392,1450.0,65000.0,6334.5,13440.889705882353,136,pets,Pets mentioned
20260520_153034,20260520,Kensington and Chelsea,23,3500.0,3952.3478260869565,1950.0,8667.0,3600.0,4061.1428571428573,21,pets,No pets
20260520_153034,20260520,Kensington and Chelsea,2627,4500.0,8362.958507803578,200.0,151667.0,4050.0,8273.54158004158,1924,price_reduced,Not reduced
20260520_153034,20260520,Kensington and Chelsea,884,5200.0,8425.317873303167,1055.0,91000.0,4205.0,8223.286163522012,636,price_reduced,Price reduced
20260520_153034,20260520,Kensington and Chelsea,1636,4117.0,6203.131418092909,1196.0,65000.0,3750.0,5517.741214057508,1252,property_type,Flat
20260520_153034,20260520,Kensington and Chelsea,989,5200.0,8297.62891809909,1196.0,60667.0,5000.0,9022.687134502923,684,property_type,Apartment
20260520_153034,20260520,Kensington and Chelsea,278,2158.5,2397.093525179856,900.0,6500.0,2019.0,1863.9807692307693,156,property_type,Studio
20260520_153034,20260520,Kensington and Chelsea,189,14083.0,19490.915343915345,1050.0,130000.0,15230.0,19865.1125,160,property_type,Terraced
20260520_153034,20260520,Kensington and Chelsea,124,13000.0,21190.91129032258,2578.0,151667.0,11076.0,19978.43956043956,91,property_type,House
20260520_153034,20260520,Kensington and Chelsea,88,4312.0,6094.704545454545,1300.0,27083.0,2250.0,4027.3291139240505,79,property_type,Maisonette
20260520_153034,20260520,Kensington and Chelsea,51,20085.0,19155.0,2000.0,54600.0,18570.0,17687.727272727272,44,property_type,Penthouse
20260520_153034,20260520,Kensington and Chelsea,32,9498.5,9575.625,3488.0,25350.0,8651.5,9167.45,20,property_type,Mews
20260520_153034,20260520,Kensington and Chelsea,22,13541.5,35850.181818181816,3250.0,149998.0,28800.0,47938.529411764706,17,property_type,Detached
20260520_153034,20260520,Kensington and Chelsea,22,11840.5,15785.545454545454,3250.0,86667.0,13000.0,10587.538461538461,13,property_type,Duplex
20260520_153034,20260520,Kensington and Chelsea,18,4983.5,11991.722222222223,1196.0,52000.0,3081.0,4672.916666666667,12,property_type,Not Specified
20260520_153034,20260520,Kensington and Chelsea,14,17750.0,33570.357142857145,3987.0,130000.0,21173.0,26061.0,6,property_type,Town House
20260520_153034,20260520,Kensington and Chelsea,9,18417.0,24105.333333333332,8667.0,60667.0,10250.0,25962.5,8,property_type,Semi-Detached
20260520_153034,20260520,Kensington and Chelsea,8,10841.5,15945.875,4800.0,54167.0,10240.5,19367.333333333332,6,property_type,End of Terrace
20260520_153034,20260520,Kensington and Chelsea,7,1150.0,1190.7142857142858,950.0,1387.0,1096.0,827.6666666666666,3,property_type,House Share
20260520_153034,20260520,Kensington and Chelsea,6,3271.5,3241.1666666666665,1550.0,4312.0,3259.0,3259.0,2,property_type,Ground Flat
20260520_153034,20260520,Kensington and Chelsea,6,271.0,297.8333333333333,200.0,498.0,0.0,98.33333333333333,3,property_type,Parking
20260520_153034,20260520,Kensington and Chelsea,4,3672.5,3569.5,2383.0,4550.0,,,0,property_type,Block of Apartments
20260520_153034,20260520,Kensington and Chelsea,3,498.0,440.6666666666667,282.0,542.0,312.5,312.5,2,property_type,Garages
20260520_153034,20260520,Kensington and Chelsea,2,7150.0,7150.0,6500.0,7800.0,0.0,0.0,1,property_type,House Boat
20260520_153034,20260520,Kensington and Chelsea,1,2349.0,2349.0,2349.0,2349.0,2710.0,2710.0,1,property_type,Bungalow
20260520_153034,20260520,Kensington and Chelsea,1,12133.0,12133.0,12133.0,12133.0,,,0,property_type,Serviced Apartments
20260520_153034,20260520,Kensington and Chelsea,1,25000.0,25000.0,25000.0,25000.0,,,0,property_type,Triplex
20260520_153034,20260520,Kensington and Chelsea,3288,4749.5,8724.2299270073,200.0,151667.0,4250.0,8475.881535947712,2448,student_suitable,Not student suitable
20260520_153034,20260520,Kensington and Chelsea,223,2600.0,3283.4304932735427,900.0,12133.0,3211.5,3565.589285714286,112,student_suitable,Student suitable
20260520_153034,20260520,Kensington and Chelsea,3473,4550.0,8422.211632594299,200.0,151667.0,4095.0,8289.486805829067,2539,zero_deposit,Unknown
20260520_153034,20260520,Kensington and Chelsea,38,4095.0,4398.210526315789,1150.0,11266.0,3807.0,4823.666666666667,21,zero_deposit,Zero deposit
20260520_153034,20260520,Kingston upon Thames,156,1450.0,1444.7307692307693,675.0,4000.0,1644.0,1580.9379310344827,145,bedrooms,1 bed
20260520_153034,20260520,Kingston upon Thames,144,2112.5,2256.3541666666665,1500.0,4750.0,2308.0,2315.532110091743,109,bedrooms,2 bed
20260520_153034,20260520,Kingston upon Thames,92,1541.0,1505.7065217391305,180.0,2190.0,1401.0,1234.753846153846,65,bedrooms,Studio / 0 bed
20260520_153034,20260520,Kingston upon Thames,52,6125.0,7401.25,820.0,40000.0,5884.0,7028.953488372093,43,bedrooms,5+ bed
20260520_153034,20260520,Kingston upon Thames,50,2572.5,2778.08,775.0,5750.0,2913.0,3025.659090909091,44,bedrooms,3 bed
20260520_153034,20260520,Kingston upon Thames,42,3400.0,3842.6428571428573,600.0,7500.0,3923.0,4317.2307692307695,39,bedrooms,4 bed
20260520_153034,20260520,Kingston upon Thames,495,1995.0,2649.642424242424,180.0,40000.0,2134.0,2706.210268948655,409,bills,Unknown
20260520_153034,20260520,Kingston upon Thames,41,1000.0,1522.0731707317073,675.0,5950.0,1038.0,1633.1666666666667,36,bills,Bills included
20260520_153034,20260520,Kingston upon Thames,503,1995.0,2623.882703777336,180.0,40000.0,2133.0,2729.8220140515223,427,build_to_rent,Not build to rent
20260520_153034,20260520,Kingston upon Thames,33,1553.0,1641.3636363636363,1326.0,2190.0,0.0,0.0,18,build_to_rent,Build to rent
20260520_153034,20260520,Kingston upon Thames,500,1950.0,2606.28,180.0,40000.0,2071.0,2626.1184834123223,422,deposit,Deposit listed
20260520_153034,20260520,Kingston upon Thames,36,1806.5,1967.7222222222222,775.0,5100.0,2301.0,2496.1739130434785,23,deposit,Zero deposit
20260520_153034,20260520,Kingston upon Thames,246,2000.0,2629.8861788617887,700.0,10500.0,2186.0,2805.1612903225805,217,furnish_type,Unfurnished
20260520_153034,20260520,Kingston upon Thames,160,1900.0,2076.36875,600.0,9000.0,1673.0,1958.7948717948718,117,furnish_type,Furnished
20260520_153034,20260520,Kingston upon Thames,63,1795.0,2902.6507936507937,180.0,25000.0,2057.0,2473.322033898305,59,furnish_type,Ask agent
20260520_153034,20260520,Kingston upon Thames,39,1735.0,3464.871794871795,750.0,40000.0,2596.0,3591.0384615384614,26,furnish_type,"Furnished or unfurnished, landlord is flexible"
20260520_153034,20260520,Kingston upon Thames,28,1850.0,2743.214285714286,780.0,12000.0,2047.5,3401.6153846153848,26,furnish_type,Part furnished
20260520_153034,20260520,Kingston upon Thames,483,1950.0,2548.8260869565215,180.0,40000.0,2076.0,2636.6019900497513,402,investment_opportunity,Unknown
20260520_153034,20260520,Kingston upon Thames,53,1600.0,2696.132075471698,750.0,25000.0,1846.0,2458.6046511627906,43,investment_opportunity,Investment opportunity
20260520_153034,20260520,Kingston upon Thames,536,1950.0,2563.3917910447763,180.0,40000.0,2076.0,2619.402247191011,445,let_type,Unknown
20260520_153034,20260520,Kingston upon Thames,391,1950.0,2603.685421994885,180.0,40000.0,2071.0,2587.5116279069766,344,luxury,Unknown
20260520_153034,20260520,Kingston upon Thames,145,1900.0,2454.7379310344827,750.0,11000.0,2186.0,2728.019801980198,101,luxury,Luxury
20260520_153034,20260520,Kingston upon Thames,536,1950.0,2563.3917910447763,180.0,40000.0,2076.0,2619.402247191011,445,online_viewings,No online viewing flag
20260520_153034,20260520,Kingston upon Thames,506,1946.5,2518.2312252964425,180.0,40000.0,2076.0,2632.5263157894738,418,pets,Unknown
20260520_153034,20260520,Kingston upon Thames,22,2025.0,2134.4545454545455,690.0,4420.0,2105.5,2240.909090909091,22,pets,No pets
20260520_153034,20260520,Kingston upon Thames,8,4025.0,6599.375,1195.0,25000.0,2942.0,3187.6,5,pets,Pets mentioned
20260520_153034,20260520,Kingston upon Thames,399,1895.0,2565.624060150376,180.0,40000.0,2067.0,2570.741741741742,333,price_reduced,Not reduced
20260520_153034,20260520,Kingston upon Thames,137,2000.0,2556.890510948905,685.0,10500.0,2191.0,2764.0803571428573,112,price_reduced,Price reduced
20260520_153034,20260520,Kingston upon Thames,209,1900.0,1980.866028708134,600.0,4420.0,2077.0,2179.3279569892475,186,property_type,Flat
20260520_153034,20260520,Kingston upon Thames,85,1950.0,2030.8823529411766,1100.0,4250.0,2133.0,2131.9333333333334,45,property_type,Apartment
20260520_153034,20260520,Kingston upon Thames,42,3247.5,3213.190476190476,750.0,8000.0,3173.0,3027.891891891892,37,property_type,Semi-Detached
20260520_153034,20260520,Kingston upon Thames,41,6250.0,7695.390243902439,760.0,40000.0,7211.0,7362.171428571429,35,property_type,Detached
20260520_153034,20260520,Kingston upon Thames,40,1780.0,1803.775,1120.0,2750.0,2055.5,2075.184210526316,38,property_type,Maisonette
20260520_153034,20260520,Kingston upon Thames,36,1442.0,1494.3055555555557,1095.0,2095.0,0.0,499.77777777777777,27,property_type,Studio
20260520_153034,20260520,Kingston upon Thames,32,880.0,884.09375,675.0,1150.0,1015.0,1233.0625,32,property_type,House Share
20260520_153034,20260520,Kingston upon Thames,20,3025.0,2984.25,1550.0,4500.0,3576.0,3370.764705882353,17,property_type,Terraced
20260520_153034,20260520,Kingston upon Thames,18,3672.5,5474.166666666667,2350.0,25000.0,4093.5,4963.0625,16,property_type,House
20260520_153034,20260520,Kingston upon Thames,3,750.0,866.6666666666666,700.0,1150.0,750.0,925.6666666666666,3,property_type,Flat Share
20260520_153034,20260520,Kingston upon Thames,3,775.0,1233.3333333333333,675.0,2250.0,775.0,556.3333333333334,3,property_type,Not Specified
20260520_153034,20260520,Kingston upon Thames,2,3950.0,3950.0,3400.0,4500.0,4558.0,4558.0,2,property_type,End of Terrace
20260520_153034,20260520,Kingston upon Thames,2,190.0,190.0,180.0,200.0,207.0,207.0,1,property_type,Parking
20260520_153034,20260520,Kingston upon Thames,1,4250.0,4250.0,4250.0,4250.0,5884.0,5884.0,1,property_type,Detached Bungalow
20260520_153034,20260520,Kingston upon Thames,1,3800.0,3800.0,3800.0,3800.0,4384.0,4384.0,1,property_type,Link Detached House
20260520_153034,20260520,Kingston upon Thames,1,1800.0,1800.0,1800.0,1800.0,2076.0,2076.0,1,property_type,Retirement Property
20260520_153034,20260520,Kingston upon Thames,452,1950.0,2672.011061946903,180.0,40000.0,2071.0,2661.531914893617,376,student_suitable,Not student suitable
20260520_153034,20260520,Kingston upon Thames,84,1874.5,1978.9166666666667,600.0,4500.0,2242.0,2389.8260869565215,69,student_suitable,Student suitable
20260520_153034,20260520,Kingston upon Thames,500,1950.0,2606.28,180.0,40000.0,2071.0,2626.1184834123223,422,zero_deposit,Unknown
20260520_153034,20260520,Kingston upon Thames,36,1806.5,1967.7222222222222,775.0,5100.0,2301.0,2496.1739130434785,23,zero_deposit,Zero deposit
20260520_153034,20260520,Lambeth,543,3000.0,3337.169429097606,800.0,11483.0,3173.0,3631.9757174392935,453,bedrooms,2 bed
20260520_153034,20260520,Lambeth,449,2200.0,2387.879732739421,600.0,5150.0,2307.0,2399.610354223433,367,bedrooms,1 bed
20260520_153034,20260520,Lambeth,188,3300.0,5078.914893617021,1101.0,22750.0,3721.0,5943.1578947368425,152,bedrooms,3 bed
20260520_153034,20260520,Lambeth,144,1607.5,2021.763888888889,75.0,4250.0,1673.0,1947.48,100,bedrooms,Studio / 0 bed
20260520_153034,20260520,Lambeth,62,3900.0,4898.1612903225805,2400.0,35000.0,4240.5,5576.351851851852,54,bedrooms,4 bed
20260520_153034,20260520,Lambeth,33,6000.0,7255.606060606061,3000.0,17498.0,8169.0,8525.733333333334,30,bedrooms,5+ bed
20260520_153034,20260520,Lambeth,1359,2900.0,3347.138337012509,75.0,35000.0,3000.0,3677.5293056807936,1109,bills,Unknown
20260520_153034,20260520,Lambeth,60,1325.0,2076.1833333333334,800.0,6800.0,1326.0,2182.2340425531916,47,bills,Bills included
20260520_153034,20260520,Lambeth,1380,2817.0,3310.2130434782607,75.0,35000.0,3000.0,3637.140569395018,1124,build_to_rent,Not build to rent
20260520_153034,20260520,Lambeth,39,2675.0,2698.4102564102564,1395.0,4320.0,2700.0,2899.96875,32,build_to_rent,Build to rent
20260520_153034,20260520,Lambeth,1364,2850.0,3326.9310850439883,75.0,35000.0,3000.0,3635.437890974084,1119,deposit,Deposit listed
20260520_153034,20260520,Lambeth,46,2500.0,2615.717391304348,950.0,7500.0,2769.0,3051.0810810810813,37,deposit,Zero deposit
20260520_153034,20260520,Lambeth,9,1000.0,1675.0,925.0,3200.0,,,0,deposit,Deposit not listed
20260520_153034,20260520,Lambeth,797,3033.0,3498.5018820577166,800.0,22013.0,3460.0,3976.986554621849,595,furnish_type,Furnished
20260520_153034,20260520,Lambeth,288,2400.0,2969.8229166666665,120.0,22750.0,2308.0,2788.6629213483147,267,furnish_type,Unfurnished
20260520_153034,20260520,Lambeth,138,2550.0,3368.057971014493,75.0,35000.0,2769.0,3771.701612903226,124,furnish_type,Ask agent
20260520_153034,20260520,Lambeth,97,2300.0,2617.1546391752577,950.0,6500.0,2538.0,3029.8023255813955,86,furnish_type,Part furnished
20260520_153034,20260520,Lambeth,90,2550.0,3288.733333333333,1100.0,17000.0,2884.0,4069.1785714285716,84,furnish_type,"Furnished or unfurnished, landlord is flexible"
20260520_153034,20260520,Lambeth,9,1000.0,1675.0,925.0,3200.0,,,0,furnish_type,Unknown
20260520_153034,20260520,Lambeth,1281,2795.0,3241.129586260734,75.0,35000.0,2885.0,3573.8058435438265,1061,investment_opportunity,Unknown
20260520_153034,20260520,Lambeth,138,3250.0,3778.586956521739,900.0,17498.0,3692.0,4096.178947368421,95,investment_opportunity,Investment opportunity
20260520_153034,20260520,Lambeth,1419,2817.0,3293.3981677237493,75.0,35000.0,2997.0,3616.734429065744,1156,let_type,Unknown
20260520_153034,20260520,Lambeth,932,2470.0,2780.9195278969955,75.0,22750.0,2597.0,2975.603133159269,766,luxury,Unknown
20260520_153034,20260520,Lambeth,487,3500.0,4274.158110882957,800.0,35000.0,3865.0,4875.9820512820515,390,luxury,Luxury
20260520_153034,20260520,Lambeth,1419,2817.0,3293.3981677237493,75.0,35000.0,2997.0,3616.734429065744,1156,online_viewings,No online viewing flag
20260520_153034,20260520,Lambeth,1323,2850.0,3344.201814058957,75.0,35000.0,3000.0,3698.03661971831,1065,pets,Unknown
20260520_153034,20260520,Lambeth,61,2900.0,2877.655737704918,950.0,5990.0,2700.0,2927.1403508771928,57,pets,Pets mentioned
20260520_153034,20260520,Lambeth,35,2250.0,2097.6,800.0,3800.0,2307.5,2226.1470588235293,34,pets,No pets
20260520_153034,20260520,Lambeth,1039,2900.0,3423.2021174205966,120.0,35000.0,3000.0,3804.8988095238096,840,price_reduced,Not reduced
20260520_153034,20260520,Lambeth,380,2657.5,2938.4868421052633,75.0,21667.0,2884.0,3116.5506329113923,316,price_reduced,Price reduced
20260520_153034,20260520,Lambeth,646,2600.0,3016.0077399380807,925.0,21667.0,2769.0,3222.9097345132745,565,property_type,Flat
20260520_153034,20260520,Lambeth,497,3185.0,3764.8853118712273,1175.0,35000.0,3500.0,4342.647222222222,360,property_type,Apartment
20260520_153034,20260520,Lambeth,65,1517.0,1868.4,1000.0,4117.0,1494.0,1616.3829787234042,47,property_type,Studio
20260520_153034,20260520,Lambeth,39,2595.0,2650.5897435897436,950.0,6500.0,2740.0,2586.0882352941176,34,property_type,Maisonette
20260520_153034,20260520,Lambeth,39,3950.0,4010.871794871795,950.0,9000.0,4124.0,4486.555555555556,36,property_type,Terraced
20260520_153034,20260520,Lambeth,22,4650.0,5697.636363636364,1400.0,17498.0,5193.0,5571.857142857143,21,property_type,House
20260520_153034,20260520,Lambeth,21,950.0,1010.4761904761905,800.0,1450.0,1000.0,1007.2631578947369,19,property_type,House Share
20260520_153034,20260520,Lambeth,19,4350.0,5469.8421052631575,2100.0,17000.0,4846.0,6238.055555555556,18,property_type,Semi-Detached
20260520_153034,20260520,Lambeth,15,1101.0,1124.6,800.0,1999.0,1000.0,1050.3333333333333,9,property_type,Flat Share
20260520_153034,20260520,Lambeth,14,2475.0,2605.3571428571427,600.0,6550.0,2554.0,2316.6666666666665,12,property_type,Not Specified
20260520_153034,20260520,Lambeth,8,3925.0,4581.25,1000.0,10000.0,6404.0,6278.666666666667,6,property_type,End of Terrace
20260520_153034,20260520,Lambeth,8,2300.0,2225.0,1375.0,3150.0,2192.0,1961.2857142857142,7,property_type,Ground Flat
20260520_153034,20260520,Lambeth,7,6750.0,7057.142857142857,1750.0,17500.0,8653.0,9177.714285714286,7,property_type,Penthouse
20260520_153034,20260520,Lambeth,5,3500.0,5359.8,1800.0,15000.0,3442.0,8298.0,4,property_type,Detached
20260520_153034,20260520,Lambeth,4,1010.0,1565.5,75.0,4167.0,1165.0,1165.0,2,property_type,Parking
20260520_153034,20260520,Lambeth,2,2375.0,2375.0,1750.0,3000.0,2740.0,2740.0,2,property_type,Duplex
20260520_153034,20260520,Lambeth,2,2975.0,2975.0,2500.0,3450.0,2885.0,2885.0,1,property_type,Retirement Property
20260520_153034,20260520,Lambeth,2,3000.0,3000.0,2500.0,3500.0,3461.0,3461.0,2,property_type,Town House
20260520_153034,20260520,Lambeth,1,3300.0,3300.0,3300.0,3300.0,3807.0,3807.0,1,property_type,Bungalow
20260520_153034,20260520,Lambeth,1,2250.0,2250.0,2250.0,2250.0,2597.0,2597.0,1,property_type,Link Detached House
20260520_153034,20260520,Lambeth,1,7000.0,7000.0,7000.0,7000.0,9692.0,9692.0,1,property_type,Mews
20260520_153034,20260520,Lambeth,1,2600.0,2600.0,2600.0,2600.0,3000.0,3000.0,1,property_type,Triplex
20260520_153034,20260520,Lambeth,1279,2900.0,3390.5762314308054,75.0,35000.0,3000.0,3722.1100478468898,1045,student_suitable,Not student suitable
20260520_153034,20260520,Lambeth,140,2097.5,2405.6071428571427,835.0,7000.0,2423.0,2624.6846846846847,111,student_suitable,Student suitable
20260520_153034,20260520,Lambeth,1373,2850.0,3316.102694828842,75.0,35000.0,3000.0,3635.437890974084,1119,zero_deposit,Unknown
20260520_153034,20260520,Lambeth,46,2500.0,2615.717391304348,950.0,7500.0,2769.0,3051.0810810810813,37,zero_deposit,Zero deposit
20260520_153034,20260520,Lewisham,241,1550.0,1522.1784232365146,625.0,3033.0,1725.0,1492.4450261780105,191,bedrooms,1 bed
20260520_153034,20260520,Lewisham,189,2100.0,2147.10582010582,1079.0,4195.0,2307.0,2230.383116883117,154,bedrooms,2 bed
20260520_153034,20260520,Lewisham,108,2650.0,2661.3425925925926,715.0,5200.0,2942.0,2900.1529411764704,85,bedrooms,3 bed
20260520_153034,20260520,Lewisham,69,1295.0,1299.3188405797102,750.0,2295.0,1441.0,1364.8541666666667,48,bedrooms,Studio / 0 bed
20260520_153034,20260520,Lewisham,24,3600.0,3585.8333333333335,2500.0,4767.0,3865.0,3416.1,20,bedrooms,4 bed
20260520_153034,20260520,Lewisham,20,3825.0,4008.8,728.0,12000.0,4384.0,4574.294117647059,17,bedrooms,5+ bed
20260520_153034,20260520,Lewisham,547,2000.0,2135.08957952468,695.0,12000.0,2135.0,2245.0799086757993,438,bills,Unknown
20260520_153034,20260520,Lewisham,104,1000.0,1423.7307692307693,625.0,6200.0,980.0,1341.5844155844156,77,bills,Bills included
20260520_153034,20260520,Lewisham,608,1810.0,1989.5526315789473,625.0,12000.0,2019.0,2102.5163265306123,490,build_to_rent,Not build to rent
20260520_153034,20260520,Lewisham,43,2365.0,2472.4186046511627,1750.0,4475.0,2370.0,2256.56,25,build_to_rent,Build to rent
20260520_153034,20260520,Lewisham,590,1900.0,2040.613559322034,625.0,12000.0,2076.0,2135.1305263157897,475,deposit,Deposit listed
20260520_153034,20260520,Lewisham,61,1825.0,1836.0655737704917,695.0,3720.0,1920.0,1811.5,40,deposit,Zero deposit
20260520_153034,20260520,Lewisham,277,1946.0,2032.5992779783394,625.0,12000.0,2117.0,2082.131067961165,206,furnish_type,Furnished
20260520_153034,20260520,Lewisham,233,1800.0,2039.5622317596567,800.0,5000.0,2019.0,2198.2116402116403,189,furnish_type,Unfurnished
20260520_153034,20260520,Lewisham,48,1875.0,1903.2916666666667,900.0,3995.0,1995.0,2016.093023255814,43,furnish_type,Part furnished
20260520_153034,20260520,Lewisham,47,1825.0,1992.0851063829787,685.0,3500.0,2047.5,2149.15,40,furnish_type,"Furnished or unfurnished, landlord is flexible"
20260520_153034,20260520,Lewisham,46,1775.0,2015.8260869565217,700.0,5200.0,1795.0,1881.2972972972973,37,furnish_type,Ask agent
20260520_153034,20260520,Lewisham,603,1900.0,2024.971807628524,625.0,12000.0,2076.0,2151.5895833333334,480,investment_opportunity,Unknown
20260520_153034,20260520,Lewisham,48,1924.0,1977.1666666666667,650.0,4195.0,1240.0,1539.5428571428572,35,investment_opportunity,Investment opportunity
20260520_153034,20260520,Lewisham,651,1900.0,2021.447004608295,625.0,12000.0,2019.0,2109.9941747572816,515,let_type,Unknown
20260520_153034,20260520,Lewisham,543,1825.0,1985.5451197053408,625.0,12000.0,1998.5,2056.9147465437786,434,luxury,Unknown
20260520_153034,20260520,Lewisham,108,2024.0,2201.953703703704,875.0,4767.0,2317.0,2394.395061728395,81,luxury,Luxury
20260520_153034,20260520,Lewisham,651,1900.0,2021.447004608295,625.0,12000.0,2019.0,2109.9941747572816,515,online_viewings,No online viewing flag
20260520_153034,20260520,Lewisham,566,1850.0,2012.3003533568904,625.0,12000.0,2019.0,2115.4298440979956,449,pets,Unknown
20260520_153034,20260520,Lewisham,51,2365.0,2444.8039215686276,800.0,4475.0,2365.0,2429.891891891892,37,pets,Pets mentioned
20260520_153034,20260520,Lewisham,34,1258.0,1538.6764705882354,685.0,3950.0,1385.0,1617.6896551724137,29,pets,No pets
20260520_153034,20260520,Lewisham,466,1950.0,2119.922746781116,650.0,12000.0,2076.0,2201.4931506849316,365,price_reduced,Not reduced
20260520_153034,20260520,Lewisham,185,1750.0,1773.3945945945945,625.0,6200.0,1904.0,1887.3466666666666,150,price_reduced,Price reduced
20260520_153034,20260520,Lewisham,291,1825.0,1987.274914089347,795.0,4475.0,2048.0,2136.659663865546,238,property_type,Flat
20260520_153034,20260520,Lewisham,130,2100.0,2161.0538461538463,1000.0,4475.0,2250.0,2211.326530612245,98,property_type,Apartment
20260520_153034,20260520,Lewisham,44,875.0,908.9772727272727,625.0,1540.0,923.0,857.2972972972973,37,property_type,House Share
20260520_153034,20260520,Lewisham,38,2575.0,2835.815789473684,1750.0,5200.0,2884.5,2848.25,32,property_type,Terraced
20260520_153034,20260520,Lewisham,28,971.0,1100.0,685.0,1946.0,790.0,486.2307692307692,13,property_type,Flat Share
20260520_153034,20260520,Lewisham,27,1295.0,1297.1851851851852,750.0,1820.0,1441.0,1410.909090909091,22,property_type,Studio
20260520_153034,20260520,Lewisham,23,1995.0,2029.8260869565217,800.0,5200.0,2076.5,2019.25,20,property_type,Maisonette
20260520_153034,20260520,Lewisham,16,2900.0,3206.25,2200.0,5300.0,3345.5,3483.5714285714284,14,property_type,Semi-Detached
20260520_153034,20260520,Lewisham,15,2500.0,2728.3333333333335,825.0,5600.0,3173.0,3205.923076923077,13,property_type,House
20260520_153034,20260520,Lewisham,14,2625.0,2896.0714285714284,2200.0,4000.0,3173.0,3196.5,12,property_type,End of Terrace
20260520_153034,20260520,Lewisham,8,1750.0,1694.125,1300.0,2058.0,1500.0,1323.3333333333333,3,property_type,Ground Flat
20260520_153034,20260520,Lewisham,4,1776.0,1788.0,850.0,2750.0,725.0,1155.75,4,property_type,Not Specified
20260520_153034,20260520,Lewisham,3,6200.0,6950.0,2650.0,12000.0,5617.0,5617.0,2,property_type,Detached
20260520_153034,20260520,Lewisham,3,950.0,950.0,900.0,1000.0,1096.0,1095.6666666666667,3,property_type,House of Multiple Occupation
20260520_153034,20260520,Lewisham,1,2000.0,2000.0,2000.0,2000.0,,,0,property_type,Cottage
20260520_153034,20260520,Lewisham,1,3300.0,3300.0,3300.0,3300.0,,,0,property_type,Duplex
20260520_153034,20260520,Lewisham,1,2800.0,2800.0,2800.0,2800.0,3230.0,3230.0,1,property_type,Ground Maisonette
20260520_153034,20260520,Lewisham,1,3500.0,3500.0,3500.0,3500.0,4038.0,4038.0,1,property_type,Mews
20260520_153034,20260520,Lewisham,1,1400.0,1400.0,1400.0,1400.0,1615.0,1615.0,1,property_type,Parking
20260520_153034,20260520,Lewisham,1,2292.0,2292.0,2292.0,2292.0,0.0,0.0,1,property_type,Private Halls
20260520_153034,20260520,Lewisham,1,3995.0,3995.0,3995.0,3995.0,,,0,property_type,Town House
20260520_153034,20260520,Lewisham,514,1900.0,2024.0875486381324,625.0,12000.0,2076.0,2147.041769041769,407,student_suitable,Not student suitable
20260520_153034,20260520,Lewisham,137,1800.0,2011.5401459854015,685.0,5600.0,1769.0,1970.3796296296296,108,student_suitable,Student suitable
20260520_153034,20260520,Lewisham,590,1900.0,2040.613559322034,625.0,12000.0,2076.0,2135.1305263157897,475,zero_deposit,Unknown
20260520_153034,20260520,Lewisham,61,1825.0,1836.0655737704917,695.0,3720.0,1920.0,1811.5,40,zero_deposit,Zero deposit
20260520_153034,20260520,Merton,145,2350.0,2864.8275862068967,900.0,23833.0,2538.0,2541.0451127819547,133,bedrooms,2 bed
20260520_153034,20260520,Merton,118,2850.0,4168.8050847457625,810.0,28167.0,2884.0,2991.4150943396226,106,bedrooms,3 bed
20260520_153034,20260520,Merton,109,1700.0,1765.1100917431193,600.0,11267.0,1788.0,1636.3367346938776,98,bedrooms,1 bed
20260520_153034,20260520,Merton,70,3825.0,4789.442857142857,900.0,26000.0,4039.0,4415.7213114754095,61,bedrooms,4 bed
20260520_153034,20260520,Merton,49,10750.0,12290.387755102041,979.0,40083.0,9000.0,12553.0,42,bedrooms,5+ bed
20260520_153034,20260520,Merton,19,1350.0,3474.1052631578946,800.0,22864.0,1612.0,1788.2142857142858,14,bedrooms,Studio / 0 bed
20260520_153034,20260520,Merton,473,2600.0,4300.232558139535,750.0,40083.0,2653.0,3745.9645390070923,423,bills,Unknown
20260520_153034,20260520,Merton,36,925.0,1866.7777777777778,600.0,5500.0,936.5,1699.5666666666666,30,bills,Bills included
20260520_153034,20260520,Merton,1,2000.0,2000.0,2000.0,2000.0,1500.0,1500.0,1,bills,Bills excluded
20260520_153034,20260520,Merton,510,2550.0,4123.949019607843,600.0,40083.0,2597.0,3605.79295154185,454,build_to_rent,Not build to rent
20260520_153034,20260520,Merton,498,2600.0,4176.5341365461845,600.0,40083.0,2597.0,3630.496629213483,445,deposit,Deposit listed
20260520_153034,20260520,Merton,9,2150.0,2300.0,1400.0,3900.0,2480.0,2384.3333333333335,9,deposit,Zero deposit
20260520_153034,20260520,Merton,3,800.0,866.6666666666666,800.0,1000.0,,,0,deposit,Deposit not listed
20260520_153034,20260520,Merton,254,2700.5,3711.2913385826773,1250.0,18000.0,2769.0,4122.182978723405,235,furnish_type,Unfurnished
20260520_153034,20260520,Merton,108,2175.0,4846.111111111111,700.0,40083.0,2076.0,2367.5393258426966,89,furnish_type,Furnished
20260520_153034,20260520,Merton,66,3000.0,5414.787878787879,700.0,26000.0,2954.0,2986.7118644067796,59,furnish_type,Ask agent
20260520_153034,20260520,Merton,45,2250.0,3464.222222222222,600.0,23500.0,2480.0,3497.641025641026,39,furnish_type,Part furnished
20260520_153034,20260520,Merton,34,2200.0,3567.6470588235293,750.0,20000.0,2567.0,4530.6875,32,furnish_type,"Furnished or unfurnished, landlord is flexible"
20260520_153034,20260520,Merton,3,800.0,866.6666666666666,800.0,1000.0,,,0,furnish_type,Unknown
20260520_153034,20260520,Merton,487,2600.0,4188.287474332649,600.0,40083.0,2612.5,3647.7731481481483,432,investment_opportunity,Unknown
20260520_153034,20260520,Merton,23,2199.0,2761.6521739130435,900.0,10750.0,2537.0,2781.4545454545455,22,investment_opportunity,Investment opportunity
20260520_153034,20260520,Merton,510,2550.0,4123.949019607843,600.0,40083.0,2597.0,3605.79295154185,454,let_type,Unknown
20260520_153034,20260520,Merton,444,2500.0,3360.2972972972975,600.0,28167.0,2597.0,3157.2286432160804,398,luxury,Unknown
20260520_153034,20260520,Merton,66,4000.0,9261.242424242424,850.0,40083.0,2552.5,6793.803571428572,56,luxury,Luxury
20260520_153034,20260520,Merton,510,2550.0,4123.949019607843,600.0,40083.0,2597.0,3605.79295154185,454,online_viewings,No online viewing flag
20260520_153034,20260520,Merton,491,2550.0,4153.584521384929,600.0,40083.0,2597.0,3603.419724770642,436,pets,Unknown
20260520_153034,20260520,Merton,10,1675.0,2312.9,750.0,5500.0,1550.0,1914.4444444444443,9,pets,No pets
20260520_153034,20260520,Merton,9,2750.0,4519.444444444444,1650.0,16500.0,2850.0,5412.111111111111,9,pets,Pets mentioned
20260520_153034,20260520,Merton,352,2600.0,4255.392045454545,600.0,35750.0,2597.0,3487.2618296529968,317,price_reduced,Not reduced
20260520_153034,20260520,Merton,158,2500.0,3831.1139240506327,700.0,40083.0,2597.0,3880.058394160584,137,price_reduced,Price reduced
20260520_153034,20260520,Merton,184,2262.5,2610.804347826087,1250.0,8667.0,2481.0,2537.103448275862,174,property_type,Flat
20260520_153034,20260520,Merton,62,2050.0,2622.2258064516127,1350.0,23833.0,2250.0,2151.8596491228072,57,property_type,Apartment
20260520_153034,20260520,Merton,62,3725.0,6626.548387096775,700.0,40083.0,3289.0,4239.418181818181,55,property_type,House
20260520_153034,20260520,Merton,62,3550.0,4425.725806451613,1850.0,26000.0,3116.0,3638.0175438596493,57,property_type,Terraced
20260520_153034,20260520,Merton,30,2575.0,3036.7,1500.0,10833.0,2538.0,2546.5384615384614,26,property_type,Maisonette
20260520_153034,20260520,Merton,27,4950.0,7625.148148148148,2400.0,21667.0,5712.0,7526.761904761905,21,property_type,Semi-Detached
20260520_153034,20260520,Merton,20,12500.0,13968.1,800.0,35750.0,17300.0,18490.941176470587,17,property_type,Detached
20260520_153034,20260520,Merton,20,800.0,833.95,700.0,979.0,900.0,1005.0769230769231,13,property_type,House Share
20260520_153034,20260520,Merton,16,3500.0,4953.125,1950.0,26000.0,2654.0,2732.0714285714284,14,property_type,End of Terrace
20260520_153034,20260520,Merton,10,1397.5,1404.5,1150.0,1700.0,1667.0,1546.7777777777778,9,property_type,Studio
20260520_153034,20260520,Merton,5,2700.0,9762.6,1000.0,22864.0,4057.5,4057.5,2,property_type,Not Specified
20260520_153034,20260520,Merton,3,3350.0,3366.6666666666665,2750.0,4000.0,3461.5,3461.5,2,property_type,Town House
20260520_153034,20260520,Merton,2,675.0,675.0,600.0,750.0,692.0,692.0,1,property_type,Flat Share
20260520_153034,20260520,Merton,2,1622.5,1622.5,1595.0,1650.0,1871.5,1871.5,2,property_type,Ground Flat
20260520_153034,20260520,Merton,2,2900.0,2900.0,2800.0,3000.0,3345.5,3345.5,2,property_type,Ground Maisonette
20260520_153034,20260520,Merton,2,1025.0,1025.0,950.0,1100.0,1182.5,1182.5,2,property_type,House of Multiple Occupation
20260520_153034,20260520,Merton,1,17333.0,17333.0,17333.0,17333.0,,,0,property_type,Cottage
20260520_153034,20260520,Merton,474,2600.0,4197.601265822785,600.0,40083.0,2648.0,3660.510739856802,419,student_suitable,Not student suitable
20260520_153034,20260520,Merton,36,2142.5,3154.1944444444443,700.0,20833.0,2195.0,2950.7428571428572,35,student_suitable,Student suitable
20260520_153034,20260520,Merton,501,2575.0,4156.714570858284,600.0,40083.0,2597.0,3630.496629213483,445,zero_deposit,Unknown
20260520_153034,20260520,Merton,9,2150.0,2300.0,1400.0,3900.0,2480.0,2384.3333333333335,9,zero_deposit,Zero deposit
20260520_153034,20260520,Newham,294,2400.0,2468.8639455782313,1500.0,7000.0,2567.0,2572.090909090909,209,bedrooms,2 bed
20260520_153034,20260520,Newham,247,1900.0,1922.51012145749,560.0,4500.0,2076.0,1842.8145695364237,151,bedrooms,1 bed
20260520_153034,20260520,Newham,144,2650.0,3001.0208333333335,1900.0,17767.0,2884.0,3035.576923076923,104,bedrooms,3 bed
20260520_153034,20260520,Newham,52,1684.0,1604.75,150.0,2500.0,1863.0,1706.0645161290322,31,bedrooms,Studio / 0 bed
20260520_153034,20260520,Newham,46,2925.0,3389.304347826087,698.0,12000.0,3202.0,3426.6052631578946,38,bedrooms,4 bed
20260520_153034,20260520,Newham,14,3700.0,3600.5714285714284,724.0,7497.0,3923.0,3862.5454545454545,11,bedrooms,5+ bed
20260520_153034,20260520,Newham,758,2300.0,2468.4736147757258,150.0,17767.0,2538.0,2543.0442307692306,520,bills,Unknown
20260520_153034,20260520,Newham,39,995.0,1320.8461538461538,698.0,5500.0,880.0,1447.3333333333333,24,bills,Bills included
20260520_153034,20260520,Newham,668,2296.0,2379.5763473053894,150.0,17767.0,2500.0,2493.0506822612087,513,build_to_rent,Not build to rent
20260520_153034,20260520,Newham,129,2440.0,2581.8527131782944,1450.0,6500.0,2653.0,2522.064516129032,31,build_to_rent,Build to rent
20260520_153034,20260520,Newham,723,2300.0,2409.207468879668,150.0,17767.0,2500.0,2494.162271805274,493,deposit,Deposit listed
20260520_153034,20260520,Newham,73,2395.0,2465.1917808219177,1000.0,5050.0,2538.0,2499.9411764705883,51,deposit,Zero deposit
20260520_153034,20260520,Newham,1,800.0,800.0,800.0,800.0,,,0,deposit,Deposit not listed
20260520_153034,20260520,Newham,460,2300.0,2422.6608695652176,560.0,17767.0,2595.0,2590.222950819672,305,furnish_type,Furnished
20260520_153034,20260520,Newham,152,2300.0,2353.4802631578946,250.0,7999.0,2394.0,2393.9056603773583,106,furnish_type,Unfurnished
20260520_153034,20260520,Newham,79,2200.0,2494.7088607594937,150.0,12000.0,2221.5,2215.3125,64,furnish_type,Ask agent
20260520_153034,20260520,Newham,57,2496.0,2507.2280701754385,1400.0,5750.0,2750.0,2559.3023255813955,43,furnish_type,Part furnished
20260520_153034,20260520,Newham,48,2200.0,2284.7708333333335,875.0,6500.0,2308.0,2366.0384615384614,26,furnish_type,"Furnished or unfurnished, landlord is flexible"
20260520_153034,20260520,Newham,1,800.0,800.0,800.0,800.0,,,0,furnish_type,Unknown
20260520_153034,20260520,Newham,717,2300.0,2438.9037656903765,250.0,17767.0,2538.0,2524.7525987525987,481,investment_opportunity,Unknown
20260520_153034,20260520,Newham,80,2199.5,2174.025,150.0,4650.0,2423.0,2265.285714285714,63,investment_opportunity,Investment opportunity
20260520_153034,20260520,Newham,797,2300.0,2412.3161856963616,150.0,17767.0,2519.5,2494.704044117647,544,let_type,Unknown
20260520_153034,20260520,Newham,494,2200.0,2257.564777327935,150.0,7497.0,2423.0,2370.2967914438505,374,luxury,Unknown
20260520_153034,20260520,Newham,303,2400.0,2664.6171617161717,250.0,17767.0,2596.0,2768.4,170,luxury,Luxury
20260520_153034,20260520,Newham,797,2300.0,2412.3161856963616,150.0,17767.0,2519.5,2494.704044117647,544,online_viewings,No online viewing flag
20260520_153034,20260520,Newham,681,2300.0,2387.6754772393538,150.0,17767.0,2500.0,2499.1721311475408,488,pets,Unknown
20260520_153034,20260520,Newham,95,2560.0,2734.2842105263157,1450.0,6500.0,2826.0,2739.4871794871797,39,pets,Pets mentioned
20260520_153034,20260520,Newham,21,1950.0,1754.857142857143,698.0,5500.0,2080.0,1804.8823529411766,17,pets,No pets
20260520_153034,20260520,Newham,585,2350.0,2490.5247863247864,150.0,17767.0,2538.0,2559.529411764706,391,price_reduced,Not reduced
20260520_153034,20260520,Newham,212,2187.5,2196.504716981132,250.0,5000.0,2480.0,2329.0392156862745,153,price_reduced,Price reduced
20260520_153034,20260520,Newham,317,2201.0,2492.457413249211,1300.0,17767.0,2423.5,2578.21484375,256,property_type,Flat
20260520_153034,20260520,Newham,292,2375.0,2411.3630136986303,1400.0,6000.0,2653.0,2617.3785714285714,140,property_type,Apartment
20260520_153034,20260520,Newham,73,2500.0,2836.301369863014,1900.0,7497.0,2827.0,2676.2950819672133,61,property_type,Terraced
20260520_153034,20260520,Newham,25,875.0,922.28,760.0,1308.0,850.0,1101.4285714285713,21,property_type,House Share
20260520_153034,20260520,Newham,20,1733.5,1680.15,1000.0,2253.0,1788.0,1777.6363636363637,11,property_type,Studio
20260520_153034,20260520,Newham,19,2300.0,2555.7894736842104,1900.0,4500.0,2490.0,2423.0,18,property_type,House
20260520_153034,20260520,Newham,12,870.0,924.5833333333334,698.0,1473.0,860.0,803.8,5,property_type,Flat Share
20260520_153034,20260520,Newham,7,2650.0,2899.285714285714,2100.0,4800.0,3150.0,3296.0,5,property_type,End of Terrace
20260520_153034,20260520,Newham,6,2500.0,2566.6666666666665,1750.0,3500.0,2084.5,1848.5,6,property_type,Penthouse
20260520_153034,20260520,Newham,6,3975.0,4541.5,2500.0,7999.0,3057.0,3240.1666666666665,6,property_type,Semi-Detached
20260520_153034,20260520,Newham,5,3950.0,4160.0,3300.0,5200.0,4600.0,5375.333333333333,3,property_type,Town House
20260520_153034,20260520,Newham,3,2500.0,1903.3333333333333,560.0,2650.0,259.0,259.0,1,property_type,Detached
20260520_153034,20260520,Newham,3,1750.0,1866.6666666666667,1250.0,2600.0,1750.0,1866.6666666666667,3,property_type,Ground Flat
20260520_153034,20260520,Newham,3,250.0,250.0,150.0,350.0,344.0,344.0,2,property_type,Parking
20260520_153034,20260520,Newham,2,1562.5,1562.5,625.0,2500.0,360.5,360.5,2,property_type,Not Specified
20260520_153034,20260520,Newham,1,3000.0,3000.0,3000.0,3000.0,3461.0,3461.0,1,property_type,Duplex
20260520_153034,20260520,Newham,1,250.0,250.0,250.0,250.0,250.0,250.0,1,property_type,Garages
20260520_153034,20260520,Newham,1,850.0,850.0,850.0,850.0,980.0,980.0,1,property_type,House of Multiple Occupation
20260520_153034,20260520,Newham,1,1995.0,1995.0,1995.0,1995.0,1995.0,1995.0,1,property_type,Maisonette
20260520_153034,20260520,Newham,710,2300.0,2450.6661971830986,150.0,17767.0,2538.0,2517.6751592356686,471,student_suitable,Not student suitable
20260520_153034,20260520,Newham,87,2100.0,2099.344827586207,700.0,5500.0,2400.0,2346.4931506849316,73,student_suitable,Student suitable
20260520_153034,20260520,Newham,724,2300.0,2406.984806629834,150.0,17767.0,2500.0,2494.162271805274,493,zero_deposit,Unknown
20260520_153034,20260520,Newham,73,2395.0,2465.1917808219177,1000.0,5050.0,2538.0,2499.9411764705883,51,zero_deposit,Zero deposit
20260520_153034,20260520,Redbridge,160,1850.0,1877.61875,1495.0,2700.0,2076.0,2079.3565891472867,129,bedrooms,2 bed
20260520_153034,20260520,Redbridge,140,1400.0,1435.557142857143,600.0,7000.0,1500.0,1403.122807017544,114,bedrooms,1 bed
20260520_153034,20260520,Redbridge,83,2350.0,2376.626506024096,1750.0,4000.0,2653.0,2687.1363636363635,66,bedrooms,3 bed
20260520_153034,20260520,Redbridge,55,1100.0,1074.290909090909,150.0,1600.0,1100.0,1065.046511627907,43,bedrooms,Studio / 0 bed
20260520_153034,20260520,Redbridge,48,2800.0,2868.8125,2300.0,4750.0,3230.0,3292.05,40,bedrooms,4 bed
20260520_153034,20260520,Redbridge,22,3850.0,3923.818181818182,2500.0,5500.0,4327.0,4246.105263157895,19,bedrooms,5+ bed
20260520_153034,20260520,Redbridge,457,1850.0,2018.7833698030634,150.0,7000.0,2077.0,2230.9424657534246,365,bills,Unknown
20260520_153034,20260520,Redbridge,50,925.0,1073.72,600.0,2750.0,1015.0,1053.4444444444443,45,bills,Bills included
20260520_153034,20260520,Redbridge,1,5500.0,5500.0,5500.0,5500.0,2000.0,2000.0,1,bills,Bills excluded
20260520_153034,20260520,Redbridge,474,1800.0,1925.012658227848,150.0,7000.0,2019.0,2094.532663316583,398,build_to_rent,Not build to rent
20260520_153034,20260520,Redbridge,34,2049.5,2038.6470588235295,1445.0,2760.0,2284.0,2313.4615384615386,13,build_to_rent,Build to rent
20260520_153034,20260520,Redbridge,479,1800.0,1928.4342379958246,150.0,7000.0,2019.0,2101.7336683417084,398,deposit,Deposit listed
20260520_153034,20260520,Redbridge,28,1925.0,2008.9285714285713,725.0,4500.0,2134.0,2093.0,13,deposit,Zero deposit
20260520_153034,20260520,Redbridge,1,1800.0,1800.0,1800.0,1800.0,,,0,deposit,Deposit not listed
20260520_153034,20260520,Redbridge,216,1897.5,2066.4074074074074,150.0,4500.0,2192.0,2334.957671957672,189,furnish_type,Unfurnished
20260520_153034,20260520,Redbridge,134,1500.0,1555.2313432835822,595.0,5500.0,1392.0,1477.2857142857142,98,furnish_type,Furnished
20260520_153034,20260520,Redbridge,66,2050.0,2414.469696969697,1000.0,7000.0,2105.0,2570.7916666666665,48,furnish_type,Part furnished
20260520_153034,20260520,Redbridge,57,1750.0,1824.9122807017543,185.0,3300.0,2047.0,2091.82,50,furnish_type,Ask agent
20260520_153034,20260520,Redbridge,34,1825.0,1819.1176470588234,725.0,3500.0,1890.0,1908.8076923076924,26,furnish_type,"Furnished or unfurnished, landlord is flexible"
20260520_153034,20260520,Redbridge,1,1800.0,1800.0,1800.0,1800.0,,,0,furnish_type,Unknown
20260520_153034,20260520,Redbridge,449,1800.0,1928.2583518930958,150.0,7000.0,2019.0,2102.136490250696,359,investment_opportunity,Unknown
20260520_153034,20260520,Redbridge,59,1850.0,1965.7966101694915,595.0,5500.0,2075.5,2096.769230769231,52,investment_opportunity,Investment opportunity
20260520_153034,20260520,Redbridge,508,1800.0,1932.6181102362204,150.0,7000.0,2019.0,2101.4574209245743,411,let_type,Unknown
20260520_153034,20260520,Redbridge,417,1750.0,1871.5131894484412,150.0,7000.0,1973.5,2035.9441340782123,358,luxury,Unknown
20260520_153034,20260520,Redbridge,91,2150.0,2212.6263736263736,700.0,5500.0,2400.0,2543.9811320754716,53,luxury,Luxury
20260520_153034,20260520,Redbridge,508,1800.0,1932.6181102362204,150.0,7000.0,2019.0,2101.4574209245743,411,online_viewings,No online viewing flag
20260520_153034,20260520,Redbridge,447,1800.0,1939.8008948545862,150.0,7000.0,2019.0,2131.544474393531,371,pets,Unknown
20260520_153034,20260520,Redbridge,40,1935.0,2063.6,600.0,4499.0,2135.0,2267.1052631578946,19,pets,Pets mentioned
20260520_153034,20260520,Redbridge,21,1300.0,1530.2380952380952,600.0,3750.0,1300.0,1420.047619047619,21,pets,No pets
20260520_153034,20260520,Redbridge,365,1800.0,1939.5068493150684,150.0,7000.0,1962.0,2076.1516245487364,277,price_reduced,Not reduced
20260520_153034,20260520,Redbridge,143,1850.0,1915.0349650349651,185.0,5500.0,2105.5,2153.768656716418,134,price_reduced,Price reduced
20260520_153034,20260520,Redbridge,183,1750.0,1757.9180327868853,950.0,2760.0,1961.0,1911.6,145,property_type,Flat
20260520_153034,20260520,Redbridge,65,1800.0,1777.2923076923078,680.0,2700.0,1961.0,1944.25,52,property_type,Apartment
20260520_153034,20260520,Redbridge,57,2500.0,2572.0175438596493,1775.0,3900.0,2884.0,2901.7708333333335,48,property_type,Terraced
20260520_153034,20260520,Redbridge,38,2700.0,2851.0,700.0,4500.0,3000.0,3286.259259259259,27,property_type,Semi-Detached
20260520_153034,20260520,Redbridge,38,1177.5,1151.5526315789473,675.0,1600.0,1149.0,1170.6,30,property_type,Studio
20260520_153034,20260520,Redbridge,30,800.0,808.3666666666667,595.0,1300.0,825.0,783.5384615384615,26,property_type,House Share
20260520_153034,20260520,Redbridge,23,2400.0,3040.0,1995.0,7000.0,2884.0,3222.75,20,property_type,End of Terrace
20260520_153034,20260520,Redbridge,20,2700.0,2687.75,800.0,5500.0,3115.0,2856.85,20,property_type,House
20260520_153034,20260520,Redbridge,17,1595.0,1993.0588235294117,700.0,4200.0,1476.0,1829.3846153846155,13,property_type,Detached
20260520_153034,20260520,Redbridge,9,1750.0,2183.3333333333335,1550.0,5850.0,1875.0,1922.0,6,property_type,Ground Flat
20260520_153034,20260520,Redbridge,8,1750.0,1806.25,1450.0,2300.0,1846.0,2015.2857142857142,7,property_type,Maisonette
20260520_153034,20260520,Redbridge,3,1750.0,1750.0,1700.0,1800.0,1990.5,1990.5,2,property_type,Not Specified
20260520_153034,20260520,Redbridge,3,1395.0,1456.6666666666667,1350.0,1625.0,1395.0,1540.0,3,property_type,Retirement Property
20260520_153034,20260520,Redbridge,2,1872.5,1872.5,1595.0,2150.0,2160.0,2160.0,2,property_type,Bungalow
20260520_153034,20260520,Redbridge,2,2500.0,2500.0,2000.0,3000.0,2884.0,2884.0,2,property_type,Character Property
20260520_153034,20260520,Redbridge,2,1762.5,1762.5,1750.0,1775.0,2134.5,2134.5,2,property_type,Duplex
20260520_153034,20260520,Redbridge,2,167.5,167.5,150.0,185.0,179.0,179.0,2,property_type,Garages
20260520_153034,20260520,Redbridge,1,895.0,895.0,895.0,895.0,1068.0,1068.0,1,property_type,Barn Conversion
20260520_153034,20260520,Redbridge,1,1450.0,1450.0,1450.0,1450.0,1673.0,1673.0,1,property_type,Chalet
20260520_153034,20260520,Redbridge,1,1000.0,1000.0,1000.0,1000.0,,,0,property_type,Hotel Room
20260520_153034,20260520,Redbridge,1,167.0,167.0,167.0,167.0,,,0,property_type,Parking
20260520_153034,20260520,Redbridge,1,1900.0,1900.0,1900.0,1900.0,2192.0,2192.0,1,property_type,Semi-Detached Bungalow
20260520_153034,20260520,Redbridge,1,2300.0,2300.0,2300.0,2300.0,2650.0,2650.0,1,property_type,Town House
20260520_153034,20260520,Redbridge,468,1800.0,1965.482905982906,150.0,7000.0,2076.0,2157.5564516129034,372,student_suitable,Not student suitable
20260520_153034,20260520,Redbridge,40,1450.0,1548.1,600.0,4499.0,1575.0,1566.3589743589744,39,student_suitable,Student suitable
20260520_153034,20260520,Redbridge,480,1800.0,1928.1666666666667,150.0,7000.0,2019.0,2101.7336683417084,398,zero_deposit,Unknown
20260520_153034,20260520,Redbridge,28,1925.0,2008.9285714285713,725.0,4500.0,2134.0,2093.0,13,zero_deposit,Zero deposit
20260520_153034,20260520,Richmond upon Thames,159,2600.0,2861.710691823899,1675.0,8400.0,2852.0,2930.3732394366198,142,bedrooms,2 bed
20260520_153034,20260520,Richmond upon Thames,132,1750.0,2012.1742424242425,750.0,7887.0,1955.0,1851.4957264957266,117,bedrooms,1 bed
20260520_153034,20260520,Richmond upon Thames,81,3995.0,3930.567901234568,1900.0,8950.0,3804.0,4266.528571428571,70,bedrooms,3 bed
20260520_153034,20260520,Richmond upon Thames,58,7712.0,12214.344827586207,953.0,60000.0,8971.0,13557.729166666666,48,bedrooms,5+ bed
20260520_153034,20260520,Richmond upon Thames,50,4750.0,4755.96,1040.0,12500.0,6173.0,6153.159090909091,44,bedrooms,4 bed
20260520_153034,20260520,Richmond upon Thames,29,1350.0,1414.0689655172414,185.0,5475.0,1494.0,1352.76,25,bedrooms,Studio / 0 bed
20260520_153034,20260520,Richmond upon Thames,470,2750.0,4064.5446808510637,185.0,60000.0,2769.0,4358.306220095694,418,bills,Unknown
20260520_153034,20260520,Richmond upon Thames,38,2225.0,3027.5526315789475,750.0,8333.0,1142.0,2369.3333333333335,27,bills,Bills included
20260520_153034,20260520,Richmond upon Thames,1,850.0,850.0,850.0,850.0,980.0,980.0,1,bills,Bills excluded
20260520_153034,20260520,Richmond upon Thames,509,2700.0,3980.811394891945,185.0,60000.0,2764.0,4230.322869955157,446,build_to_rent,Not build to rent
20260520_153034,20260520,Richmond upon Thames,502,2750.0,4006.7091633466134,185.0,60000.0,2769.0,4256.50569476082,439,deposit,Deposit listed
20260520_153034,20260520,Richmond upon Thames,7,1775.0,2123.5714285714284,850.0,4200.0,2048.0,2588.285714285714,7,deposit,Zero deposit
20260520_153034,20260520,Richmond upon Thames,258,2625.0,3846.4922480620153,795.0,60000.0,2769.0,4238.324786324786,234,furnish_type,Unfurnished
20260520_153034,20260520,Richmond upon Thames,109,2550.0,3932.9816513761466,1000.0,45000.0,2596.0,3734.0841121495328,107,furnish_type,Ask agent
20260520_153034,20260520,Richmond upon Thames,97,3000.0,4114.340206185567,750.0,25000.0,2884.0,4324.6567164179105,67,furnish_type,Furnished
20260520_153034,20260520,Richmond upon Thames,24,3022.5,6206.333333333333,185.0,21000.0,3487.0,7604.95,20,furnish_type,"Furnished or unfurnished, landlord is flexible"
20260520_153034,20260520,Richmond upon Thames,21,2250.0,2719.0476190476193,1195.0,7000.0,2477.5,2975.4444444444443,18,furnish_type,Part furnished
20260520_153034,20260520,Richmond upon Thames,484,2725.0,3996.9586776859505,185.0,60000.0,2711.0,4213.084905660377,424,investment_opportunity,Unknown
20260520_153034,20260520,Richmond upon Thames,25,2500.0,3668.2,1300.0,15000.0,3028.5,4562.545454545455,22,investment_opportunity,Investment opportunity
20260520_153034,20260520,Richmond upon Thames,509,2700.0,3980.811394891945,185.0,60000.0,2764.0,4230.322869955157,446,let_type,Unknown
20260520_153034,20260520,Richmond upon Thames,403,2500.0,3446.8982630272953,185.0,60000.0,2567.0,3558.2387640449438,356,luxury,Unknown
20260520_153034,20260520,Richmond upon Thames,106,3647.5,6010.688679245283,959.0,45000.0,3752.5,6888.788888888889,90,luxury,Luxury
20260520_153034,20260520,Richmond upon Thames,509,2700.0,3980.811394891945,185.0,60000.0,2764.0,4230.322869955157,446,online_viewings,No online viewing flag
20260520_153034,20260520,Richmond upon Thames,493,2650.0,3837.4645030425963,185.0,45000.0,2764.0,4190.291666666667,432,pets,Unknown
20260520_153034,20260520,Richmond upon Thames,11,4750.0,10480.90909090909,1000.0,60000.0,2532.0,6237.777777777777,9,pets,Pets mentioned
20260520_153034,20260520,Richmond upon Thames,5,3000.0,3814.6,990.0,8333.0,3461.0,4075.6,5,pets,No pets
20260520_153034,20260520,Richmond upon Thames,381,2750.0,4195.679790026246,185.0,60000.0,2878.0,4521.36170212766,329,price_reduced,Not reduced
20260520_153034,20260520,Richmond upon Thames,128,2487.5,3341.2421875,750.0,16000.0,2653.0,3411.931623931624,117,price_reduced,Price reduced
20260520_153034,20260520,Richmond upon Thames,179,2200.0,2604.3016759776538,795.0,8950.0,2307.5,2776.932926829268,164,property_type,Flat
20260520_153034,20260520,Richmond upon Thames,145,2350.0,2973.2827586206895,950.0,8400.0,2423.0,2856.909090909091,121,property_type,Apartment
20260520_153034,20260520,Richmond upon Thames,39,3150.0,4311.051282051282,1650.0,15000.0,3458.0,5107.34375,32,property_type,Terraced
20260520_153034,20260520,Richmond upon Thames,38,4500.0,6020.973684210527,1700.0,16000.0,5193.0,7206.666666666667,33,property_type,Semi-Detached
20260520_153034,20260520,Richmond upon Thames,31,4250.0,4679.8387096774195,1500.0,15000.0,5193.0,5905.0344827586205,29,property_type,House
20260520_153034,20260520,Richmond upon Thames,21,15000.0,19003.238095238095,2500.0,60000.0,10000.0,19281.647058823528,17,property_type,Detached
20260520_153034,20260520,Richmond upon Thames,20,2500.0,2704.6,1325.0,4334.0,2246.5,2406.5,18,property_type,Maisonette
20260520_153034,20260520,Richmond upon Thames,12,1450.0,1440.0,1095.0,2200.0,1494.0,1423.3636363636363,11,property_type,Studio
20260520_153034,20260520,Richmond upon Thames,9,4750.0,6110.555555555556,1650.0,15000.0,6223.0,7998.888888888889,9,property_type,End of Terrace
20260520_153034,20260520,Richmond upon Thames,4,904.5,887.25,750.0,990.0,969.5,957.75,4,property_type,House Share
20260520_153034,20260520,Richmond upon Thames,3,7000.0,10500.0,2500.0,22000.0,16759.5,16759.5,2,property_type,Link Detached House
20260520_153034,20260520,Richmond upon Thames,2,3625.0,3625.0,3250.0,4000.0,4182.5,4182.5,2,property_type,Cottage
20260520_153034,20260520,Richmond upon Thames,1,2300.0,2300.0,2300.0,2300.0,2653.0,2653.0,1,property_type,Bungalow
20260520_153034,20260520,Richmond upon Thames,1,5000.0,5000.0,5000.0,5000.0,0.0,0.0,1,property_type,Detached Bungalow
20260520_153034,20260520,Richmond upon Thames,1,185.0,185.0,185.0,185.0,,,0,property_type,Garages
20260520_153034,20260520,Richmond upon Thames,1,1040.0,1040.0,1040.0,1040.0,,,0,property_type,Not Specified
20260520_153034,20260520,Richmond upon Thames,1,5475.0,5475.0,5475.0,5475.0,0.0,0.0,1,property_type,Serviced Apartments
20260520_153034,20260520,Richmond upon Thames,1,5200.0,5200.0,5200.0,5200.0,6000.0,6000.0,1,property_type,Town House
20260520_153034,20260520,Richmond upon Thames,479,2700.0,4039.1085594989563,185.0,60000.0,2769.0,4323.615566037736,424,student_suitable,Not student suitable
20260520_153034,20260520,Richmond upon Thames,30,3099.5,3050.0,750.0,8144.0,1961.5,2432.318181818182,22,student_suitable,Student suitable
20260520_153034,20260520,Richmond upon Thames,502,2750.0,4006.7091633466134,185.0,60000.0,2769.0,4256.50569476082,439,zero_deposit,Unknown
20260520_153034,20260520,Richmond upon Thames,7,1775.0,2123.5714285714284,850.0,4200.0,2048.0,2588.285714285714,7,zero_deposit,Zero deposit
20260520_153034,20260520,Southwark,610,3025.0,3321.7852459016394,1650.0,12850.0,3000.0,4028.988023952096,501,bedrooms,2 bed
20260520_153034,20260520,Southwark,463,2300.0,2429.7235421166306,620.0,8667.0,2192.0,2140.020997375328,381,bedrooms,1 bed
20260520_153034,20260520,Southwark,193,3500.0,4755.093264248705,1863.0,28167.0,3949.0,5426.733766233766,154,bedrooms,3 bed
20260520_153034,20260520,Southwark,81,1800.0,2027.641975308642,130.0,4200.0,1730.0,1633.0461538461539,65,bedrooms,Studio / 0 bed
20260520_153034,20260520,Southwark,76,4000.0,5159.539473684211,2570.0,30000.0,4392.5,5594.3,40,bedrooms,4 bed
20260520_153034,20260520,Southwark,41,5300.0,5841.219512195122,949.0,17500.0,5766.0,6314.0625,32,bedrooms,5+ bed
20260520_153034,20260520,Southwark,1384,2900.0,3385.114161849711,130.0,30000.0,2885.0,3671.7324955116696,1114,bills,Unknown
20260520_153034,20260520,Southwark,80,1643.0,2248.0,675.0,6500.0,1395.0,1885.5593220338983,59,bills,Bills included
20260520_153034,20260520,Southwark,1411,2847.0,3328.500354358611,130.0,30000.0,2884.0,3593.0457685664937,1158,build_to_rent,Not build to rent
20260520_153034,20260520,Southwark,53,3144.0,3175.9245283018868,1600.0,6113.0,2307.0,2720.733333333333,15,build_to_rent,Build to rent
20260520_153034,20260520,Southwark,1405,2850.0,3331.5423487544485,130.0,30000.0,2884.0,3588.6835664335663,1144,deposit,Deposit listed
20260520_153034,20260520,Southwark,53,2700.0,3218.6415094339623,650.0,8200.0,2930.0,3313.9310344827586,29,deposit,Zero deposit
20260520_153034,20260520,Southwark,6,2241.5,2238.8333333333335,1200.0,3300.0,,,0,deposit,Deposit not listed
20260520_153034,20260520,Southwark,750,2999.0,3397.148,620.0,30000.0,3170.0,3889.520947176685,549,furnish_type,Furnished
20260520_153034,20260520,Southwark,412,3000.0,3310.1941747572814,130.0,12000.0,2538.0,2657.694087403599,389,furnish_type,Unfurnished
20260520_153034,20260520,Southwark,169,2800.0,3296.201183431953,130.0,19392.0,2597.0,2769.115107913669,139,furnish_type,Ask agent
20260520_153034,20260520,Southwark,68,2625.0,3249.8676470588234,975.0,17996.0,2250.0,3203.31914893617,47,furnish_type,"Furnished or unfurnished, landlord is flexible"
20260520_153034,20260520,Southwark,60,2500.0,2747.4166666666665,200.0,10000.0,2769.0,10140.918367346938,49,furnish_type,Part furnished
20260520_153034,20260520,Southwark,5,2100.0,2056.6,1200.0,3300.0,,,0,furnish_type,Unknown
20260520_153034,20260520,Southwark,1346,2850.0,3274.8046062407134,130.0,30000.0,2884.0,3519.876269621422,1083,investment_opportunity,Unknown
20260520_153034,20260520,Southwark,118,2750.0,3872.4661016949153,650.0,28000.0,2684.5,4328.133333333333,90,investment_opportunity,Investment opportunity
20260520_153034,20260520,Southwark,1464,2850.0,3322.976775956284,130.0,30000.0,2884.0,3581.8908780903666,1173,let_type,Unknown
20260520_153034,20260520,Southwark,1112,2700.0,2962.3525179856115,130.0,19200.0,2711.0,3138.7053669222346,913,luxury,Unknown
20260520_153034,20260520,Southwark,352,3467.0,4462.221590909091,699.0,30000.0,3865.5,5138.153846153846,260,luxury,Luxury
20260520_153034,20260520,Southwark,1464,2850.0,3322.976775956284,130.0,30000.0,2884.0,3581.8908780903666,1173,online_viewings,No online viewing flag
20260520_153034,20260520,Southwark,1339,2850.0,3352.3412994772216,130.0,30000.0,2884.0,3641.7974217311234,1086,pets,Unknown
20260520_153034,20260520,Southwark,85,2900.0,3159.3764705882354,900.0,7500.0,2650.0,2842.808510638298,47,pets,Pets mentioned
20260520_153034,20260520,Southwark,40,2949.5,2687.65,704.0,5200.0,2971.0,2823.85,40,pets,No pets
20260520_153034,20260520,Southwark,1106,2970.0,3348.26582278481,130.0,30000.0,2884.0,3684.536889897843,881,price_reduced,Not reduced
20260520_153034,20260520,Southwark,358,2678.5,3244.849162011173,675.0,28000.0,2770.0,3272.195205479452,292,price_reduced,Price reduced
20260520_153034,20260520,Southwark,845,2800.0,3178.669822485207,208.0,19392.0,2711.0,2803.2237960339944,706,property_type,Flat
20260520_153034,20260520,Southwark,358,3000.0,3754.8379888268155,950.0,30000.0,3302.5,4638.55303030303,264,property_type,Apartment
20260520_153034,20260520,Southwark,59,4073.0,4009.576271186441,1350.0,7999.0,4200.0,4365.274509803921,51,property_type,Terraced
20260520_153034,20260520,Southwark,39,2300.0,2346.5641025641025,1200.0,4200.0,1586.5,1714.5357142857142,28,property_type,Studio
20260520_153034,20260520,Southwark,37,3467.0,3190.0,1400.0,4507.0,2681.0,2563.6363636363635,22,property_type,Maisonette
20260520_153034,20260520,Southwark,26,1162.5,1183.1153846153845,699.0,2201.0,1069.0,992.3181818181819,22,property_type,House Share
20260520_153034,20260520,Southwark,25,3796.0,4014.16,650.0,12000.0,3750.0,3926.095238095238,21,property_type,House
20260520_153034,20260520,Southwark,20,1195.0,1225.95,620.0,1859.0,704.0,551.0,19,property_type,Flat Share
20260520_153034,20260520,Southwark,10,4625.0,6232.8,3300.0,19950.0,4920.0,7578.875,8,property_type,Penthouse
20260520_153034,20260520,Southwark,8,6250.0,5929.125,1733.0,8500.0,9692.0,8295.8,5,property_type,Detached
20260520_153034,20260520,Southwark,8,4125.0,4899.875,2200.0,10000.0,3115.0,3058.4285714285716,7,property_type,Semi-Detached
20260520_153034,20260520,Southwark,7,2800.0,2793.0,1668.0,3950.0,3230.0,3222.8571428571427,7,property_type,End of Terrace
20260520_153034,20260520,Southwark,4,1599.0,1599.0,1426.0,1772.0,,,0,property_type,Block of Apartments
20260520_153034,20260520,Southwark,3,3012.0,3137.3333333333335,2450.0,3950.0,1413.0,1413.0,2,property_type,Duplex
20260520_153034,20260520,Southwark,3,2600.0,2516.3333333333335,1950.0,2999.0,3000.0,2803.3333333333335,3,property_type,Ground Flat
20260520_153034,20260520,Southwark,3,130.0,153.33333333333334,130.0,200.0,150.0,166.66666666666666,3,property_type,Parking
20260520_153034,20260520,Southwark,3,5300.0,9333.333333333334,5200.0,17500.0,6000.0,10460.666666666666,3,property_type,Town House
20260520_153034,20260520,Southwark,2,1000.0,1000.0,1000.0,1000.0,,,0,property_type,Hotel Room
20260520_153034,20260520,Southwark,1,3000.0,3000.0,3000.0,3000.0,3461.0,3461.0,1,property_type,Bungalow
20260520_153034,20260520,Southwark,1,2999.0,2999.0,2999.0,2999.0,363462.0,363462.0,1,property_type,Ground Maisonette
20260520_153034,20260520,Southwark,1,3150.0,3150.0,3150.0,3150.0,,,0,property_type,Off-Plan
20260520_153034,20260520,Southwark,1,1408.0,1408.0,1408.0,1408.0,,,0,property_type,Private Halls
20260520_153034,20260520,Southwark,1222,2900.0,3413.8944353518823,130.0,30000.0,2884.0,3779.1834677419356,992,student_suitable,Not student suitable
20260520_153034,20260520,Southwark,242,2700.0,2863.880165289256,208.0,7500.0,2538.0,2500.596685082873,181,student_suitable,Student suitable
20260520_153034,20260520,Southwark,1411,2850.0,3326.8958185683914,130.0,30000.0,2884.0,3588.6835664335663,1144,zero_deposit,Unknown
20260520_153034,20260520,Southwark,53,2700.0,3218.6415094339623,650.0,8200.0,2930.0,3313.9310344827586,29,zero_deposit,Zero deposit
20260520_153034,20260520,Sutton,118,1800.0,1946.2627118644068,1350.0,5000.0,1961.0,1824.091836734694,98,bedrooms,2 bed
20260520_153034,20260520,Sutton,94,1375.0,1367.4255319148936,700.0,2400.0,1557.0,1434.8658536585365,82,bedrooms,1 bed
20260520_153034,20260520,Sutton,51,2500.0,2716.078431372549,2000.0,6000.0,2653.5,2418.4791666666665,48,bedrooms,3 bed
20260520_153034,20260520,Sutton,25,975.0,1015.4,175.0,1850.0,1110.5,1148.1818181818182,22,bedrooms,Studio / 0 bed
20260520_153034,20260520,Sutton,14,2800.0,2900.0,2100.0,3500.0,3230.0,2578.230769230769,13,bedrooms,4 bed
20260520_153034,20260520,Sutton,5,4950.0,3710.0,650.0,5000.0,4903.0,4327.25,4,bedrooms,5+ bed
20260520_153034,20260520,Sutton,286,1750.0,1958.013986013986,175.0,6000.0,1903.0,1908.0975609756097,246,bills,Unknown
20260520_153034,20260520,Sutton,21,950.0,1012.3809523809524,650.0,2400.0,1000.0,914.3333333333334,21,bills,Bills included
20260520_153034,20260520,Sutton,297,1700.0,1878.4074074074074,175.0,6000.0,1843.5,1823.0227272727273,264,build_to_rent,Not build to rent
20260520_153034,20260520,Sutton,10,2302.5,2336.5,1775.0,3425.0,2596.0,2438.3333333333335,3,build_to_rent,Build to rent
20260520_153034,20260520,Sutton,271,1750.0,1906.6125461254612,175.0,6000.0,1841.0,1821.8170212765958,235,deposit,Deposit listed
20260520_153034,20260520,Sutton,36,1650.0,1793.3333333333333,875.0,3500.0,1903.0,1889.5625,32,deposit,Zero deposit
20260520_153034,20260520,Sutton,178,1750.0,1964.2640449438202,950.0,5000.0,1933.5,1990.120481927711,166,furnish_type,Unfurnished
20260520_153034,20260520,Sutton,48,1375.0,1451.1041666666667,650.0,3425.0,1096.0,1255.342105263158,38,furnish_type,Furnished
20260520_153034,20260520,Sutton,42,1750.0,2102.7380952380954,175.0,6000.0,1297.5,1597.6875,32,furnish_type,Ask agent
20260520_153034,20260520,Sutton,21,1850.0,1957.142857142857,800.0,3500.0,1788.0,1993.2857142857142,21,furnish_type,Part furnished
20260520_153034,20260520,Sutton,18,1837.5,1808.0555555555557,750.0,2500.0,2149.0,1754.5,10,furnish_type,"Furnished or unfurnished, landlord is flexible"
20260520_153034,20260520,Sutton,267,1750.0,1921.2996254681648,650.0,6000.0,1846.0,1802.7931034482758,232,investment_opportunity,Unknown
20260520_153034,20260520,Sutton,40,1675.0,1706.625,175.0,3350.0,1846.0,2009.857142857143,35,investment_opportunity,Investment opportunity
20260520_153034,20260520,Sutton,307,1745.0,1893.328990228013,175.0,6000.0,1846.0,1829.936329588015,267,let_type,Unknown
20260520_153034,20260520,Sutton,248,1675.0,1861.342741935484,175.0,6000.0,1800.0,1813.5619469026549,226,luxury,Unknown
20260520_153034,20260520,Sutton,59,1900.0,2027.7796610169491,700.0,3500.0,1961.0,1920.1951219512196,41,luxury,Luxury
20260520_153034,20260520,Sutton,307,1745.0,1893.328990228013,175.0,6000.0,1846.0,1829.936329588015,267,online_viewings,No online viewing flag
20260520_153034,20260520,Sutton,274,1700.0,1891.9598540145985,175.0,6000.0,1846.0,1811.7685950413222,242,pets,Unknown
20260520_153034,20260520,Sutton,18,2210.0,2189.722222222222,975.0,5000.0,2033.5,2347.1,10,pets,Pets mentioned
20260520_153034,20260520,Sutton,15,1650.0,1562.6666666666667,725.0,2695.0,1725.0,1778.2666666666667,15,pets,No pets
20260520_153034,20260520,Sutton,224,1700.0,1842.736607142857,650.0,6000.0,1815.0,1769.3492063492063,189,price_reduced,Not reduced
20260520_153034,20260520,Sutton,83,1850.0,2029.867469879518,175.0,5000.0,1997.5,1976.7435897435898,78,price_reduced,Price reduced
20260520_153034,20260520,Sutton,99,1650.0,1742.909090909091,1100.0,5000.0,1788.0,1737.6279069767443,86,property_type,Flat
20260520_153034,20260520,Sutton,79,1650.0,1751.8354430379748,875.0,3500.0,1843.5,1644.6451612903227,62,property_type,Apartment
20260520_153034,20260520,Sutton,25,2000.0,2156.6,950.0,5000.0,2250.0,1893.5652173913043,23,property_type,Terraced
20260520_153034,20260520,Sutton,19,2500.0,2736.842105263158,1350.0,5000.0,2711.0,2448.5,18,property_type,Semi-Detached
20260520_153034,20260520,Sutton,15,2500.0,2599.3333333333335,1600.0,4950.0,2336.5,2699.6666666666665,12,property_type,House
20260520_153034,20260520,Sutton,13,950.0,943.4615384615385,700.0,1295.0,923.0,846.9230769230769,13,property_type,House Share
20260520_153034,20260520,Sutton,12,962.5,1005.4166666666666,750.0,1400.0,1096.0,1124.1818181818182,11,property_type,Studio
20260520_153034,20260520,Sutton,10,1775.0,1772.5,1200.0,2600.0,1900.0,1793.8,10,property_type,Maisonette
20260520_153034,20260520,Sutton,9,2400.0,2544.4444444444443,1400.0,5000.0,2192.0,2033.0,9,property_type,End of Terrace
20260520_153034,20260520,Sutton,8,3050.0,3037.5,1850.0,5000.0,3518.5,3576.5,8,property_type,Detached
20260520_153034,20260520,Sutton,5,2791.0,2844.8,2335.0,3388.0,2994.5,3148.0,4,property_type,Retirement Property
20260520_153034,20260520,Sutton,4,1375.0,1850.0,1150.0,3500.0,1673.0,2346.0,3,property_type,Ground Flat
20260520_153034,20260520,Sutton,4,750.0,737.5,650.0,800.0,750.0,800.0,4,property_type,House of Multiple Occupation
20260520_153034,20260520,Sutton,2,4650.0,4650.0,3300.0,6000.0,2596.0,2596.0,2,property_type,Bungalow
20260520_153034,20260520,Sutton,1,800.0,800.0,800.0,800.0,923.0,923.0,1,property_type,Flat Share
20260520_153034,20260520,Sutton,1,175.0,175.0,175.0,175.0,,,0,property_type,Garages
20260520_153034,20260520,Sutton,1,1300.0,1300.0,1300.0,1300.0,0.0,0.0,1,property_type,Not Specified
20260520_153034,20260520,Sutton,289,1745.0,1914.7474048442907,175.0,6000.0,1846.0,1838.441767068273,249,student_suitable,Not student suitable
20260520_153034,20260520,Sutton,18,1487.5,1549.4444444444443,725.0,2350.0,1615.0,1712.2777777777778,18,student_suitable,Student suitable
20260520_153034,20260520,Sutton,271,1750.0,1906.6125461254612,175.0,6000.0,1841.0,1821.8170212765958,235,zero_deposit,Unknown
20260520_153034,20260520,Sutton,36,1650.0,1793.3333333333333,875.0,3500.0,1903.0,1889.5625,32,zero_deposit,Zero deposit
20260520_153034,20260520,Tower Hamlets,890,3000.0,3200.9314606741573,1750.0,9533.0,3127.0,3322.274741506647,677,bedrooms,2 bed
20260520_153034,20260520,Tower Hamlets,872,2294.5,2324.9633027522937,598.0,6977.0,2424.0,2425.1304347826085,644,bedrooms,1 bed
20260520_153034,20260520,Tower Hamlets,288,2002.0,2073.534722222222,125.0,5482.0,2250.0,2246.331658291457,199,bedrooms,Studio / 0 bed
20260520_153034,20260520,Tower Hamlets,230,3300.0,3854.6652173913044,901.0,11999.0,3750.0,4338.385542168675,166,bedrooms,3 bed
20260520_153034,20260520,Tower Hamlets,92,3550.0,3620.836956521739,715.0,10000.0,4095.5,4432.514705882353,68,bedrooms,4 bed
20260520_153034,20260520,Tower Hamlets,51,4950.0,4782.823529411765,767.0,20000.0,6000.0,6644.652173913043,23,bedrooms,5+ bed
20260520_153034,20260520,Tower Hamlets,2281,2700.0,2912.5949145111795,125.0,20000.0,2884.0,3109.6063641720684,1697,bills,Unknown
20260520_153034,20260520,Tower Hamlets,138,1206.5,2066.050724637681,598.0,9750.0,1211.0,1944.5526315789473,76,bills,Bills included
20260520_153034,20260520,Tower Hamlets,4,2072.5,2061.25,1400.0,2700.0,1755.0,1901.5,4,bills,Bills excluded
20260520_153034,20260520,Tower Hamlets,2284,2643.0,2849.7425569176885,125.0,20000.0,2880.0,3054.2251308900522,1719,build_to_rent,Not build to rent
20260520_153034,20260520,Tower Hamlets,139,2850.0,3080.410071942446,1499.0,6013.0,2948.5,3141.051724137931,58,build_to_rent,Build to rent
20260520_153034,20260520,Tower Hamlets,2355,2650.0,2860.7269639065817,125.0,20000.0,2884.0,3055.537535816619,1745,deposit,Deposit listed
20260520_153034,20260520,Tower Hamlets,57,3000.0,3044.3859649122805,1000.0,6000.0,2711.0,3140.03125,32,deposit,Zero deposit
20260520_153034,20260520,Tower Hamlets,11,2500.0,2404.2727272727275,1352.0,3450.0,,,0,deposit,Deposit not listed
20260520_153034,20260520,Tower Hamlets,1731,2750.0,2896.3916811091854,598.0,11999.0,3000.0,3162.3634840871023,1194,furnish_type,Furnished
20260520_153034,20260520,Tower Hamlets,253,2400.0,2835.9407114624505,1350.0,20000.0,2517.5,2768.043103448276,232,furnish_type,Unfurnished
20260520_153034,20260520,Tower Hamlets,214,2500.0,2780.03738317757,125.0,10000.0,2624.0,2705.4147727272725,176,furnish_type,Ask agent
20260520_153034,20260520,Tower Hamlets,117,2695.0,2909.5213675213677,1100.0,10000.0,3000.0,3279.224719101124,89,furnish_type,"Furnished or unfurnished, landlord is flexible"
20260520_153034,20260520,Tower Hamlets,97,2350.0,2516.0103092783506,1400.0,7500.0,2653.0,2864.4418604651164,86,furnish_type,Part furnished
20260520_153034,20260520,Tower Hamlets,11,2500.0,2404.2727272727275,1352.0,3450.0,,,0,furnish_type,Unknown
20260520_153034,20260520,Tower Hamlets,2134,2643.0,2866.3364573570757,125.0,20000.0,2879.0,3052.08645899555,1573,investment_opportunity,Unknown
20260520_153034,20260520,Tower Hamlets,289,2752.0,2838.1557093425604,180.0,9533.0,3000.0,3095.401960784314,204,investment_opportunity,Investment opportunity
20260520_153034,20260520,Tower Hamlets,2423,2650.0,2862.975237309121,125.0,20000.0,2884.0,3057.0590883511536,1777,let_type,Unknown
20260520_153034,20260520,Tower Hamlets,1398,2496.0,2679.8848354792563,125.0,20000.0,2711.0,2851.0282752120643,1061,luxury,Unknown
20260520_153034,20260520,Tower Hamlets,1025,2925.0,3112.692682926829,900.0,11999.0,3175.0,3362.3645251396647,716,luxury,Luxury
20260520_153034,20260520,Tower Hamlets,2423,2650.0,2862.975237309121,125.0,20000.0,2884.0,3057.0590883511536,1777,online_viewings,No online viewing flag
20260520_153034,20260520,Tower Hamlets,2254,2650.0,2874.553238686779,125.0,20000.0,2884.0,3067.3633633633635,1665,pets,Unknown
20260520_153034,20260520,Tower Hamlets,123,2750.0,2929.008130081301,1499.0,6000.0,2992.0,3160.230769230769,78,pets,Pets mentioned
20260520_153034,20260520,Tower Hamlets,46,2150.0,2119.086956521739,715.0,4950.0,2519.0,2315.764705882353,34,pets,No pets
20260520_153034,20260520,Tower Hamlets,1775,2750.0,2915.503098591549,190.0,20000.0,2885.0,3109.5789473684213,1273,price_reduced,Not reduced
20260520_153034,20260520,Tower Hamlets,648,2500.0,2719.091049382716,125.0,11496.0,2769.0,2924.404761904762,504,price_reduced,Price reduced
20260520_153034,20260520,Tower Hamlets,1029,2600.0,2834.991253644315,771.0,11999.0,2823.5,2955.1190476190477,882,property_type,Flat
20260520_153034,20260520,Tower Hamlets,966,2850.0,3054.6718426501034,900.0,20000.0,3000.0,3292.2887096774193,620,property_type,Apartment
20260520_153034,20260520,Tower Hamlets,124,2000.0,2090.766129032258,1000.0,5482.0,2278.5,2205.121951219512,82,property_type,Studio
20260520_153034,20260520,Tower Hamlets,74,867.0,987.1891891891892,598.0,1800.0,1100.0,1082.0,21,property_type,Flat Share
20260520_153034,20260520,Tower Hamlets,54,3750.0,3872.0,799.0,7500.0,4000.0,4344.829268292683,41,property_type,Terraced
20260520_153034,20260520,Tower Hamlets,51,2600.0,2708.843137254902,1600.0,6000.0,2750.0,2926.1162790697676,43,property_type,Maisonette
20260520_153034,20260520,Tower Hamlets,35,858.0,916.4571428571429,700.0,1378.0,807.0,580.8275862068965,29,property_type,House Share
20260520_153034,20260520,Tower Hamlets,31,3600.0,3866.483870967742,1750.0,7999.0,3923.0,4390.7,30,property_type,House
20260520_153034,20260520,Tower Hamlets,12,4633.5,4692.083333333333,3600.0,5980.0,5786.0,5786.0,2,property_type,Town House
20260520_153034,20260520,Tower Hamlets,9,3450.0,4872.111111111111,2000.0,11999.0,3663.0,4732.75,8,property_type,Penthouse
20260520_153034,20260520,Tower Hamlets,8,4158.5,4648.0,3250.0,7500.0,5307.5,5913.5,4,property_type,End of Terrace
20260520_153034,20260520,Tower Hamlets,8,2350.0,2401.25,1700.0,3450.0,2884.5,2916.25,4,property_type,Ground Flat
20260520_153034,20260520,Tower Hamlets,8,5991.0,5845.25,3900.0,8000.0,8155.0,8155.0,2,property_type,Semi-Detached
20260520_153034,20260520,Tower Hamlets,5,3700.0,3656.4,3000.0,4199.0,4500.0,4938.333333333333,3,property_type,Detached
20260520_153034,20260520,Tower Hamlets,3,180.0,165.0,125.0,190.0,125.0,125.0,1,property_type,Parking
20260520_153034,20260520,Tower Hamlets,2,3150.0,3150.0,3000.0,3300.0,3462.0,3462.0,1,property_type,Duplex
20260520_153034,20260520,Tower Hamlets,2,2775.0,2775.0,1050.0,4500.0,2602.0,2602.0,2,property_type,Not Specified
20260520_153034,20260520,Tower Hamlets,1,2750.0,2750.0,2750.0,2750.0,3173.0,3173.0,1,property_type,Ground Maisonette
20260520_153034,20260520,Tower Hamlets,1,800.0,800.0,800.0,800.0,850.0,850.0,1,property_type,House of Multiple Occupation
20260520_153034,20260520,Tower Hamlets,2117,2643.0,2853.8587623996223,125.0,20000.0,2884.0,3098.4418308963764,1573,student_suitable,Not student suitable
20260520_153034,20260520,Tower Hamlets,306,2800.0,2926.045751633987,750.0,8000.0,2700.0,2737.9656862745096,204,student_suitable,Student suitable
20260520_153034,20260520,Tower Hamlets,2366,2650.0,2858.6048182586646,125.0,20000.0,2884.0,3055.537535816619,1745,zero_deposit,Unknown
20260520_153034,20260520,Tower Hamlets,57,3000.0,3044.3859649122805,1000.0,6000.0,2711.0,3140.03125,32,zero_deposit,Zero deposit
20260520_153034,20260520,Unknown,16,4528.5,5229.0625,1550.0,14083.0,6082.5,7017.5,14,bedrooms,2 bed
20260520_153034,20260520,Unknown,5,2903.0,2754.0,1950.0,3423.0,3625.0,3281.25,4,bedrooms,1 bed
20260520_153034,20260520,Unknown,21,3600.0,4639.761904761905,1550.0,14083.0,4062.5,6187.222222222223,18,bills,Unknown
20260520_153034,20260520,Unknown,21,3600.0,4639.761904761905,1550.0,14083.0,4062.5,6187.222222222223,18,build_to_rent,Not build to rent
20260520_153034,20260520,Unknown,21,3600.0,4639.761904761905,1550.0,14083.0,4062.5,6187.222222222223,18,deposit,Deposit listed
20260520_153034,20260520,Unknown,10,3900.0,5373.6,1900.0,14083.0,6923.0,7961.5,8,furnish_type,Furnished
20260520_153034,20260520,Unknown,5,3423.0,4099.2,2903.0,5872.0,3625.0,4608.0,5,furnish_type,"Furnished or unfurnished, landlord is flexible"
20260520_153034,20260520,Unknown,5,2253.0,4270.6,1550.0,7800.0,2600.0,4927.6,5,furnish_type,Unfurnished
20260520_153034,20260520,Unknown,1,1850.0,1850.0,1850.0,1850.0,,,0,furnish_type,Ask agent
20260520_153034,20260520,Unknown,16,3370.5,4761.25,1550.0,14083.0,3625.0,6727.307692307692,13,investment_opportunity,Unknown
20260520_153034,20260520,Unknown,5,3900.0,4251.0,2903.0,5872.0,4500.0,4783.0,5,investment_opportunity,Investment opportunity
20260520_153034,20260520,Unknown,21,3600.0,4639.761904761905,1550.0,14083.0,4062.5,6187.222222222223,18,let_type,Unknown
20260520_153034,20260520,Unknown,13,2903.0,3076.846153846154,1550.0,5872.0,3600.0,3600.090909090909,11,luxury,Unknown
20260520_153034,20260520,Unknown,8,7375.0,7179.5,2353.0,14083.0,9346.0,10252.714285714286,7,luxury,Luxury
20260520_153034,20260520,Unknown,21,3600.0,4639.761904761905,1550.0,14083.0,4062.5,6187.222222222223,18,online_viewings,No online viewing flag
20260520_153034,20260520,Unknown,18,3282.0,3871.1111111111113,1550.0,7800.0,3625.0,5007.0,15,pets,Unknown
20260520_153034,20260520,Unknown,3,7800.0,9251.666666666666,5872.0,14083.0,10800.0,12088.333333333334,3,pets,Pets mentioned
20260520_153034,20260520,Unknown,16,3511.5,4448.875,1550.0,14083.0,3625.0,5846.2307692307695,13,price_reduced,Not reduced
20260520_153034,20260520,Unknown,5,6750.0,5250.6,2253.0,7800.0,9346.0,7073.8,5,price_reduced,Price reduced
20260520_153034,20260520,Unknown,10,2701.5,3447.9,1850.0,6950.0,3625.0,5138.428571428572,7,property_type,Apartment
20260520_153034,20260520,Unknown,6,3750.0,3987.1666666666665,2253.0,5872.0,3612.5,4218.833333333333,6,property_type,Flat
20260520_153034,20260520,Unknown,3,7800.0,7811.0,1550.0,14083.0,10800.0,10696.0,3,property_type,House Boat
20260520_153034,20260520,Unknown,2,7800.0,7800.0,7800.0,7800.0,9000.0,9000.0,2,property_type,Not Specified
20260520_153034,20260520,Unknown,20,3750.0,4746.75,1550.0,14083.0,4500.0,6374.705882352941,17,student_suitable,Not student suitable
20260520_153034,20260520,Unknown,1,2500.0,2500.0,2500.0,2500.0,3000.0,3000.0,1,student_suitable,Student suitable
20260520_153034,20260520,Unknown,21,3600.0,4639.761904761905,1550.0,14083.0,4062.5,6187.222222222223,18,zero_deposit,Unknown
20260520_153034,20260520,Waltham Forest,140,2250.0,2362.9857142857145,1563.0,3900.0,2365.0,2466.705882352941,119,bedrooms,2 bed
20260520_153034,20260520,Waltham Forest,133,1650.0,1722.03007518797,477.0,3650.0,1730.0,1724.148514851485,101,bedrooms,1 bed
20260520_153034,20260520,Waltham Forest,61,2500.0,2569.1967213114754,802.0,4650.0,2759.5,2549.089285714286,56,bedrooms,3 bed
20260520_153034,20260520,Waltham Forest,47,1475.0,1515.5,650.0,2600.0,1500.0,1433.6842105263158,19,bedrooms,Studio / 0 bed
20260520_153034,20260520,Waltham Forest,26,2975.0,2990.8076923076924,1161.0,4500.0,3352.0,3461.75,24,bedrooms,4 bed
20260520_153034,20260520,Waltham Forest,12,3749.5,3799.5,2850.0,5000.0,4182.0,4286.416666666667,12,bedrooms,5+ bed
20260520_153034,20260520,Waltham Forest,384,2200.0,2234.921671018277,477.0,5000.0,2365.0,2401.3601286173634,311,bills,Unknown
20260520_153034,20260520,Waltham Forest,35,1161.0,1533.2,650.0,4000.0,865.0,1268.1,20,bills,Bills included
20260520_153034,20260520,Waltham Forest,369,2100.0,2135.603260869565,477.0,5000.0,2250.0,2261.771812080537,298,build_to_rent,Not build to rent
20260520_153034,20260520,Waltham Forest,50,2417.5,2474.7,1650.0,3185.0,2793.0,2975.060606060606,33,build_to_rent,Build to rent
20260520_153034,20260520,Waltham Forest,369,2100.0,2136.6449864498645,477.0,5000.0,2275.0,2266.0204081632655,294,deposit,Deposit listed
20260520_153034,20260520,Waltham Forest,48,2420.0,2484.6875,900.0,3185.0,2793.0,2864.189189189189,37,deposit,Zero deposit
20260520_153034,20260520,Waltham Forest,2,1950.0,1950.0,1950.0,1950.0,,,0,deposit,Deposit not listed
20260520_153034,20260520,Waltham Forest,162,2100.0,2187.574074074074,850.0,5000.0,2307.0,2457.6041666666665,144,furnish_type,Unfurnished
20260520_153034,20260520,Waltham Forest,119,2250.0,2188.1428571428573,477.0,4600.0,2567.0,2381.75,88,furnish_type,Furnished
20260520_153034,20260520,Waltham Forest,53,2000.0,2135.566037735849,900.0,4500.0,2480.5,2518.0,40,furnish_type,Part furnished
20260520_153034,20260520,Waltham Forest,42,2275.0,2314.4285714285716,750.0,4650.0,2020.0,1876.5128205128206,39,furnish_type,Ask agent
20260520_153034,20260520,Waltham Forest,41,2200.0,2012.6829268292684,650.0,3200.0,1735.0,1739.6,20,furnish_type,"Furnished or unfurnished, landlord is flexible"
20260520_153034,20260520,Waltham Forest,2,1950.0,1950.0,1950.0,1950.0,,,0,furnish_type,Unknown
20260520_153034,20260520,Waltham Forest,368,2195.0,2191.108991825613,477.0,5000.0,2423.0,2410.6421404682274,299,investment_opportunity,Unknown
20260520_153034,20260520,Waltham Forest,51,2195.0,2068.627450980392,730.0,3200.0,1847.5,1606.34375,32,investment_opportunity,Investment opportunity
20260520_153034,20260520,Waltham Forest,418,2195.0,2176.165071770335,477.0,5000.0,2307.0,2332.8851963746224,331,let_type,Unknown
20260520_153034,20260520,Waltham Forest,1,,,,,,,0,let_type,Ask agent
20260520_153034,20260520,Waltham Forest,330,1960.0,2063.2006079027356,477.0,5000.0,2250.0,2243.656826568266,271,luxury,Unknown
20260520_153034,20260520,Waltham Forest,89,2500.0,2593.752808988764,1165.0,4650.0,2790.0,2735.9,60,luxury,Luxury
20260520_153034,20260520,Waltham Forest,419,2195.0,2176.165071770335,477.0,5000.0,2307.0,2332.8851963746224,331,online_viewings,No online viewing flag
20260520_153034,20260520,Waltham Forest,340,2000.0,2112.3274336283184,477.0,5000.0,2300.0,2272.271777003484,287,pets,Unknown
20260520_153034,20260520,Waltham Forest,74,2412.5,2521.4189189189187,1350.0,4600.0,2790.0,2867.35,40,pets,Pets mentioned
20260520_153034,20260520,Waltham Forest,5,1161.0,1394.6,840.0,2450.0,1261.0,1337.25,4,pets,No pets
20260520_153034,20260520,Waltham Forest,316,2200.0,2204.1396825396823,477.0,5000.0,2307.0,2349.9201680672268,238,price_reduced,Not reduced
20260520_153034,20260520,Waltham Forest,103,1960.0,2090.6116504854367,654.0,4650.0,2307.0,2289.2903225806454,93,price_reduced,Price reduced
20260520_153034,20260520,Waltham Forest,161,2100.0,2154.8198757763976,1250.0,3900.0,2250.0,2272.225352112676,142,property_type,Flat
20260520_153034,20260520,Waltham Forest,83,2345.0,2304.4939759036147,1250.0,3200.0,2293.5,2189.5172413793102,58,property_type,Apartment
20260520_153034,20260520,Waltham Forest,40,2875.0,2986.225,1450.0,5000.0,3173.0,3138.846153846154,39,property_type,Terraced
20260520_153034,20260520,Waltham Forest,39,1650.0,1535.4871794871794,650.0,2600.0,1403.5,1446.5625,16,property_type,Studio
20260520_153034,20260520,Waltham Forest,30,2500.0,2483.3333333333335,850.0,4600.0,2884.0,2842.7241379310344,29,property_type,House
20260520_153034,20260520,Waltham Forest,14,1204.5,1164.5714285714287,800.0,1426.0,887.5,887.5,2,property_type,Flat Share
20260520_153034,20260520,Waltham Forest,10,795.0,829.0,650.0,1150.0,828.5,750.2,10,property_type,House Share
20260520_153034,20260520,Waltham Forest,9,2750.0,2893.8888888888887,2000.0,4600.0,3173.0,3428.4444444444443,9,property_type,End of Terrace
20260520_153034,20260520,Waltham Forest,9,2200.0,2427.222222222222,1650.0,3500.0,2250.0,2075.3333333333335,9,property_type,Maisonette
20260520_153034,20260520,Waltham Forest,8,2450.0,2616.25,2200.0,3430.0,2700.0,2436.4285714285716,7,property_type,Semi-Detached
20260520_153034,20260520,Waltham Forest,5,1675.0,1740.0,1375.0,2500.0,1841.0,1841.0,2,property_type,Ground Flat
20260520_153034,20260520,Waltham Forest,3,870.0,1532.3333333333333,477.0,3250.0,870.0,1699.0,3,property_type,Detached
20260520_153034,20260520,Waltham Forest,2,1650.0,1650.0,1350.0,1950.0,1800.0,1800.0,2,property_type,Retirement Property
20260520_153034,20260520,Waltham Forest,1,1875.0,1875.0,1875.0,1875.0,2163.0,2163.0,1,property_type,Block of Apartments
20260520_153034,20260520,Waltham Forest,1,1500.0,1500.0,1500.0,1500.0,1730.0,1730.0,1,property_type,Bungalow
20260520_153034,20260520,Waltham Forest,1,2400.0,2400.0,2400.0,2400.0,2400.0,2400.0,1,property_type,Duplex
20260520_153034,20260520,Waltham Forest,1,654.0,654.0,654.0,654.0,,,0,property_type,House of Multiple Occupation
20260520_153034,20260520,Waltham Forest,1,,,,,,,0,property_type,Land
20260520_153034,20260520,Waltham Forest,1,1165.0,1165.0,1165.0,1165.0,,,0,property_type,Private Halls
20260520_153034,20260520,Waltham Forest,377,2200.0,2208.3936170212764,477.0,5000.0,2326.0,2336.8863636363635,308,student_suitable,Not student suitable
20260520_153034,20260520,Waltham Forest,42,1673.5,1887.642857142857,750.0,4600.0,1788.0,2279.304347826087,23,student_suitable,Student suitable
20260520_153034,20260520,Waltham Forest,371,2100.0,2136.1405405405403,477.0,5000.0,2275.0,2266.0204081632655,294,zero_deposit,Unknown
20260520_153034,20260520,Waltham Forest,48,2420.0,2484.6875,900.0,3185.0,2793.0,2864.189189189189,37,zero_deposit,Zero deposit
20260520_153034,20260520,Wandsworth,859,4000.0,4126.807916181607,1290.0,12000.0,4000.0,4352.405839416058,685,bedrooms,2 bed
20260520_153034,20260520,Wandsworth,451,2500.0,2702.9445676274945,580.0,7583.0,2585.0,2697.8847184986594,373,bedrooms,1 bed
20260520_153034,20260520,Wandsworth,342,5035.0,6244.076023391813,1101.0,25000.0,4068.0,6323.13503649635,274,bedrooms,3 bed
20260520_153034,20260520,Wandsworth,91,1970.0,2120.6153846153848,50.0,6500.0,1875.5,2005.057142857143,70,bedrooms,Studio / 0 bed
20260520_153034,20260520,Wandsworth,89,5500.0,8658.0,2500.0,86450.0,5938.0,8507.52,75,bedrooms,4 bed
20260520_153034,20260520,Wandsworth,53,6600.0,10030.471698113208,2900.0,39000.0,7615.0,10390.652173913044,46,bedrooms,5+ bed
20260520_153034,20260520,Wandsworth,1793,3635.0,4493.516452872281,50.0,86450.0,3462.0,4668.136363636364,1452,bills,Unknown
20260520_153034,20260520,Wandsworth,92,3050.0,3670.7391304347825,675.0,11000.0,1616.0,2795.8028169014083,71,bills,Bills included
20260520_153034,20260520,Wandsworth,1823,3650.0,4496.664838178826,50.0,86450.0,3462.0,4622.086519114688,1491,build_to_rent,Not build to rent
20260520_153034,20260520,Wandsworth,62,2962.5,3180.048387096774,1599.0,5845.0,3107.5,2659.53125,32,build_to_rent,Build to rent
20260520_153034,20260520,Wandsworth,1804,3650.0,4514.155210643015,50.0,86450.0,3462.0,4656.460328317374,1462,deposit,Deposit listed
20260520_153034,20260520,Wandsworth,74,2650.0,3081.0405405405404,1000.0,7215.0,2596.0,2768.7049180327867,61,deposit,Zero deposit
20260520_153034,20260520,Wandsworth,7,2700.0,3292.8571428571427,1650.0,7000.0,,,0,deposit,Deposit not listed
20260520_153034,20260520,Wandsworth,1013,3748.0,4539.208292201382,250.0,39000.0,3692.0,4867.13671875,768,furnish_type,Furnished
20260520_153034,20260520,Wandsworth,367,3000.0,3927.035422343324,50.0,30000.0,2942.0,3700.776119402985,335,furnish_type,Unfurnished
20260520_153034,20260520,Wandsworth,241,4740.0,5020.879668049793,220.0,25000.0,5430.0,5855.744897959184,196,furnish_type,"Furnished or unfurnished, landlord is flexible"
20260520_153034,20260520,Wandsworth,163,3900.0,5224.147239263803,175.0,86450.0,3231.0,4152.548148148148,135,furnish_type,Ask agent
20260520_153034,20260520,Wandsworth,94,2625.0,2877.925531914894,1050.0,8750.0,2884.0,3265.112359550562,89,furnish_type,Part furnished
20260520_153034,20260520,Wandsworth,7,2700.0,3292.8571428571427,1650.0,7000.0,,,0,furnish_type,Unknown
20260520_153034,20260520,Wandsworth,1722,3500.0,4339.591173054588,50.0,39000.0,3461.0,4511.24,1400,investment_opportunity,Unknown
20260520_153034,20260520,Wandsworth,163,4030.0,5655.257668711656,775.0,86450.0,4150.0,5373.170731707317,123,investment_opportunity,Investment opportunity
20260520_153034,20260520,Wandsworth,1885,3600.0,4453.359681697612,50.0,86450.0,3461.0,4580.8509520682865,1523,let_type,Unknown
20260520_153034,20260520,Wandsworth,1067,2850.0,3720.978444236176,50.0,86450.0,2884.0,3478.299778761062,904,luxury,Unknown
20260520_153034,20260520,Wandsworth,818,4597.5,5408.67848410758,1200.0,39000.0,4925.0,6191.038772213247,619,luxury,Luxury
20260520_153034,20260520,Wandsworth,1885,3600.0,4453.359681697612,50.0,86450.0,3461.0,4580.8509520682865,1523,online_viewings,No online viewing flag
20260520_153034,20260520,Wandsworth,1764,3650.0,4509.552154195011,50.0,86450.0,3462.0,4635.583972125435,1435,pets,Unknown
20260520_153034,20260520,Wandsworth,90,3675.0,4110.166666666667,1995.0,11332.0,4047.0,4284.758620689655,58,pets,Pets mentioned
20260520_153034,20260520,Wandsworth,31,2400.0,2252.1935483870966,895.0,5000.0,2475.0,2535.233333333333,30,pets,No pets
20260520_153034,20260520,Wandsworth,1424,3750.0,4486.926966292135,220.0,86450.0,3576.0,4690.068995633188,1145,price_reduced,Not reduced
20260520_153034,20260520,Wandsworth,461,3250.0,4349.672451193059,50.0,24917.0,3174.0,4250.018518518518,378,price_reduced,Price reduced
20260520_153034,20260520,Wandsworth,846,3000.0,3744.254137115839,1000.0,24917.0,3000.0,3587.4115983026873,707,property_type,Flat
20260520_153034,20260520,Wandsworth,709,4528.0,5226.552891396333,1350.0,39000.0,4740.0,5996.979704797048,542,property_type,Apartment
20260520_153034,20260520,Wandsworth,73,4750.0,5142.041095890411,775.0,14998.0,4500.0,4985.164179104478,67,property_type,Terraced
20260520_153034,20260520,Wandsworth,55,2850.0,3343.672727272727,1200.0,10833.0,2770.0,2896.6326530612246,49,property_type,Maisonette
20260520_153034,20260520,Wandsworth,53,1790.0,2053.1132075471696,800.0,3300.0,1615.0,1674.4594594594594,37,property_type,Studio
20260520_153034,20260520,Wandsworth,52,4725.0,5504.365384615385,850.0,22500.0,4873.5,5616.916666666667,48,property_type,House
20260520_153034,20260520,Wandsworth,14,1368.5,1247.642857142857,580.0,1595.0,1151.0,1123.2,10,property_type,House Share
20260520_153034,20260520,Wandsworth,13,900.0,957.7692307692307,675.0,1400.0,1154.0,1196.0,7,property_type,Flat Share
20260520_153034,20260520,Wandsworth,12,3275.0,5336.416666666667,2350.0,15167.0,3115.5,5226.4,10,property_type,End of Terrace
20260520_153034,20260520,Wandsworth,11,4000.0,3574.5454545454545,2000.0,4918.0,4615.0,4214.545454545455,11,property_type,Not Specified
20260520_153034,20260520,Wandsworth,9,8750.0,8867.555555555555,2200.0,25000.0,11769.0,11670.714285714286,7,property_type,Detached
20260520_153034,20260520,Wandsworth,9,8000.0,6910.888888888889,2500.0,11000.0,4183.0,5286.125,8,property_type,Semi-Detached
20260520_153034,20260520,Wandsworth,8,15748.5,25168.0,7497.0,86450.0,10384.0,14772.833333333334,6,property_type,Penthouse
20260520_153034,20260520,Wandsworth,5,220.0,239.0,50.0,500.0,143.5,228.0,4,property_type,Parking
20260520_153034,20260520,Wandsworth,4,3275.0,5012.5,2500.0,11000.0,5.0,885.0,3,property_type,Duplex
20260520_153034,20260520,Wandsworth,4,9555.0,8690.0,4150.0,11500.0,10326.5,10326.5,2,property_type,Town House
20260520_153034,20260520,Wandsworth,2,3025.0,3025.0,2800.0,3250.0,3231.0,3231.0,1,property_type,Ground Maisonette
20260520_153034,20260520,Wandsworth,2,2697.5,2697.5,2395.0,3000.0,3458.0,3458.0,2,property_type,House Boat
20260520_153034,20260520,Wandsworth,2,6475.0,6475.0,2950.0,10000.0,8624.5,8624.5,2,property_type,Mews
20260520_153034,20260520,Wandsworth,1,6730.0,6730.0,6730.0,6730.0,,,0,property_type,Block of Apartments
20260520_153034,20260520,Wandsworth,1,3250.0,3250.0,3250.0,3250.0,,,0,property_type,Cottage
20260520_153034,20260520,Wandsworth,1770,3700.0,4538.215254237288,50.0,86450.0,3462.0,4669.321775312066,1442,student_suitable,Not student suitable
20260520_153034,20260520,Wandsworth,115,2700.0,3147.3217391304347,780.0,11332.0,2770.0,3005.8518518518517,81,student_suitable,Student suitable
20260520_153034,20260520,Wandsworth,1811,3650.0,4509.434566537824,50.0,86450.0,3462.0,4656.460328317374,1462,zero_deposit,Unknown
20260520_153034,20260520,Wandsworth,74,2650.0,3081.0405405405404,1000.0,7215.0,2596.0,2768.7049180327867,61,zero_deposit,Zero deposit
20260520_153034,20260520,Westminster,1458,5200.0,7284.473936899863,2100.0,62032.0,4682.5,6814.238475177305,1128,bedrooms,2 bed
20260520_153034,20260520,Westminster,1284,3358.5,4507.481308411215,300.0,73883.0,3250.0,3779.881865284974,965,bedrooms,1 bed
20260520_153034,20260520,Westminster,1017,7800.0,12549.373647984268,2240.0,121182.0,8676.5,12925.427055702918,754,bedrooms,3 bed
20260520_153034,20260520,Westminster,502,2383.0,2562.7509960159364,399.0,27733.0,2075.0,1904.7162921348315,356,bedrooms,Studio / 0 bed
20260520_153034,20260520,Westminster,343,11267.0,18432.282798833818,841.0,96417.0,12999.5,18579.908396946565,262,bedrooms,4 bed
20260520_153034,20260520,Westminster,283,10833.0,27236.614840989398,1559.0,368333.0,13500.0,32305.33155080214,187,bedrooms,5+ bed
20260520_153034,20260520,Westminster,4721,5323.0,9180.667443338276,300.0,368333.0,4475.0,9072.813592780598,3546,bills,Unknown
20260520_153034,20260520,Westminster,164,4500.0,6910.8963414634145,895.0,36833.0,2100.0,4676.685714285714,105,bills,Bills included
20260520_153034,20260520,Westminster,2,6250.0,6250.0,2000.0,10500.0,3682.0,3682.0,1,bills,Bills excluded
20260520_153034,20260520,Westminster,4861,5323.0,9131.189672906808,300.0,368333.0,4440.0,8959.540406816932,3638,build_to_rent,Not build to rent
20260520_153034,20260520,Westminster,26,3101.0,3888.653846153846,1895.0,11625.0,3910.5,5151.642857142857,14,build_to_rent,Build to rent
20260520_153034,20260520,Westminster,4804,5408.0,9184.960865945046,300.0,368333.0,4442.0,9004.23910024993,3601,deposit,Deposit listed
20260520_153034,20260520,Westminster,59,3748.0,4311.5084745762715,1400.0,10998.0,4089.0,4758.156862745098,51,deposit,Zero deposit
20260520_153034,20260520,Westminster,24,2925.0,4536.958333333333,900.0,11483.0,,,0,deposit,Deposit not listed
20260520_153034,20260520,Westminster,2425,5000.0,9200.128659793814,841.0,212333.0,4500.0,9666.890297684675,1814,furnish_type,Furnished
20260520_153034,20260520,Westminster,895,6933.0,9100.52625698324,1196.0,368333.0,6346.0,9855.078431372549,663,furnish_type,"Furnished or unfurnished, landlord is flexible"
20260520_153034,20260520,Westminster,765,4750.0,7671.500653594771,300.0,108333.0,4150.0,7929.188218390805,696,furnish_type,Unfurnished
20260520_153034,20260520,Westminster,633,6900.0,11096.906793048973,399.0,151667.0,2513.0,5538.186968838527,353,furnish_type,Ask agent
20260520_153034,20260520,Westminster,145,3900.0,7107.641379310345,1050.0,195000.0,3980.5,8917.301587301587,126,furnish_type,Part furnished
20260520_153034,20260520,Westminster,24,2925.0,4536.958333333333,900.0,11483.0,,,0,furnish_type,Unknown
20260520_153034,20260520,Westminster,4587,5248.0,8928.977981251363,300.0,368333.0,4475.0,9151.860586697647,3443,investment_opportunity,Unknown
20260520_153034,20260520,Westminster,300,5460.0,11768.653333333334,800.0,151667.0,3750.0,5536.244019138756,209,investment_opportunity,Investment opportunity
20260520_153034,20260520,Westminster,4887,5250.0,9103.298137916923,300.0,368333.0,4405.0,8944.942771084337,3652,let_type,Unknown
20260520_153034,20260520,Westminster,2553,3878.0,6516.54249902076,300.0,173333.0,3750.0,6241.900778210117,2056,luxury,Unknown
20260520_153034,20260520,Westminster,2334,7410.0,11932.769922879177,399.0,368333.0,7029.0,12427.057017543859,1596,luxury,Luxury
20260520_153034,20260520,Westminster,4887,5250.0,9103.298137916923,300.0,368333.0,4405.0,8944.942771084337,3652,online_viewings,No online viewing flag
20260520_153034,20260520,Westminster,4509,5323.0,9249.047682412953,300.0,368333.0,4384.0,9054.823239640684,3451,pets,Unknown
20260520_153034,20260520,Westminster,357,5150.0,7591.787114845938,895.0,32500.0,5740.0,7443.727777777778,180,pets,Pets mentioned
20260520_153034,20260520,Westminster,21,3000.0,3504.4761904761904,1200.0,8333.0,3404.0,3755.4761904761904,21,pets,No pets
20260520_153034,20260520,Westminster,3853,5250.0,8766.220866856995,300.0,195000.0,4350.0,8457.677711893966,2867,price_reduced,Not reduced
20260520_153034,20260520,Westminster,1034,5249.0,10359.351063829787,399.0,368333.0,4615.0,10724.546496815286,785,price_reduced,Price reduced
20260520_153034,20260520,Westminster,2037,5900.0,9179.344624447716,1395.0,212333.0,5160.0,8831.20465116279,1505,property_type,Apartment
20260520_153034,20260520,Westminster,2017,4498.0,7039.073376301438,300.0,195000.0,4125.0,7209.130975769483,1527,property_type,Flat
20260520_153034,20260520,Westminster,225,2496.0,2451.031111111111,1050.0,5815.0,2275.0,2351.818791946309,149,property_type,Studio
20260520_153034,20260520,Westminster,132,11267.0,19945.098484848484,2000.0,108333.0,13725.0,20701.51754385965,114,property_type,Terraced
20260520_153034,20260520,Westminster,118,15166.5,27216.898305084746,2100.0,368333.0,15235.0,28726.532608695652,92,property_type,House
20260520_153034,20260520,Westminster,62,11266.0,16874.33870967742,2350.0,86667.0,9815.0,9897.622641509433,53,property_type,Penthouse
20260520_153034,20260520,Westminster,54,12783.5,17234.925925925927,2709.0,71500.0,9692.0,17817.60975609756,41,property_type,Mews
20260520_153034,20260520,Westminster,53,7800.0,13446.584905660377,1290.0,121333.0,1667.0,6391.666666666667,42,property_type,Not Specified
20260520_153034,20260520,Westminster,46,3300.0,6886.847826086957,1350.0,65000.0,2770.0,7032.8536585365855,41,property_type,Maisonette
20260520_153034,20260520,Westminster,25,14950.0,28056.36,3250.0,173333.0,13846.0,24339.176470588234,17,property_type,Detached
20260520_153034,20260520,Westminster,24,12425.0,17582.208333333332,3900.0,59367.0,0.0,1946.3125,16,property_type,Duplex
20260520_153034,20260520,Westminster,20,10097.0,13361.45,4871.0,35767.0,,,0,property_type,Serviced Apartments
20260520_153034,20260520,Westminster,14,20583.5,20498.714285714286,4750.0,65000.0,22000.0,24437.5,8,property_type,Town House
20260520_153034,20260520,Westminster,12,9525.5,16783.0,2816.0,65000.0,9819.0,19686.8,10,property_type,Semi-Detached
20260520_153034,20260520,Westminster,11,11000.0,10722.363636363636,4117.0,16000.0,13961.0,13873.9,10,property_type,End of Terrace
20260520_153034,20260520,Westminster,11,500.0,2117.7272727272725,399.0,7345.0,413.0,2512.1,10,property_type,Parking
20260520_153034,20260520,Westminster,8,1207.5,1172.625,895.0,1408.0,841.5,767.75,4,property_type,House Share
20260520_153034,20260520,Westminster,7,3250.0,3065.8571428571427,2100.0,4000.0,3057.0,3446.2,5,property_type,Ground Flat
20260520_153034,20260520,Westminster,5,1200.0,1747.0,841.0,3644.0,1125.0,1125.0,2,property_type,Flat Share
20260520_153034,20260520,Westminster,2,10140.0,10140.0,2947.0,17333.0,13700.0,13700.0,2,property_type,Cottage
20260520_153034,20260520,Westminster,1,407.0,407.0,407.0,407.0,564.0,564.0,1,property_type,Garages
20260520_153034,20260520,Westminster,1,19500.0,19500.0,19500.0,19500.0,27500.0,27500.0,1,property_type,Ground Maisonette
20260520_153034,20260520,Westminster,1,5000.0,5000.0,5000.0,5000.0,6346.0,6346.0,1,property_type,House Boat
20260520_153034,20260520,Westminster,1,84500.0,84500.0,84500.0,84500.0,117000.0,117000.0,1,property_type,Villa
20260520_153034,20260520,Westminster,4488,5500.0,9527.86586452763,300.0,368333.0,4500.0,9405.978507462687,3350,student_suitable,Not student suitable
20260520_153034,20260520,Westminster,399,3358.0,4327.709273182957,895.0,27300.0,3091.5,3830.8046357615895,302,student_suitable,Student suitable
20260520_153034,20260520,Westminster,4828,5384.0,9161.855633802817,300.0,368333.0,4442.0,9004.23910024993,3601,zero_deposit,Unknown
20260520_153034,20260520,Westminster,59,3748.0,4311.5084745762715,1400.0,10998.0,4089.0,4758.156862745098,51,zero_deposit,Zero deposit
20260520_234952,20260520,Barking and Dagenham,107,1425.0,1380.1588785046729,450.0,4333.0,1557.0,1358.9036144578313,83,bedrooms,1 bed
20260520_234952,20260520,Barking and Dagenham,100,1800.0,1824.02,850.0,2350.0,2019.0,1908.3333333333333,90,bedrooms,2 bed
20260520_234952,20260520,Barking and Dagenham,68,2100.0,2117.6029411764707,950.0,3000.0,2423.0,2208.509090909091,55,bedrooms,3 bed
20260520_234952,20260520,Barking and Dagenham,17,2500.0,2380.470588235294,800.0,2950.0,2884.0,2758.923076923077,13,bedrooms,4 bed
20260520_234952,20260520,Barking and Dagenham,5,2999.0,2859.8,2550.0,3000.0,3461.0,3461.0,2,bedrooms,5+ bed
20260520_234952,20260520,Barking and Dagenham,3,1425.0,1808.3333333333333,1400.0,2600.0,3000.0,3000.0,1,bedrooms,Studio / 0 bed
20260520_234952,20260520,Barking and Dagenham,278,1800.0,1817.4352517985612,450.0,3000.0,2000.0,1912.784140969163,227,bills,Unknown
20260520_234952,20260520,Barking and Dagenham,21,900.0,1293.857142857143,450.0,4333.0,940.5,983.9375,16,bills,Bills included
20260520_234952,20260520,Barking and Dagenham,1,1850.0,1850.0,1850.0,1850.0,1850.0,1850.0,1,bills,Bills excluded
20260520_234952,20260520,Barking and Dagenham,275,1800.0,1784.6072727272726,450.0,4333.0,1961.0,1845.5897435897436,234,build_to_rent,Not build to rent
20260520_234952,20260520,Barking and Dagenham,25,1675.0,1740.04,1400.0,2310.0,1874.5,1992.7,10,build_to_rent,Build to rent
20260520_234952,20260520,Barking and Dagenham,266,1800.0,1779.5187969924812,450.0,4333.0,1994.5,1891.4908256880733,218,deposit,Deposit listed
20260520_234952,20260520,Barking and Dagenham,34,1712.5,1791.6470588235295,1350.0,3000.0,1825.5,1517.3076923076924,26,deposit,Zero deposit
20260520_234952,20260520,Barking and Dagenham,141,1895.0,1886.276595744681,800.0,3000.0,2077.0,2031.1680672268908,119,furnish_type,Unfurnished
20260520_234952,20260520,Barking and Dagenham,85,1565.0,1505.3529411764705,450.0,3900.0,1673.0,1480.560606060606,66,furnish_type,Furnished
20260520_234952,20260520,Barking and Dagenham,35,1800.0,1880.2571428571428,1000.0,4333.0,1903.0,1763.7586206896551,29,furnish_type,Ask agent
20260520_234952,20260520,Barking and Dagenham,26,1875.0,1893.2307692307693,1300.0,2650.0,1870.0,2043.2222222222222,18,furnish_type,Part furnished
20260520_234952,20260520,Barking and Dagenham,13,1650.0,1947.3076923076924,1350.0,3000.0,1923.0,2036.8333333333333,12,furnish_type,"Furnished or unfurnished, landlord is flexible"
20260520_234952,20260520,Barking and Dagenham,277,1775.0,1773.7003610108304,450.0,3900.0,1961.0,1847.9822222222222,225,investment_opportunity,Unknown
20260520_234952,20260520,Barking and Dagenham,23,1800.0,1867.5217391304348,850.0,4333.0,1990.0,1894.6842105263158,19,investment_opportunity,Investment opportunity
20260520_234952,20260520,Barking and Dagenham,300,1787.5,1780.8933333333334,450.0,4333.0,1961.0,1851.6188524590164,244,let_type,Unknown
20260520_234952,20260520,Barking and Dagenham,261,1800.0,1766.7701149425288,450.0,4333.0,1958.0,1819.4907407407406,216,luxury,Unknown
20260520_234952,20260520,Barking and Dagenham,39,1700.0,1875.4102564102564,1300.0,3000.0,1980.5,2099.464285714286,28,luxury,Luxury
20260520_234952,20260520,Barking and Dagenham,300,1787.5,1780.8933333333334,450.0,4333.0,1961.0,1851.6188524590164,244,online_viewings,No online viewing flag
20260520_234952,20260520,Barking and Dagenham,266,1800.0,1783.3082706766918,450.0,4333.0,1961.0,1834.2785388127854,219,pets,Unknown
20260520_234952,20260520,Barking and Dagenham,25,1675.0,1757.8,900.0,2950.0,1932.0,1987.0588235294117,17,pets,Pets mentioned
20260520_234952,20260520,Barking and Dagenham,9,1800.0,1773.6666666666667,923.0,2200.0,2138.5,2038.5,8,pets,No pets
20260520_234952,20260520,Barking and Dagenham,230,1750.0,1758.6391304347826,450.0,4333.0,1932.0,1805.8695652173913,184,price_reduced,Not reduced
20260520_234952,20260520,Barking and Dagenham,70,1900.0,1854.0142857142857,450.0,3000.0,2192.0,1991.9166666666667,60,price_reduced,Price reduced
20260520_234952,20260520,Barking and Dagenham,98,1675.0,1678.9183673469388,850.0,2500.0,1771.5,1644.7368421052631,76,property_type,Flat
20260520_234952,20260520,Barking and Dagenham,58,1700.0,1764.2241379310344,1240.0,2500.0,1975.5,2018.5,46,property_type,Apartment
20260520_234952,20260520,Barking and Dagenham,55,2050.0,2133.5636363636363,800.0,3000.0,2303.5,2270.3541666666665,48,property_type,Terraced
20260520_234952,20260520,Barking and Dagenham,17,2000.0,1789.7058823529412,750.0,3000.0,2253.5,1816.1875,16,property_type,House
20260520_234952,20260520,Barking and Dagenham,14,2125.0,2171.3571428571427,1400.0,3000.0,2423.0,2389.6153846153848,13,property_type,End of Terrace
20260520_234952,20260520,Barking and Dagenham,13,850.0,1150.076923076923,450.0,3900.0,800.0,780.0,11,property_type,Detached
20260520_234952,20260520,Barking and Dagenham,12,2050.0,2095.5833333333335,1550.0,2400.0,2490.0,2162.4,10,property_type,Semi-Detached
20260520_234952,20260520,Barking and Dagenham,10,900.0,1257.3,850.0,4333.0,980.5,803.1,10,property_type,House Share
20260520_234952,20260520,Barking and Dagenham,5,1650.0,1655.0,1550.0,1800.0,1903.0,1918.6,5,property_type,Maisonette
20260520_234952,20260520,Barking and Dagenham,5,1700.0,1620.0,800.0,2100.0,800.0,920.3333333333334,3,property_type,Not Specified
20260520_234952,20260520,Barking and Dagenham,3,1350.0,1466.6666666666667,1350.0,1700.0,1900.0,1900.0,1,property_type,Ground Flat
20260520_234952,20260520,Barking and Dagenham,2,2350.0,2350.0,1900.0,2800.0,2711.0,2711.0,2,property_type,Bungalow
20260520_234952,20260520,Barking and Dagenham,2,811.5,811.5,700.0,923.0,,,0,property_type,Flat Share
20260520_234952,20260520,Barking and Dagenham,2,1412.5,1412.5,1400.0,1425.0,,,0,property_type,Studio
20260520_234952,20260520,Barking and Dagenham,1,2000.0,2000.0,2000.0,2000.0,2307.0,2307.0,1,property_type,Duplex
20260520_234952,20260520,Barking and Dagenham,1,450.0,450.0,450.0,450.0,,,0,property_type,House of Multiple Occupation
20260520_234952,20260520,Barking and Dagenham,1,1395.0,1395.0,1395.0,1395.0,1395.0,1395.0,1,property_type,Retirement Property
20260520_234952,20260520,Barking and Dagenham,1,2800.0,2800.0,2800.0,2800.0,3230.0,3230.0,1,property_type,Town House
20260520_234952,20260520,Barking and Dagenham,271,1800.0,1792.7453874538746,450.0,4333.0,1961.0,1873.4351851851852,216,student_suitable,Not student suitable
20260520_234952,20260520,Barking and Dagenham,29,1550.0,1670.1379310344828,650.0,3900.0,1773.5,1683.3214285714287,28,student_suitable,Student suitable
20260520_234952,20260520,Barking and Dagenham,266,1800.0,1779.5187969924812,450.0,4333.0,1994.5,1891.4908256880733,218,zero_deposit,Unknown
20260520_234952,20260520,Barking and Dagenham,34,1712.5,1791.6470588235295,1350.0,3000.0,1825.5,1517.3076923076924,26,zero_deposit,Zero deposit
20260520_234952,20260520,Barnet,487,2150.0,2287.2156057494867,1595.0,11496.0,2308.0,2377.536523929471,397,bedrooms,2 bed
20260520_234952,20260520,Barnet,325,1700.0,1723.3846153846155,625.0,3500.0,1847.0,1763.592885375494,253,bedrooms,1 bed
20260520_234952,20260520,Barnet,237,2900.0,4242.2489451476795,850.0,43333.0,3230.0,4638.81443298969,194,bedrooms,3 bed
20260520_234952,20260520,Barnet,141,1250.0,1320.404255319149,150.0,5000.0,1384.5,1342.4433962264152,106,bedrooms,Studio / 0 bed
20260520_234952,20260520,Barnet,102,7600.0,13128.843137254902,2450.0,100000.0,8584.0,16078.44,75,bedrooms,5+ bed
20260520_234952,20260520,Barnet,91,3500.0,6273.89010989011,675.0,65000.0,3807.0,5661.584415584415,77,bedrooms,4 bed
20260520_234952,20260520,Barnet,1313,2200.0,3515.8423457730387,150.0,100000.0,2423.0,3815.199619771863,1052,bills,Unknown
20260520_234952,20260520,Barnet,69,1250.0,2285.927536231884,625.0,65000.0,1269.0,1197.7142857142858,49,bills,Bills included
20260520_234952,20260520,Barnet,1,1600.0,1600.0,1600.0,1600.0,1847.0,1847.0,1,bills,Bills excluded
20260520_234952,20260520,Barnet,1328,2149.0,3494.3998493975905,150.0,100000.0,2308.0,3731.505174035748,1063,build_to_rent,Not build to rent
20260520_234952,20260520,Barnet,55,2505.0,2455.7636363636366,1749.0,3470.0,2600.0,2757.3076923076924,39,build_to_rent,Build to rent
20260520_234952,20260520,Barnet,1316,2165.0,3513.5896656534956,150.0,100000.0,2365.0,3799.988405797101,1035,deposit,Deposit listed
20260520_234952,20260520,Barnet,67,2100.0,2264.865671641791,1150.0,5000.0,2307.0,2106.5223880597014,67,deposit,Zero deposit
20260520_234952,20260520,Barnet,460,2200.0,3296.49347826087,150.0,35000.0,2423.0,3686.1892583120207,391,furnish_type,Unfurnished
20260520_234952,20260520,Barnet,441,2000.0,3115.3537414965986,580.0,100000.0,2150.0,3543.804733727811,338,furnish_type,Furnished
20260520_234952,20260520,Barnet,190,2400.0,5197.936842105263,670.0,52000.0,2498.5,4259.948051948052,154,furnish_type,Ask agent
20260520_234952,20260520,Barnet,180,2400.0,3386.6,775.0,34996.0,2596.0,3957.968992248062,129,furnish_type,"Furnished or unfurnished, landlord is flexible"
20260520_234952,20260520,Barnet,112,1985.0,2573.0,901.0,25000.0,2264.0,2982.322222222222,90,furnish_type,Part furnished
20260520_234952,20260520,Barnet,1290,2150.0,3528.9558139534884,150.0,100000.0,2365.0,3792.3097773475315,1033,investment_opportunity,Unknown
20260520_234952,20260520,Barnet,93,2200.0,2400.8279569892475,750.0,5500.0,2300.0,2270.5652173913045,69,investment_opportunity,Investment opportunity
20260520_234952,20260520,Barnet,1383,2150.0,3453.0947216196673,150.0,100000.0,2314.5,3697.0281306715065,1102,let_type,Unknown
20260520_234952,20260520,Barnet,1007,2060.0,2667.8510427010924,580.0,43333.0,2305.0,2889.8670658682636,835,luxury,Unknown
20260520_234952,20260520,Barnet,376,2525.0,5556.127659574468,150.0,100000.0,2769.0,6221.295880149813,267,luxury,Luxury
20260520_234952,20260520,Barnet,1383,2150.0,3453.0947216196673,150.0,100000.0,2314.5,3697.0281306715065,1102,online_viewings,No online viewing flag
20260520_234952,20260520,Barnet,1236,2100.0,3564.2216828478963,150.0,100000.0,2307.0,3832.271238485159,977,pets,Unknown
20260520_234952,20260520,Barnet,124,2492.5,2669.2903225806454,1300.0,6998.0,2582.0,2813.9411764705883,102,pets,Pets mentioned
20260520_234952,20260520,Barnet,23,1700.0,1706.9565217391305,675.0,3500.0,1962.0,1868.4347826086957,23,pets,No pets
20260520_234952,20260520,Barnet,966,2150.0,3332.796066252588,150.0,65000.0,2308.0,3424.985195154778,743,price_reduced,Not reduced
20260520_234952,20260520,Barnet,417,2175.0,3731.7721822541967,200.0,100000.0,2423.0,4260.058495821727,359,price_reduced,Price reduced
20260520_234952,20260520,Barnet,562,2150.0,2548.4039145907473,750.0,43333.0,2336.5,2969.8094170403588,446,property_type,Flat
20260520_234952,20260520,Barnet,397,2000.0,2654.9244332493704,901.0,43333.0,2250.0,2611.6421725239616,313,property_type,Apartment
20260520_234952,20260520,Barnet,87,1300.0,1329.0919540229886,580.0,2080.0,1440.0,1362.8732394366198,71,property_type,Studio
20260520_234952,20260520,Barnet,70,3425.0,4096.314285714286,750.0,13000.0,3750.0,4081.137931034483,58,property_type,Semi-Detached
20260520_234952,20260520,Barnet,66,11458.5,17323.515151515152,2800.0,100000.0,10662.0,19797.088888888888,45,property_type,Detached
20260520_234952,20260520,Barnet,37,3200.0,3825.3783783783783,1000.0,16250.0,3265.0,4423.029411764706,34,property_type,Terraced
20260520_234952,20260520,Barnet,35,3500.0,6014.314285714286,1650.0,26000.0,4038.0,7423.25,32,property_type,House
20260520_234952,20260520,Barnet,32,2090.0,2225.15625,1400.0,4000.0,2420.0,2450.740740740741,27,property_type,Maisonette
20260520_234952,20260520,Barnet,30,850.0,882.3333333333334,625.0,1300.0,919.0,902.15,20,property_type,House Share
20260520_234952,20260520,Barnet,11,3000.0,2899.4545454545455,1500.0,4000.0,3289.0,2926.909090909091,11,property_type,End of Terrace
20260520_234952,20260520,Barnet,11,4750.0,11346.636363636364,2400.0,43333.0,3548.0,12950.833333333334,6,property_type,Penthouse
20260520_234952,20260520,Barnet,10,900.0,1127.0,650.0,3150.0,900.0,1252.875,8,property_type,Flat Share
20260520_234952,20260520,Barnet,6,1525.0,1961.6666666666667,975.0,5000.0,778.5,919.6666666666666,6,property_type,Not Specified
20260520_234952,20260520,Barnet,5,3700.0,3390.0,2150.0,3700.0,3374.5,2754.5,4,property_type,Bungalow
20260520_234952,20260520,Barnet,4,3375.0,11061.25,2495.0,35000.0,3682.5,12561.25,4,property_type,Detached Bungalow
20260520_234952,20260520,Barnet,4,2900.0,3575.0,2500.0,6000.0,2884.0,3802.3333333333335,3,property_type,Duplex
20260520_234952,20260520,Barnet,3,200.0,716.6666666666666,150.0,1800.0,100.0,100.0,2,property_type,Garages
20260520_234952,20260520,Barnet,3,4200.0,4300.0,4200.0,4500.0,5192.0,5192.0,2,property_type,Mews
20260520_234952,20260520,Barnet,3,2790.0,2663.3333333333335,2400.0,2800.0,3219.0,3073.3333333333335,3,property_type,Town House
20260520_234952,20260520,Barnet,2,2900.0,2900.0,1800.0,4000.0,3372.5,3372.5,2,property_type,Ground Flat
20260520_234952,20260520,Barnet,2,2475.0,2475.0,2150.0,2800.0,2855.0,2855.0,2,property_type,Semi-Detached Bungalow
20260520_234952,20260520,Barnet,1,2250.0,2250.0,2250.0,2250.0,2596.0,2596.0,1,property_type,Cottage
20260520_234952,20260520,Barnet,1,1950.0,1950.0,1950.0,1950.0,1950.0,1950.0,1,property_type,Ground Maisonette
20260520_234952,20260520,Barnet,1,750.0,750.0,750.0,750.0,750.0,750.0,1,property_type,House of Multiple Occupation
20260520_234952,20260520,Barnet,1246,2167.0,3597.03772070626,150.0,100000.0,2400.0,3836.063492063492,1008,student_suitable,Not student suitable
20260520_234952,20260520,Barnet,137,2000.0,2143.9489051094893,675.0,5000.0,2171.0,2206.095744680851,94,student_suitable,Student suitable
20260520_234952,20260520,Barnet,1316,2165.0,3513.5896656534956,150.0,100000.0,2365.0,3799.988405797101,1035,zero_deposit,Unknown
20260520_234952,20260520,Barnet,67,2100.0,2264.865671641791,1150.0,5000.0,2307.0,2106.5223880597014,67,zero_deposit,Zero deposit
20260520_234952,20260520,Bexley,62,1300.0,1252.6129032258063,650.0,4507.0,1365.0,1294.9166666666667,48,bedrooms,1 bed
20260520_234952,20260520,Bexley,53,2100.0,2078.301886792453,775.0,2600.0,2357.5,2299.181818181818,44,bedrooms,3 bed
20260520_234952,20260520,Bexley,44,1700.0,1708.159090909091,1400.0,1955.0,1903.0,1929.3076923076924,39,bedrooms,2 bed
20260520_234952,20260520,Bexley,19,1100.0,1228.0526315789473,950.0,2000.0,1211.0,1236.5,14,bedrooms,Studio / 0 bed
20260520_234952,20260520,Bexley,12,2500.0,2529.1666666666665,2000.0,3250.0,2596.0,2462.375,8,bedrooms,4 bed
20260520_234952,20260520,Bexley,10,2725.0,3384.5,2500.0,7000.0,3173.0,4251.571428571428,7,bedrooms,5+ bed
20260520_234952,20260520,Bexley,180,1750.0,1840.0222222222221,650.0,7000.0,1978.0,2024.781690140845,142,bills,Unknown
20260520_234952,20260520,Bexley,18,900.0,955.2777777777778,749.0,1300.0,999.0,962.75,16,bills,Bills included
20260520_234952,20260520,Bexley,2,1050.0,1050.0,1050.0,1050.0,1205.5,1205.5,2,bills,Bills excluded
20260520_234952,20260520,Bexley,200,1700.0,1752.495,650.0,7000.0,1903.0,1908.3375,160,build_to_rent,Not build to rent
20260520_234952,20260520,Bexley,189,1690.0,1730.6825396825398,650.0,7000.0,1903.0,1896.7151898734178,158,deposit,Deposit listed
20260520_234952,20260520,Bexley,11,2300.0,2127.2727272727275,1000.0,3000.0,2826.5,2826.5,2,deposit,Zero deposit
20260520_234952,20260520,Bexley,108,1800.0,1877.3703703703704,850.0,4507.0,2073.0,2088.4767441860463,86,furnish_type,Unfurnished
20260520_234952,20260520,Bexley,32,1400.0,1438.75,650.0,3000.0,1182.0,1534.392857142857,28,furnish_type,Furnished
20260520_234952,20260520,Bexley,31,1500.0,1642.1935483870968,850.0,3250.0,1629.5,1620.5,22,furnish_type,Ask agent
20260520_234952,20260520,Bexley,16,1897.5,2029.375,875.0,7000.0,2191.5,2569.5833333333335,12,furnish_type,"Furnished or unfurnished, landlord is flexible"
20260520_234952,20260520,Bexley,13,1050.0,1409.6153846153845,775.0,2750.0,1210.5,1356.3333333333333,12,furnish_type,Part furnished
20260520_234952,20260520,Bexley,194,1700.0,1756.180412371134,650.0,7000.0,1903.0,1910.409090909091,154,investment_opportunity,Unknown
20260520_234952,20260520,Bexley,6,1550.0,1633.3333333333333,900.0,2500.0,1701.5,1855.1666666666667,6,investment_opportunity,Investment opportunity
20260520_234952,20260520,Bexley,200,1700.0,1752.495,650.0,7000.0,1903.0,1908.3375,160,let_type,Unknown
20260520_234952,20260520,Bexley,178,1700.0,1711.129213483146,650.0,4507.0,1901.5,1836.8972602739725,146,luxury,Unknown
20260520_234952,20260520,Bexley,22,1700.0,2087.181818181818,850.0,7000.0,2375.0,2653.3571428571427,14,luxury,Luxury
20260520_234952,20260520,Bexley,200,1700.0,1752.495,650.0,7000.0,1903.0,1908.3375,160,online_viewings,No online viewing flag
20260520_234952,20260520,Bexley,181,1700.0,1748.171270718232,650.0,7000.0,1900.0,1900.276595744681,141,pets,Unknown
20260520_234952,20260520,Bexley,16,1875.0,1822.1875,749.0,2750.0,2047.5,2013.75,16,pets,No pets
20260520_234952,20260520,Bexley,3,1625.0,1641.6666666666667,1200.0,2100.0,1875.0,1725.0,3,pets,Pets mentioned
20260520_234952,20260520,Bexley,138,1700.0,1736.695652173913,775.0,4507.0,1900.0,1878.2882882882882,111,price_reduced,Not reduced
20260520_234952,20260520,Bexley,62,1700.0,1787.6612903225807,650.0,7000.0,1903.0,1976.408163265306,49,price_reduced,Price reduced
20260520_234952,20260520,Bexley,43,1500.0,1527.0697674418604,1050.0,2100.0,1700.0,1696.9722222222222,36,property_type,Flat
20260520_234952,20260520,Bexley,25,2140.0,2191.6,1000.0,3250.0,2423.0,2460.2105263157896,19,property_type,Semi-Detached
20260520_234952,20260520,Bexley,25,2000.0,2118.4,1735.0,4000.0,2252.5,2356.2,20,property_type,Terraced
20260520_234952,20260520,Bexley,23,1600.0,1717.2608695652175,1200.0,4507.0,1845.5,1783.4285714285713,14,property_type,Apartment
20260520_234952,20260520,Bexley,23,875.0,885.6521739130435,650.0,1150.0,981.0,917.6666666666666,21,property_type,House Share
20260520_234952,20260520,Bexley,14,1075.0,1175.0,1050.0,1500.0,1211.0,1253.909090909091,11,property_type,Studio
20260520_234952,20260520,Bexley,11,2500.0,2925.2727272727275,1250.0,7000.0,3057.0,3897.714285714286,7,property_type,Detached
20260520_234952,20260520,Bexley,9,1650.0,1608.3333333333333,775.0,2100.0,1903.0,1803.75,8,property_type,Maisonette
20260520_234952,20260520,Bexley,7,1850.0,1938.5714285714287,1550.0,2600.0,2074.0,2196.6666666666665,6,property_type,End of Terrace
20260520_234952,20260520,Bexley,6,2150.0,2191.6666666666665,1800.0,2750.0,2307.0,1932.0,5,property_type,House
20260520_234952,20260520,Bexley,4,2450.0,2475.0,2000.0,3000.0,2600.0,2596.0,3,property_type,Bungalow
20260520_234952,20260520,Bexley,2,1350.0,1350.0,1200.0,1500.0,1557.5,1557.5,2,property_type,Ground Flat
20260520_234952,20260520,Bexley,2,1750.0,1750.0,1550.0,1950.0,2019.5,2019.5,2,property_type,Ground Maisonette
20260520_234952,20260520,Bexley,1,2200.0,2200.0,2200.0,2200.0,2538.0,2538.0,1,property_type,Detached Bungalow
20260520_234952,20260520,Bexley,1,1400.0,1400.0,1400.0,1400.0,1616.0,1616.0,1,property_type,Not Specified
20260520_234952,20260520,Bexley,1,850.0,850.0,850.0,850.0,1096.0,1096.0,1,property_type,Parking
20260520_234952,20260520,Bexley,1,1950.0,1950.0,1950.0,1950.0,1950.0,1950.0,1,property_type,Penthouse
20260520_234952,20260520,Bexley,1,2395.0,2395.0,2395.0,2395.0,2763.0,2763.0,1,property_type,Semi-Detached Bungalow
20260520_234952,20260520,Bexley,1,2500.0,2500.0,2500.0,2500.0,2884.0,2884.0,1,property_type,Town House
20260520_234952,20260520,Bexley,175,1700.0,1781.48,650.0,7000.0,1903.0,1941.2714285714285,140,student_suitable,Not student suitable
20260520_234952,20260520,Bexley,25,1500.0,1549.6,749.0,2100.0,1773.0,1677.8,20,student_suitable,Student suitable
20260520_234952,20260520,Bexley,189,1690.0,1730.6825396825398,650.0,7000.0,1903.0,1896.7151898734178,158,zero_deposit,Unknown
20260520_234952,20260520,Bexley,11,2300.0,2127.2727272727275,1000.0,3000.0,2826.5,2826.5,2,zero_deposit,Zero deposit
20260520_234952,20260520,Brent,389,2300.0,2331.1876606683804,1163.0,5800.0,2485.0,2411.9407665505228,287,bedrooms,2 bed
20260520_234952,20260520,Brent,334,1750.0,1728.2035928143712,643.0,5850.0,1847.0,1742.560669456067,239,bedrooms,1 bed
20260520_234952,20260520,Brent,203,2800.0,2910.423645320197,823.0,8670.0,3145.0,3181.944827586207,145,bedrooms,3 bed
20260520_234952,20260520,Brent,191,1380.0,1700.9685863874345,650.0,52272.0,1442.0,1316.6046511627908,129,bedrooms,Studio / 0 bed
20260520_234952,20260520,Brent,77,3445.0,3649.987012987013,802.0,7250.0,3865.0,3952.597014925373,67,bedrooms,4 bed
20260520_234952,20260520,Brent,60,4500.0,5710.266666666666,2995.0,16500.0,4981.0,6453.660714285715,56,bedrooms,5+ bed
20260520_234952,20260520,Brent,1123,2200.0,2502.026714158504,675.0,52272.0,2366.0,2679.1069258809234,823,bills,Unknown
20260520_234952,20260520,Brent,125,1250.0,1486.336,643.0,6500.0,1272.0,1378.5052631578947,95,bills,Bills included
20260520_234952,20260520,Brent,6,3050.0,4641.666666666667,1600.0,15000.0,4039.0,6057.8,5,bills,Bills excluded
20260520_234952,20260520,Brent,1189,2150.0,2427.389402859546,643.0,52272.0,2250.0,2573.897379912664,916,build_to_rent,Not build to rent
20260520_234952,20260520,Brent,65,1971.0,2111.5692307692307,1327.0,3634.0,0.0,1208.857142857143,7,build_to_rent,Build to rent
20260520_234952,20260520,Brent,1199,2150.0,2387.347789824854,643.0,16500.0,2250.0,2577.7676991150443,904,deposit,Deposit listed
20260520_234952,20260520,Brent,54,1790.0,2013.2592592592594,650.0,3500.0,2134.0,1886.842105263158,19,deposit,Zero deposit
20260520_234952,20260520,Brent,1,52272.0,52272.0,52272.0,52272.0,,,0,deposit,Deposit not listed
20260520_234952,20260520,Brent,533,2000.0,2255.106941838649,643.0,15000.0,2134.0,2366.3098159509204,326,furnish_type,Furnished
20260520_234952,20260520,Brent,282,2300.0,2528.2304964539007,700.0,7800.0,2452.5,2670.548387096774,248,furnish_type,Unfurnished
20260520_234952,20260520,Brent,181,2300.0,2481.8839779005525,650.0,10000.0,2300.0,2674.9171597633135,169,furnish_type,Ask agent
20260520_234952,20260520,Brent,177,2150.0,2438.576271186441,800.0,16500.0,2423.0,2835.470588235294,119,furnish_type,"Furnished or unfurnished, landlord is flexible"
20260520_234952,20260520,Brent,80,1885.0,2192.05,675.0,6500.0,2135.0,2343.55737704918,61,furnish_type,Part furnished
20260520_234952,20260520,Brent,1,52272.0,52272.0,52272.0,52272.0,,,0,furnish_type,"Unfurnished No floor/site plan +3 Key features Open Storage LandCirca 1.8 acres (0.728 hectares)Prominent FrontageExcellent Transport LinksSite Can Be SplitHigh-Level FloodlightingOptional PortacabinSecure & Gated Site Description The demise comprises a triangular shaped parcel of land with a prominent frontage and direct access to Neasden Lane. The land is predominantly of concrete hardstanding and is bounded by steel palisade and solid perimeter fencing. The site benefits from high-level floodlighting, making it suitable for operational use during evening hours and an optional modular portacabin providing office and welfare space. Location - The site is located along Neasden Lane approximately 7 miles from London City Centre. The wider area is of mixed use comprising a variety of residential, commercial units, shops and eateries. Occupiers within the immediate vicinity include NSX Autos, Hardcrete and Glenn's Skip Hire. The demise benefits from excellent transport links with the North Circular Road (A406), A40, M1 and Neasden Underground station close by. Neasden is a suburb in Northwest London located approximately 19 miles south of St Albans, 46 miles east of Reading and 54 miles south east of Oxford. Description - The demise comprises a triangular shaped parcel of land with a prominent frontage and direct access to Neasden Lane. The land is predominantly of concrete hardstanding and is bounded by steel palisade and solid perimeter fencing. The site benefits from high-level floodlighting, making it suitable for operational use during evening hours and an optional modular portacabin providing office and welfare space. Please note consideration will be given to splitting the site to provide smaller yard parcels. Accommodation - We have been informed that the site area extents to approximately 1.8 acres (0.728 hectares). Services - We understand that mains electricity, water and drainage are connected. None of the heating systems or any other plant and equipment have been tested by Commercial List and prospective lessees must rely on their own investigations as to their existence and condition. Please note that mains gas can be provided upon request. Business Rates - From enquiries made through the Valuation Office website, we understand that the following rating assessment applies; Rateable value: tbc Interested parties should make their own enquiries as to the amount of rates payable. Terms - The site is available TO LET for a term to be negotiated at an asking rent of £627,264 plus VAT per annum. Please note consideration will be given to splitting the site to provide smaller yard parcels. Vat - We understand that VAT is payable on the rent. Legal Costs - Each party to pay their own legal costs incurred. Viewing - For an appointment to view or further information please contact; Commercial List e: t: Agent Notes - Please note, by submitting an enquiry regarding this property you agree that we may send your details to the freeholder / landlord / managing agent of this property so they may contact you in order to answer any questions or arrange a convenient viewing time. Furthermore, these Particulars are believed to be correct, but their accuracy cannot be guaranteed, and they do not constitute an offer or a contract. Read full description Brochures View Brochure Open Storage Land, 54 Neasden Lane, London, NW10 2UJ Approximate location Open map Street View NEAREST STATIONS Neasden Station 0.1 miles Dollis Hill Station 0.4 miles Willesden Green Station 1.2 miles About Commercial List, Covering Nationwide Wellington House Wellington Circus Nottingham NG1 5AL Commercial List are online commercial estate agents that specialise in the sale and letting of commercial property across the United Kingdom. We deal with all types of commercial property, both freehold and leasehold, including retail, office, industrial, leisure, land, and investment and development opportunities. We focus on providing a modern cost-effective approach to property marketing by offering a range of agency packages starting from only £150 plus VAT for our basic service through to full agency, allowing clients to find the right level of service to meet their requirements. We advertise across major platforms, including Rightmove, Zoopla and Prop List, along with our socials, meaning your property gets the exposure it deserves. We also have an in-house property search which you can use to find your latest commercial property to buy or rent. Read more Notes These notes are private, only you can see them. Save note MARKETED BY Commercial List, Covering Nationwide Wellington House Wellington Circus Nottingham NG1 5AL More properties from Commercial List, Covering Nationwide Call Request details Disclaimer - Property reference 34538729. The information displayed about this property comprises a property advertisement. Rightmove.co.uk makes no warranty as to the accuracy or completeness of the advertisement or any linked or associated information, and Rightmove has no control over the content. This property advertisement does not constitute property particulars. The information is provided and maintained by Commercial List, Covering Nationwide. Please contact the selling agent or developer directly to obtain any information which may be available under the terms of The Energy Performance of Buildings (Certificates and Inspections) (England and Wales) Regulations 2007 or the Home Report if in relation to a residential property in Scotland. Map data ©OpenStreetMap contributors. Download the Rightmove app Resources Stamp Duty Calculator House Price Index Property guides Property news Buyer guides Seller guides Renter guides Landlord guides Removals Energy efficiency Mortgage in Principle Mortgage Calculator Mortgage guides Search Search homes for sale Search homes for rent Commercial for sale Commercial to rent Overseas homes for sale Search sold house prices Find an agent Student accommodation Retirement homes New homes Locations Major towns and cities in the UK London Cornwall Glasgow Cardiff Edinburgh Spain France Portugal Rightmove Tech blog About Press centre Investor relations Contact us Careers Sign in or create account HomeViews Professional Rightmove Plus Data Services Advertise on Rightmove Overseas agents and developers Home and property related services Advertise commercial property HomeViews Business Hub Site map Help our Cookie Policy Safety and Security Terms of Use Privacy Policy Copyright © 2000-2026 Rightmove Group Limited. All rights reserved. Rightmove prohibits the scraping of its content. You can find further details here. Choose your cookies We process your personal information to measure and improve our sites and service, to assist our marketing campaigns and to provide personalized content and advertising. By clicking 'Manage opt out preferences', you can exercise your privacy rights. You can find more information about cookie notices and consents in our Cookie Policy Manage opt out preferences Reject all Accept all"
20260520_234952,20260520,Brent,1150,2100.0,2405.553913043478,643.0,52272.0,2250.0,2556.465536723164,885,investment_opportunity,Unknown
20260520_234952,20260520,Brent,104,2162.5,2471.451923076923,800.0,10000.0,2423.0,2728.4210526315787,38,investment_opportunity,Investment opportunity
20260520_234952,20260520,Brent,1254,2149.0,2411.0191387559807,643.0,52272.0,2250.0,2563.5449620801733,923,let_type,Unknown
20260520_234952,20260520,Brent,955,2100.0,2365.957068062827,643.0,52272.0,2200.0,2475.078104993598,781,luxury,Unknown
20260520_234952,20260520,Brent,299,2150.0,2554.9464882943143,730.0,16500.0,2625.0,3050.112676056338,142,luxury,Luxury
20260520_234952,20260520,Brent,1254,2149.0,2411.0191387559807,643.0,52272.0,2250.0,2563.5449620801733,923,online_viewings,No online viewing flag
20260520_234952,20260520,Brent,1164,2150.0,2432.3599656357387,643.0,52272.0,2250.0,2581.0249716231556,881,pets,Unknown
20260520_234952,20260520,Brent,62,2280.5,2351.7741935483873,895.0,6500.0,2469.5,2493.7,20,pets,Pets mentioned
20260520_234952,20260520,Brent,28,1342.5,1655.0357142857142,700.0,6700.0,1958.0,1927.0454545454545,22,pets,No pets
20260520_234952,20260520,Brent,840,2102.0,2458.820238095238,685.0,52272.0,2250.0,2576.770689655172,580,price_reduced,Not reduced
20260520_234952,20260520,Brent,414,2167.0,2314.0314009661834,643.0,10998.0,2300.0,2541.1807580174927,343,price_reduced,Price reduced
20260520_234952,20260520,Brent,544,2150.0,2233.0275735294117,775.0,6500.0,2281.5,2387.809633027523,436,property_type,Flat
20260520_234952,20260520,Brent,315,2250.0,2423.647619047619,825.0,15000.0,2479.0,2524.7329192546586,161,property_type,Apartment
20260520_234952,20260520,Brent,126,1353.0,1399.563492063492,675.0,2500.0,1431.0,1303.1648351648353,91,property_type,Studio
20260520_234952,20260520,Brent,51,3400.0,3651.1372549019607,1400.0,11500.0,3980.5,4184.1875,48,property_type,Semi-Detached
20260520_234952,20260520,Brent,51,3500.0,4389.274509803921,2200.0,14000.0,3692.0,4623.6875,48,property_type,Terraced
20260520_234952,20260520,Brent,29,1950.0,2143.0,1400.0,3500.0,2134.0,2429.25,28,property_type,Maisonette
20260520_234952,20260520,Brent,27,3600.0,3922.4444444444443,700.0,10000.0,3028.5,3922.2916666666665,24,property_type,House
20260520_234952,20260520,Brent,24,900.0,893.6666666666666,643.0,1250.0,923.0,917.7619047619048,21,property_type,House Share
20260520_234952,20260520,Brent,23,901.0,1010.7826086956521,700.0,2600.0,838.0,998.0,13,property_type,Flat Share
20260520_234952,20260520,Brent,15,4400.0,5421.666666666667,685.0,16500.0,5135.0,6969.785714285715,14,property_type,Detached
20260520_234952,20260520,Brent,10,1837.5,2368.0,650.0,7131.0,1442.0,1589.2222222222222,9,property_type,Not Specified
20260520_234952,20260520,Brent,9,1750.0,1736.111111111111,1125.0,2600.0,2019.0,1990.3333333333333,9,property_type,Ground Flat
20260520_234952,20260520,Brent,7,3000.0,3445.4285714285716,2400.0,5000.0,3462.0,3131.0,7,property_type,End of Terrace
20260520_234952,20260520,Brent,6,875.0,871.6666666666666,730.0,1050.0,842.0,830.6666666666666,3,property_type,House of Multiple Occupation
20260520_234952,20260520,Brent,4,2497.5,2656.25,2300.0,3330.0,2878.0,2878.0,1,property_type,Duplex
20260520_234952,20260520,Brent,2,26836.0,26836.0,1400.0,52272.0,1616.0,1616.0,1,property_type,Land
20260520_234952,20260520,Brent,2,3491.5,3491.5,2650.0,4333.0,3000.0,3000.0,1,property_type,Mews
20260520_234952,20260520,Brent,2,2449.0,2449.0,2099.0,2799.0,2787.5,2787.5,2,property_type,Penthouse
20260520_234952,20260520,Brent,2,3050.0,3050.0,2750.0,3350.0,3307.5,3307.5,2,property_type,Town House
20260520_234952,20260520,Brent,1,2396.0,2396.0,2396.0,2396.0,2765.0,2765.0,1,property_type,Bungalow
20260520_234952,20260520,Brent,1,2150.0,2150.0,2150.0,2150.0,2480.0,2480.0,1,property_type,Garages
20260520_234952,20260520,Brent,1,1900.0,1900.0,1900.0,1900.0,2192.0,2192.0,1,property_type,Ground Maisonette
20260520_234952,20260520,Brent,1,1495.0,1495.0,1495.0,1495.0,1495.0,1495.0,1,property_type,Retirement Property
20260520_234952,20260520,Brent,1,5850.0,5850.0,5850.0,5850.0,,,0,property_type,Serviced Apartments
20260520_234952,20260520,Brent,1097,2200.0,2473.573381950775,643.0,52272.0,2307.0,2642.32881773399,812,student_suitable,Not student suitable
20260520_234952,20260520,Brent,157,1797.0,1973.936305732484,700.0,6500.0,1950.0,1987.2162162162163,111,student_suitable,Student suitable
20260520_234952,20260520,Brent,1200,2150.0,2428.9183333333335,643.0,52272.0,2250.0,2577.7676991150443,904,zero_deposit,Unknown
20260520_234952,20260520,Brent,54,1790.0,2013.2592592592594,650.0,3500.0,2134.0,1886.842105263158,19,zero_deposit,Zero deposit
20260520_234952,20260520,Bromley,117,1800.0,1835.6410256410256,1450.0,2595.0,2019.0,1850.3163265306123,98,bedrooms,2 bed
20260520_234952,20260520,Bromley,91,1430.0,1449.8791208791208,650.0,5000.0,1500.0,1326.871794871795,78,bedrooms,1 bed
20260520_234952,20260520,Bromley,45,2350.0,2405.5555555555557,1700.0,3500.0,2653.0,2530.945945945946,37,bedrooms,3 bed
20260520_234952,20260520,Bromley,30,3225.0,3375.0,2400.0,7500.0,3317.5,3422.269230769231,26,bedrooms,4 bed
20260520_234952,20260520,Bromley,20,4500.0,5422.25,2700.0,11000.0,5336.5,5915.3125,16,bedrooms,5+ bed
20260520_234952,20260520,Bromley,17,1100.0,995.5882352941177,175.0,1350.0,1211.0,1181.6923076923076,13,bedrooms,Studio / 0 bed
20260520_234952,20260520,Bromley,300,1800.0,2169.1366666666668,175.0,11000.0,1961.0,2213.0592885375495,253,bills,Unknown
20260520_234952,20260520,Bromley,20,969.0,1541.9,725.0,7500.0,988.0,1170.2666666666667,15,bills,Bills included
20260520_234952,20260520,Bromley,320,1800.0,2129.934375,175.0,11000.0,1918.0,2154.694029850746,268,build_to_rent,Not build to rent
20260520_234952,20260520,Bromley,271,1800.0,2159.0553505535054,175.0,11000.0,1903.0,2160.3947368421054,228,deposit,Deposit listed
20260520_234952,20260520,Bromley,49,1750.0,1968.8775510204082,750.0,4500.0,2047.5,2122.2,40,deposit,Zero deposit
20260520_234952,20260520,Bromley,202,1750.0,2101.831683168317,1050.0,11000.0,1960.0,2164.786982248521,169,furnish_type,Unfurnished
20260520_234952,20260520,Bromley,44,1900.0,2402.068181818182,175.0,6500.0,1874.0,2149.5,36,furnish_type,Ask agent
20260520_234952,20260520,Bromley,41,1400.0,1906.780487804878,650.0,7500.0,1500.0,1785.4848484848485,33,furnish_type,Furnished
20260520_234952,20260520,Bromley,17,1850.0,2186.764705882353,900.0,4250.0,2134.0,2543.6,15,furnish_type,Part furnished
20260520_234952,20260520,Bromley,16,1997.5,2247.8125,1100.0,3750.0,2301.0,2476.8,15,furnish_type,"Furnished or unfurnished, landlord is flexible"
20260520_234952,20260520,Bromley,316,1800.0,2132.6867088607596,175.0,11000.0,1903.5,2153.912878787879,264,investment_opportunity,Unknown
20260520_234952,20260520,Bromley,4,1825.0,1912.5,1500.0,2500.0,2105.0,2206.25,4,investment_opportunity,Investment opportunity
20260520_234952,20260520,Bromley,320,1800.0,2129.934375,175.0,11000.0,1918.0,2154.694029850746,268,let_type,Unknown
20260520_234952,20260520,Bromley,268,1750.0,1951.55223880597,175.0,7500.0,1918.0,2015.3348214285713,224,luxury,Unknown
20260520_234952,20260520,Bromley,52,2175.0,3049.2884615384614,650.0,11000.0,1951.5,2864.159090909091,44,luxury,Luxury
20260520_234952,20260520,Bromley,320,1800.0,2129.934375,175.0,11000.0,1918.0,2154.694029850746,268,online_viewings,No online viewing flag
20260520_234952,20260520,Bromley,294,1800.0,2164.1190476190477,175.0,11000.0,1961.0,2218.1604938271603,243,pets,Unknown
20260520_234952,20260520,Bromley,14,1194.0,1418.0714285714287,750.0,2700.0,1094.5,1314.7142857142858,14,pets,No pets
20260520_234952,20260520,Bromley,12,1550.0,2122.9166666666665,850.0,7500.0,1615.0,1821.7272727272727,11,pets,Pets mentioned
20260520_234952,20260520,Bromley,237,1800.0,2124.5696202531644,175.0,11000.0,1941.0,2155.200980392157,204,price_reduced,Not reduced
20260520_234952,20260520,Bromley,83,1700.0,2145.253012048193,750.0,7500.0,1903.0,2153.078125,64,price_reduced,Price reduced
20260520_234952,20260520,Bromley,123,1650.0,1701.7886178861788,650.0,3500.0,1766.5,1751.4903846153845,104,property_type,Flat
20260520_234952,20260520,Bromley,61,1700.0,1776.8852459016393,1300.0,3300.0,1846.0,1684.593220338983,59,property_type,Apartment
20260520_234952,20260520,Bromley,25,2200.0,2291.0,1650.0,4000.0,2596.0,2548.7368421052633,19,property_type,Terraced
20260520_234952,20260520,Bromley,24,4500.0,5088.666666666667,1833.0,11000.0,5048.0,5568.0,18,property_type,Detached
20260520_234952,20260520,Bromley,19,2575.0,2823.684210526316,725.0,6000.0,2884.0,2617.3333333333335,18,property_type,House
20260520_234952,20260520,Bromley,17,2600.0,2600.0,1800.0,3750.0,2884.0,2580.769230769231,13,property_type,Semi-Detached
20260520_234952,20260520,Bromley,13,895.0,879.8461538461538,750.0,1100.0,926.5,905.4,10,property_type,House Share
20260520_234952,20260520,Bromley,11,1650.0,1704.5454545454545,1150.0,2000.0,1961.0,1977.5714285714287,7,property_type,Maisonette
20260520_234952,20260520,Bromley,7,1200.0,1135.7142857142858,850.0,1300.0,1297.5,1286.3333333333333,6,property_type,Studio
20260520_234952,20260520,Bromley,3,2950.0,2933.3333333333335,2100.0,3750.0,3230.0,3326.6666666666665,3,property_type,End of Terrace
20260520_234952,20260520,Bromley,3,3958.0,3819.3333333333335,2500.0,5000.0,,,0,property_type,Not Specified
20260520_234952,20260520,Bromley,2,2472.5,2472.5,2350.0,2595.0,2653.0,2653.0,2,property_type,Bungalow
20260520_234952,20260520,Bromley,2,237.5,237.5,175.0,300.0,347.0,347.0,1,property_type,Garages
20260520_234952,20260520,Bromley,2,2000.0,2000.0,1500.0,2500.0,2884.0,2884.0,1,property_type,Ground Flat
20260520_234952,20260520,Bromley,2,1887.5,1887.5,1575.0,2200.0,2206.5,2206.5,2,property_type,Penthouse
20260520_234952,20260520,Bromley,2,1312.5,1312.5,1075.0,1550.0,1312.5,1312.5,2,property_type,Retirement Property
20260520_234952,20260520,Bromley,2,4175.0,4175.0,2600.0,5750.0,4815.0,4815.0,2,property_type,Town House
20260520_234952,20260520,Bromley,1,3250.0,3250.0,3250.0,3250.0,,,0,property_type,Detached Bungalow
20260520_234952,20260520,Bromley,1,800.0,800.0,800.0,800.0,800.0,800.0,1,property_type,Flat Share
20260520_234952,20260520,Bromley,297,1800.0,2160.5757575757575,175.0,11000.0,1961.0,2209.581300813008,246,student_suitable,Not student suitable
20260520_234952,20260520,Bromley,23,1400.0,1734.2608695652175,650.0,7500.0,1557.5,1540.9545454545455,22,student_suitable,Student suitable
20260520_234952,20260520,Bromley,271,1800.0,2159.0553505535054,175.0,11000.0,1903.0,2160.3947368421054,228,zero_deposit,Unknown
20260520_234952,20260520,Bromley,49,1750.0,1968.8775510204082,750.0,4500.0,2047.5,2122.2,40,zero_deposit,Zero deposit
20260520_234952,20260520,Camden,618,3500.0,4177.088996763754,1902.0,83417.0,3462.0,4124.818181818182,495,bedrooms,2 bed
20260520_234952,20260520,Camden,533,2500.0,2913.4409005628518,650.0,23118.0,2500.0,2687.872180451128,399,bedrooms,1 bed
20260520_234952,20260520,Camden,429,5633.0,6327.55944055944,2150.0,30000.0,5792.0,6510.509036144578,332,bedrooms,3 bed
20260520_234952,20260520,Camden,273,1798.0,1856.8754578754579,195.0,4333.0,1846.0,1849.3387096774193,186,bedrooms,Studio / 0 bed
20260520_234952,20260520,Camden,181,7583.0,9593.6408839779,1000.0,43333.0,6918.0,9616.686131386861,137,bedrooms,4 bed
20260520_234952,20260520,Camden,62,12675.0,20496.709677419356,3950.0,151667.0,10442.0,19442.923076923078,52,bedrooms,5+ bed
20260520_234952,20260520,Camden,1939,3532.0,5076.027333677153,195.0,151667.0,3460.0,5105.619047619048,1512,bills,Unknown
20260520_234952,20260520,Camden,153,2427.0,3311.1830065359477,795.0,20150.0,1961.0,2568.5176470588235,85,bills,Bills included
20260520_234952,20260520,Camden,4,3396.0,3493.0,2680.0,4500.0,2250.0,2552.5,4,bills,Bills excluded
20260520_234952,20260520,Camden,2076,3497.0,4952.56021194605,195.0,151667.0,3346.0,4980.555135475741,1587,build_to_rent,Not build to rent
20260520_234952,20260520,Camden,20,4037.5,4074.25,1650.0,7925.0,2174.5,3149.214285714286,14,build_to_rent,Build to rent
20260520_234952,20260520,Camden,2068,3500.0,4962.177466150871,195.0,151667.0,3288.0,4974.928798474253,1573,deposit,Deposit listed
20260520_234952,20260520,Camden,28,2950.0,3614.8928571428573,1898.0,7497.0,3403.5,4380.964285714285,28,deposit,Zero deposit
20260520_234952,20260520,Camden,1019,3350.0,4362.953876349362,750.0,151667.0,3289.0,4618.827586206897,754,furnish_type,Furnished
20260520_234952,20260520,Camden,407,3467.0,5064.061425061425,217.0,52000.0,3250.0,5044.1194444444445,360,furnish_type,Unfurnished
20260520_234952,20260520,Camden,300,3850.0,6416.836666666667,217.0,62833.0,2885.0,4578.248888888889,225,furnish_type,Ask agent
20260520_234952,20260520,Camden,280,4311.0,5716.075,195.0,43333.0,4437.5,6870.510869565217,184,furnish_type,"Furnished or unfurnished, landlord is flexible"
20260520_234952,20260520,Camden,90,2912.5,3672.5,650.0,12500.0,3375.0,4557.320512820513,78,furnish_type,Part furnished
20260520_234952,20260520,Camden,1997,3497.0,4994.2563845768655,195.0,151667.0,3323.0,5051.864829396325,1524,investment_opportunity,Unknown
20260520_234952,20260520,Camden,99,3590.0,3934.040404040404,1000.0,28166.0,3175.0,3236.2077922077924,77,investment_opportunity,Investment opportunity
20260520_234952,20260520,Camden,2096,3499.5,4944.179389312977,195.0,151667.0,3300.0,4964.540911930044,1601,let_type,Unknown
20260520_234952,20260520,Camden,1579,3250.0,4211.486383787207,195.0,65000.0,3173.0,4169.603406326034,1233,luxury,Unknown
20260520_234952,20260520,Camden,517,4498.0,7181.940038684719,433.0,151667.0,4156.5,7628.013586956522,368,luxury,Luxury
20260520_234952,20260520,Camden,2096,3499.5,4944.179389312977,195.0,151667.0,3300.0,4964.540911930044,1601,online_viewings,No online viewing flag
20260520_234952,20260520,Camden,1965,3467.0,4953.054961832061,195.0,151667.0,3290.0,4985.61876247505,1503,pets,Unknown
20260520_234952,20260520,Camden,101,5000.0,5390.960396039604,1750.0,16250.0,4509.5,5536.661764705882,68,pets,Pets mentioned
20260520_234952,20260520,Camden,30,2447.5,2858.6666666666665,975.0,8333.0,2341.5,2611.733333333333,30,pets,No pets
20260520_234952,20260520,Camden,1612,3575.0,5025.650744416874,195.0,83417.0,3461.0,5081.402155887231,1206,price_reduced,Not reduced
20260520_234952,20260520,Camden,484,3250.0,4672.832644628099,217.0,151667.0,3000.0,4607.744303797468,395,price_reduced,Price reduced
20260520_234952,20260520,Camden,1007,3250.0,4065.17775571003,1095.0,52000.0,3175.0,3947.164861612515,831,property_type,Flat
20260520_234952,20260520,Camden,605,3800.0,5009.444628099173,1000.0,83417.0,3807.0,5420.510638297872,423,property_type,Apartment
20260520_234952,20260520,Camden,150,1885.0,1964.2933333333333,750.0,5840.0,1800.0,1858.3838383838383,99,property_type,Studio
20260520_234952,20260520,Camden,70,7650.0,8829.228571428572,2750.0,21666.0,9000.0,9651.081967213115,61,property_type,Terraced
20260520_234952,20260520,Camden,47,3792.0,4280.617021276596,900.0,13866.0,3778.5,4086.904761904762,42,property_type,Maisonette
20260520_234952,20260520,Camden,40,8582.5,9796.375,2450.0,41167.0,5769.0,7817.448275862069,29,property_type,House
20260520_234952,20260520,Camden,29,11375.0,12941.206896551725,3000.0,52000.0,11752.5,13827.45,20,property_type,Penthouse
20260520_234952,20260520,Camden,28,12749.5,24954.071428571428,5000.0,151667.0,17653.5,36514.142857142855,14,property_type,Detached
20260520_234952,20260520,Camden,23,1000.0,1079.8695652173913,650.0,1712.0,1000.0,784.9473684210526,19,property_type,House Share
20260520_234952,20260520,Camden,18,2950.0,4270.333333333333,433.0,21750.0,1615.0,2890.9411764705883,17,property_type,Not Specified
20260520_234952,20260520,Camden,14,13150.5,14789.07142857143,2900.0,35750.0,8077.0,15873.545454545454,11,property_type,Semi-Detached
20260520_234952,20260520,Camden,11,1049.0,1190.3636363636363,795.0,2210.0,1096.0,1132.7142857142858,7,property_type,Flat Share
20260520_234952,20260520,Camden,10,8667.0,8681.0,2250.0,13498.0,5884.0,7134.666666666667,9,property_type,End of Terrace
20260520_234952,20260520,Camden,9,6067.0,6016.222222222223,2925.0,11982.0,,,0,property_type,Serviced Apartments
20260520_234952,20260520,Camden,8,285.0,284.25,195.0,416.0,357.0,357.0,1,property_type,Garages
20260520_234952,20260520,Camden,6,9998.5,14491.166666666666,6283.0,41167.0,13846.0,9230.666666666666,3,property_type,Town House
20260520_234952,20260520,Camden,5,6500.0,5258.0,1800.0,6500.0,3917.5,4208.75,4,property_type,Cottage
20260520_234952,20260520,Camden,4,2575.0,2593.75,1375.0,3850.0,2538.0,2509.0,3,property_type,Ground Flat
20260520_234952,20260520,Camden,4,6500.0,7337.5,4350.0,12000.0,9000.0,9216.25,4,property_type,Mews
20260520_234952,20260520,Camden,3,11500.0,9596.666666666666,3792.0,13498.0,8000.0,8000.0,2,property_type,Duplex
20260520_234952,20260520,Camden,2,2900.0,2900.0,2300.0,3500.0,,,0,property_type,Block of Apartments
20260520_234952,20260520,Camden,2,2166.5,2166.5,325.0,4008.0,187.5,187.5,2,property_type,Parking
20260520_234952,20260520,Camden,1,1950.0,1950.0,1950.0,1950.0,,,0,property_type,Private Halls
20260520_234952,20260520,Camden,1772,3586.0,5185.585778781038,195.0,151667.0,3435.0,5229.627479794269,1361,student_suitable,Not student suitable
20260520_234952,20260520,Camden,324,3033.0,3623.895061728395,750.0,83417.0,2975.0,3461.2791666666667,240,student_suitable,Student suitable
20260520_234952,20260520,Camden,2068,3500.0,4962.177466150871,195.0,151667.0,3288.0,4974.928798474253,1573,zero_deposit,Unknown
20260520_234952,20260520,Camden,28,2950.0,3614.8928571428573,1898.0,7497.0,3403.5,4380.964285714285,28,zero_deposit,Zero deposit
20260520_234952,20260520,City of London,79,3358.0,3582.3670886075947,2150.0,16683.0,3750.0,3695.1052631578946,57,bedrooms,1 bed
20260520_234952,20260520,City of London,54,4058.5,4769.462962962963,2500.0,12177.0,4384.0,5241.2,45,bedrooms,2 bed
20260520_234952,20260520,City of London,33,2400.0,2506.878787878788,1300.0,3750.0,2769.0,2773.814814814815,27,bedrooms,Studio / 0 bed
20260520_234952,20260520,City of London,16,11458.5,10562.4375,4010.0,20000.0,12307.5,12062.916666666666,12,bedrooms,3 bed
20260520_234952,20260520,City of London,4,27842.0,27137.75,5200.0,47667.0,36600.0,35262.5,4,bedrooms,4 bed
20260520_234952,20260520,City of London,175,3495.0,4654.36,1300.0,47667.0,3870.0,5371.85294117647,136,bills,Unknown
20260520_234952,20260520,City of London,11,7583.0,7847.454545454545,3467.0,20000.0,8750.0,8511.222222222223,9,bills,Bills included
20260520_234952,20260520,City of London,186,3573.5,4843.198924731183,1300.0,47667.0,3975.0,5566.710344827587,145,build_to_rent,Not build to rent
20260520_234952,20260520,City of London,183,3550.0,4843.754098360656,1300.0,47667.0,3950.0,5558.978873239436,142,deposit,Deposit listed
20260520_234952,20260520,City of London,3,4983.0,4809.333333333333,3445.0,6000.0,6900.0,5932.666666666667,3,deposit,Zero deposit
20260520_234952,20260520,City of London,132,3497.5,4938.613636363636,1700.0,47667.0,4003.5,6114.93,100,furnish_type,Furnished
20260520_234952,20260520,City of London,23,4000.0,4377.869565217391,2100.0,8233.0,3625.0,3955.217391304348,23,furnish_type,Unfurnished
20260520_234952,20260520,City of London,15,3649.0,4437.866666666667,1300.0,13000.0,3981.0,3366.875,8,furnish_type,Ask agent
20260520_234952,20260520,City of London,11,3683.0,5402.454545454545,1900.0,14300.0,3855.0,5503.0,10,furnish_type,"Furnished or unfurnished, landlord is flexible"
20260520_234952,20260520,City of London,5,2496.0,4450.4,2097.0,11917.0,3287.5,5686.25,4,furnish_type,Part furnished
20260520_234952,20260520,City of London,175,3597.0,4917.5314285714285,1300.0,47667.0,3975.0,5664.824817518248,137,investment_opportunity,Unknown
20260520_234952,20260520,City of London,11,3450.0,3660.6363636363635,2600.0,6500.0,3965.0,3886.5,8,investment_opportunity,Investment opportunity
20260520_234952,20260520,City of London,186,3573.5,4843.198924731183,1300.0,47667.0,3975.0,5566.710344827587,145,let_type,Unknown
20260520_234952,20260520,City of London,95,3800.0,5629.1578947368425,1700.0,47667.0,4384.0,6611.561643835616,73,luxury,Luxury
20260520_234952,20260520,City of London,91,3199.0,4022.6923076923076,1300.0,47667.0,3144.0,4507.347222222223,72,luxury,Unknown
20260520_234952,20260520,City of London,186,3573.5,4843.198924731183,1300.0,47667.0,3975.0,5566.710344827587,145,online_viewings,No online viewing flag
20260520_234952,20260520,City of London,180,3598.5,4895.511111111111,1700.0,47667.0,3987.5,5612.5,140,pets,Unknown
20260520_234952,20260520,City of London,4,2000.0,1877.5,1300.0,2210.0,2423.0,2474.3333333333335,3,pets,No pets
20260520_234952,20260520,City of London,2,6066.5,6066.5,5200.0,6933.0,7000.0,7000.0,2,pets,Pets mentioned
20260520_234952,20260520,City of London,148,3525.5,4962.4324324324325,1300.0,47667.0,4040.0,5895.982300884956,113,price_reduced,Not reduced
20260520_234952,20260520,City of London,38,3650.0,4378.815789473684,1850.0,13000.0,3109.0,4403.96875,32,price_reduced,Price reduced
20260520_234952,20260520,City of London,87,3683.0,4441.6781609195405,1300.0,14300.0,4288.0,4992.816666666667,60,property_type,Apartment
20260520_234952,20260520,City of London,75,3600.0,5626.426666666666,1850.0,47667.0,3778.5,6661.560606060606,66,property_type,Flat
20260520_234952,20260520,City of London,13,2145.0,2255.076923076923,1700.0,2900.0,2475.0,2614.181818181818,11,property_type,Studio
20260520_234952,20260520,City of London,3,7583.0,6661.0,3650.0,8750.0,8750.0,8378.333333333334,3,property_type,Penthouse
20260520_234952,20260520,City of London,2,4000.0,4000.0,4000.0,4000.0,2000.0,2000.0,2,property_type,Detached
20260520_234952,20260520,City of London,2,3467.0,3467.0,3467.0,3467.0,2400.0,2400.0,2,property_type,Maisonette
20260520_234952,20260520,City of London,2,9447.0,9447.0,6717.0,12177.0,,,0,property_type,Serviced Apartments
20260520_234952,20260520,City of London,1,4750.0,4750.0,4750.0,4750.0,,,0,property_type,Duplex
20260520_234952,20260520,City of London,1,4550.0,4550.0,4550.0,4550.0,5250.0,5250.0,1,property_type,House
20260520_234952,20260520,City of London,171,3600.0,4924.578947368421,1700.0,47667.0,3987.5,5679.764705882353,136,student_suitable,Not student suitable
20260520_234952,20260520,City of London,15,3199.0,3915.4666666666667,1300.0,12177.0,3680.0,3858.3333333333335,9,student_suitable,Student suitable
20260520_234952,20260520,City of London,183,3550.0,4843.754098360656,1300.0,47667.0,3950.0,5558.978873239436,142,zero_deposit,Unknown
20260520_234952,20260520,City of London,3,4983.0,4809.333333333333,3445.0,6000.0,6900.0,5932.666666666667,3,zero_deposit,Zero deposit
20260520_234952,20260520,Croydon,250,1750.0,1793.444,1325.0,3570.0,1961.0,1928.5734597156397,211,bedrooms,2 bed
20260520_234952,20260520,Croydon,221,1350.0,1320.0633484162895,650.0,2950.0,1500.0,1282.5492227979275,193,bedrooms,1 bed
20260520_234952,20260520,Croydon,145,1100.0,1075.0206896551724,80.0,2917.0,1.0,516.7348484848485,132,bedrooms,Studio / 0 bed
20260520_234952,20260520,Croydon,112,2298.5,2390.785714285714,800.0,4000.0,2538.0,2307.6206896551726,87,bedrooms,3 bed
20260520_234952,20260520,Croydon,42,3000.0,3023.5714285714284,2500.0,3500.0,3346.0,3148.472222222222,36,bedrooms,4 bed
20260520_234952,20260520,Croydon,24,3847.5,3905.2083333333335,780.0,9500.0,4270.0,4418.478260869565,23,bedrooms,5+ bed
20260520_234952,20260520,Croydon,677,1700.0,1869.7799113737076,80.0,9500.0,1846.0,1921.531690140845,568,bills,Unknown
20260520_234952,20260520,Croydon,116,982.5,1007.8879310344828,650.0,3000.0,1.0,398.3274336283186,113,bills,Bills included
20260520_234952,20260520,Croydon,1,1700.0,1700.0,1700.0,1700.0,1962.0,1962.0,1,bills,Bills excluded
20260520_234952,20260520,Croydon,745,1600.0,1735.1020134228188,80.0,9500.0,1730.0,1690.123880597015,670,build_to_rent,Not build to rent
20260520_234952,20260520,Croydon,49,1787.0,1873.5714285714287,1050.0,2975.0,0.0,501.6666666666667,12,build_to_rent,Build to rent
20260520_234952,20260520,Croydon,730,1600.0,1746.035616438356,80.0,9500.0,1730.0,1680.8679549114331,621,deposit,Deposit listed
20260520_234952,20260520,Croydon,64,1600.0,1716.40625,650.0,4000.0,1615.0,1550.5573770491803,61,deposit,Zero deposit
20260520_234952,20260520,Croydon,362,1700.0,1863.6961325966852,80.0,4500.0,1903.0,1949.7857142857142,322,furnish_type,Unfurnished
20260520_234952,20260520,Croydon,251,1250.0,1481.187250996016,650.0,9500.0,896.0,1070.0837209302326,215,furnish_type,Furnished
20260520_234952,20260520,Croydon,74,1625.0,1824.7162162162163,80.0,4000.0,1759.5,1872.4032258064517,62,furnish_type,Ask agent
20260520_234952,20260520,Croydon,55,1846.0,1951.8,693.0,4000.0,1903.0,1987.3023255813953,43,furnish_type,"Furnished or unfurnished, landlord is flexible"
20260520_234952,20260520,Croydon,52,1674.0,1839.2692307692307,825.0,4000.0,1846.0,1974.025,40,furnish_type,Part furnished
20260520_234952,20260520,Croydon,746,1630.0,1754.6206434316355,80.0,9500.0,1730.0,1669.1014040561622,641,investment_opportunity,Unknown
20260520_234952,20260520,Croydon,48,1475.0,1573.1041666666667,690.0,2700.0,1644.0,1670.9512195121952,41,investment_opportunity,Investment opportunity
20260520_234952,20260520,Croydon,794,1600.0,1743.647355163728,80.0,9500.0,1730.0,1669.2126099706745,682,let_type,Unknown
20260520_234952,20260520,Croydon,638,1550.0,1669.7037617554859,80.0,9500.0,1647.0,1613.3505338078292,562,luxury,Unknown
20260520_234952,20260520,Croydon,156,1849.5,2046.0576923076924,650.0,4500.0,1929.5,1930.8333333333333,120,luxury,Luxury
20260520_234952,20260520,Croydon,794,1600.0,1743.647355163728,80.0,9500.0,1730.0,1669.2126099706745,682,online_viewings,No online viewing flag
20260520_234952,20260520,Croydon,717,1600.0,1730.1115760111577,80.0,9500.0,1700.0,1661.7783094098884,627,pets,Unknown
20260520_234952,20260520,Croydon,51,1988.0,2052.4117647058824,900.0,3500.0,1817.0,1940.6896551724137,29,pets,Pets mentioned
20260520_234952,20260520,Croydon,26,1575.0,1511.2692307692307,693.0,3000.0,1640.0,1545.6923076923076,26,pets,No pets
20260520_234952,20260520,Croydon,515,1650.0,1805.335922330097,80.0,9500.0,1787.5,1818.9433962264152,424,price_reduced,Not reduced
20260520_234952,20260520,Croydon,279,1550.0,1629.7777777777778,650.0,4000.0,1612.5,1423.1434108527133,258,price_reduced,Price reduced
20260520_234952,20260520,Croydon,281,1600.0,1663.1921708185052,770.0,3360.0,1846.0,1828.9684684684685,222,property_type,Flat
20260520_234952,20260520,Croydon,174,1650.0,1678.1781609195402,950.0,2950.0,1802.5,1647.3424657534247,146,property_type,Apartment
20260520_234952,20260520,Croydon,102,1100.0,1075.7450980392157,700.0,1787.0,1.0,360.49,100,property_type,Studio
20260520_234952,20260520,Croydon,46,2275.0,2402.195652173913,800.0,4500.0,2509.0,2528.9545454545455,44,property_type,Terraced
20260520_234952,20260520,Croydon,39,850.0,1086.2307692307693,650.0,9500.0,897.5,1105.7368421052631,38,property_type,House Share
20260520_234952,20260520,Croydon,33,2580.0,2462.4242424242425,750.0,4500.0,2751.5,2311.3333333333335,30,property_type,House
20260520_234952,20260520,Croydon,25,2900.0,2645.8,750.0,4500.0,3346.0,3019.16,25,property_type,Detached
20260520_234952,20260520,Croydon,25,2700.0,2767.76,1450.0,4000.0,2750.0,2513.5555555555557,18,property_type,Semi-Detached
20260520_234952,20260520,Croydon,18,2450.0,2744.1666666666665,1750.0,4250.0,2538.0,2657.294117647059,17,property_type,End of Terrace
20260520_234952,20260520,Croydon,17,1500.0,1560.2941176470588,1100.0,2200.0,1550.0,1440.1176470588234,17,property_type,Maisonette
20260520_234952,20260520,Croydon,8,2780.0,2876.875,2250.0,3570.0,3000.0,3211.3333333333335,3,property_type,Retirement Property
20260520_234952,20260520,Croydon,6,1375.0,1975.0,1300.0,3250.0,1557.0,1984.4,5,property_type,Ground Flat
20260520_234952,20260520,Croydon,4,975.0,962.5,900.0,1000.0,1048.0,1037.5,4,property_type,Flat Share
20260520_234952,20260520,Croydon,4,3300.0,3273.75,2500.0,3995.0,3439.5,3439.5,2,property_type,Town House
20260520_234952,20260520,Croydon,3,3250.0,2900.0,2200.0,3250.0,3250.0,2566.6666666666665,3,property_type,Bungalow
20260520_234952,20260520,Croydon,3,80.0,303.3333333333333,80.0,750.0,100.0,66.66666666666667,3,property_type,Not Specified
20260520_234952,20260520,Croydon,3,1900.0,1800.0,1500.0,2000.0,1730.0,1346.0,3,property_type,Penthouse
20260520_234952,20260520,Croydon,2,125.0,125.0,80.0,170.0,138.5,138.5,2,property_type,Parking
20260520_234952,20260520,Croydon,1,2917.0,2917.0,2917.0,2917.0,,,0,property_type,Garages
20260520_234952,20260520,Croydon,630,1662.5,1848.8492063492063,80.0,9500.0,1846.0,1896.9870848708488,542,student_suitable,Not student suitable
20260520_234952,20260520,Croydon,164,1100.0,1339.5182926829268,694.0,3995.0,160.5,787.4,140,student_suitable,Student suitable
20260520_234952,20260520,Croydon,730,1600.0,1746.035616438356,80.0,9500.0,1730.0,1680.8679549114331,621,zero_deposit,Unknown
20260520_234952,20260520,Croydon,64,1600.0,1716.40625,650.0,4000.0,1615.0,1550.5573770491803,61,zero_deposit,Zero deposit
20260520_234952,20260520,Ealing,420,2271.5,2371.8738095238095,1495.0,5500.0,2535.0,2396.894259818731,331,bedrooms,2 bed
20260520_234952,20260520,Ealing,352,1750.0,1683.1619318181818,400.0,2588.0,1903.0,1788.7,260,bedrooms,1 bed
20260520_234952,20260520,Ealing,225,1400.0,1415.9333333333334,650.0,3900.0,1502.0,1391.0902255639098,133,bedrooms,Studio / 0 bed
20260520_234952,20260520,Ealing,194,2900.0,3045.020618556701,1995.0,10833.0,3230.0,3294.132075471698,159,bedrooms,3 bed
20260520_234952,20260520,Ealing,86,3400.0,3679.686046511628,2000.0,13433.0,3634.0,3873.3246753246754,77,bedrooms,4 bed
20260520_234952,20260520,Ealing,67,4700.0,6471.238805970149,695.0,19998.0,5365.0,7257.508771929824,57,bedrooms,5+ bed
20260520_234952,20260520,Ealing,1220,2200.0,2533.6573770491805,500.0,19998.0,2480.0,2728.373544973545,945,bills,Unknown
20260520_234952,20260520,Ealing,124,1151.0,1265.6693548387098,400.0,5503.0,1125.0,1400.375,72,bills,Bills included
20260520_234952,20260520,Ealing,1234,2200.0,2464.3322528363046,400.0,19998.0,2310.0,2638.198388721047,993,build_to_rent,Not build to rent
20260520_234952,20260520,Ealing,110,1800.0,1881.990909090909,1151.0,4140.0,2682.0,2475.375,24,build_to_rent,Build to rent
20260520_234952,20260520,Ealing,1288,2145.0,2419.269409937888,400.0,19998.0,2365.0,2632.026887280248,967,deposit,Deposit listed
20260520_234952,20260520,Ealing,56,2250.0,2356.8928571428573,550.0,5503.0,2538.0,2679.4,50,deposit,Zero deposit
20260520_234952,20260520,Ealing,516,1950.0,2058.4612403100773,400.0,12000.0,2255.5,2395.3447204968943,322,furnish_type,Furnished
20260520_234952,20260520,Ealing,402,2300.0,2681.7114427860697,500.0,13433.0,2410.0,2744.497005988024,334,furnish_type,Unfurnished
20260520_234952,20260520,Ealing,237,2200.0,2592.5696202531644,675.0,19998.0,2308.0,2581.940909090909,220,furnish_type,Ask agent
20260520_234952,20260520,Ealing,111,2300.0,2677.9189189189187,700.0,15000.0,2810.0,3378.6388888888887,72,furnish_type,"Furnished or unfurnished, landlord is flexible"
20260520_234952,20260520,Ealing,78,2200.0,2514.141025641026,900.0,12000.0,2420.0,2607.072463768116,69,furnish_type,Part furnished
20260520_234952,20260520,Ealing,1245,2150.0,2421.6128514056227,400.0,19998.0,2310.0,2646.0911983032875,943,investment_opportunity,Unknown
20260520_234952,20260520,Ealing,99,2167.0,2354.5151515151515,550.0,6750.0,2500.0,2484.810810810811,74,investment_opportunity,Investment opportunity
20260520_234952,20260520,Ealing,1344,2150.0,2416.670386904762,400.0,19998.0,2400.0,2634.355948869223,1017,let_type,Unknown
20260520_234952,20260520,Ealing,1013,2100.0,2370.557749259625,400.0,19998.0,2307.0,2534.2279411764707,816,luxury,Unknown
20260520_234952,20260520,Ealing,331,2200.0,2557.7945619335346,850.0,13433.0,2596.0,3040.8457711442784,201,luxury,Luxury
20260520_234952,20260520,Ealing,1344,2150.0,2416.670386904762,400.0,19998.0,2400.0,2634.355948869223,1017,online_viewings,No online viewing flag
20260520_234952,20260520,Ealing,1215,2150.0,2439.2205761316873,400.0,19998.0,2310.0,2654.5652642934197,927,pets,Unknown
20260520_234952,20260520,Ealing,93,2200.0,2229.7526881720432,750.0,4500.0,2596.0,2606.574074074074,54,pets,Pets mentioned
20260520_234952,20260520,Ealing,36,1720.0,2138.472222222222,800.0,5950.0,1682.5,2155.6388888888887,36,pets,No pets
20260520_234952,20260520,Ealing,930,2100.0,2430.025806451613,400.0,19998.0,2420.0,2688.384388807069,679,price_reduced,Not reduced
20260520_234952,20260520,Ealing,414,2200.0,2386.669082125604,550.0,19998.0,2357.0,2525.819526627219,338,price_reduced,Price reduced
20260520_234952,20260520,Ealing,516,2150.0,2248.7558139534885,900.0,9052.0,2349.0,2399.7367205542723,433,property_type,Flat
20260520_234952,20260520,Ealing,273,2200.0,2305.1428571428573,1302.0,6750.0,2423.0,2457.612121212121,165,property_type,Apartment
20260520_234952,20260520,Ealing,131,1450.0,1441.0916030534352,700.0,2000.0,1500.0,1366.2911392405063,79,property_type,Studio
20260520_234952,20260520,Ealing,83,3050.0,3285.240963855422,1050.0,10833.0,3461.0,3390.9864864864867,74,property_type,Terraced
20260520_234952,20260520,Ealing,80,3000.0,3821.05,400.0,19998.0,3460.5,3971.8088235294117,68,property_type,House
20260520_234952,20260520,Ealing,65,3295.0,4035.9692307692308,850.0,15000.0,3692.0,4499.517241379311,58,property_type,Semi-Detached
20260520_234952,20260520,Ealing,56,910.0,977.2321428571429,500.0,4300.0,1096.0,1013.219512195122,41,property_type,House Share
20260520_234952,20260520,Ealing,42,1800.0,2022.5714285714287,1250.0,3500.0,1903.0,1977.175,40,property_type,Maisonette
20260520_234952,20260520,Ealing,25,2600.0,3809.08,945.0,13433.0,2824.5,3906.125,24,property_type,End of Terrace
20260520_234952,20260520,Ealing,25,1151.0,1128.8,780.0,1279.0,1021.0,1015.5,4,property_type,Flat Share
20260520_234952,20260520,Ealing,15,3700.0,6145.266666666666,695.0,12000.0,6057.0,8991.555555555555,9,property_type,Detached
20260520_234952,20260520,Ealing,11,1750.0,1826.5454545454545,1150.0,2650.0,1698.5,1690.3333333333333,6,property_type,Ground Flat
20260520_234952,20260520,Ealing,9,1400.0,1493.888888888889,950.0,2150.0,1507.5,1631.0,8,property_type,Not Specified
20260520_234952,20260520,Ealing,5,3000.0,3550.0,2800.0,5500.0,3419.0,3333.5,4,property_type,Penthouse
20260520_234952,20260520,Ealing,4,2550.0,2523.75,2300.0,2695.0,2884.0,2884.0,1,property_type,Duplex
20260520_234952,20260520,Ealing,2,3341.0,3341.0,2500.0,4182.0,0.0,0.0,1,property_type,Town House
20260520_234952,20260520,Ealing,1,3200.0,3200.0,3200.0,3200.0,3200.0,3200.0,1,property_type,Link Detached House
20260520_234952,20260520,Ealing,1,2300.0,2300.0,2300.0,2300.0,2653.0,2653.0,1,property_type,Semi-Detached Bungalow
20260520_234952,20260520,Ealing,1228,2167.0,2460.675081433225,500.0,19998.0,2423.0,2680.0043149946064,927,student_suitable,Not student suitable
20260520_234952,20260520,Ealing,116,1675.0,1950.8275862068965,400.0,4700.0,1823.0,2164.177777777778,90,student_suitable,Student suitable
20260520_234952,20260520,Ealing,1288,2145.0,2419.269409937888,400.0,19998.0,2365.0,2632.026887280248,967,zero_deposit,Unknown
20260520_234952,20260520,Ealing,56,2250.0,2356.8928571428573,550.0,5503.0,2538.0,2679.4,50,zero_deposit,Zero deposit
20260520_234952,20260520,Enfield,134,1450.0,1400.5373134328358,600.0,3360.0,1557.0,1481.5196078431372,102,bedrooms,1 bed
20260520_234952,20260520,Enfield,128,1900.0,2163.640625,520.0,5995.0,2134.0,2287.6106194690265,113,bedrooms,2 bed
20260520_234952,20260520,Enfield,93,2500.0,3023.1827956989246,802.0,8800.0,2740.0,3451.0675675675675,74,bedrooms,3 bed
20260520_234952,20260520,Enfield,40,1125.0,1654.3,150.0,25000.0,1413.0,2126.925925925926,27,bedrooms,Studio / 0 bed
20260520_234952,20260520,Enfield,37,2755.0,2990.864864864865,817.0,4950.0,3115.0,3400.0689655172414,29,bedrooms,4 bed
20260520_234952,20260520,Enfield,33,8000.0,7908.969696969697,1050.0,30000.0,9000.0,10232.074074074075,27,bedrooms,5+ bed
20260520_234952,20260520,Enfield,422,2000.0,2715.1137440758293,150.0,30000.0,2192.0,3110.997084548105,343,bills,Unknown
20260520_234952,20260520,Enfield,43,815.0,879.6744186046511,400.0,1595.0,850.0,1041.9655172413793,29,bills,Bills included
20260520_234952,20260520,Enfield,464,1900.0,2546.5711206896553,150.0,30000.0,2134.0,2951.4501347708897,371,build_to_rent,Not build to rent
20260520_234952,20260520,Enfield,1,1995.0,1995.0,1995.0,1995.0,2301.0,2301.0,1,build_to_rent,Build to rent
20260520_234952,20260520,Enfield,456,1900.0,2558.2982456140353,150.0,30000.0,2134.0,2983.349862258953,363,deposit,Deposit listed
20260520_234952,20260520,Enfield,9,1700.0,1891.111111111111,1225.0,3300.0,1961.0,1592.5555555555557,9,deposit,Zero deposit
20260520_234952,20260520,Enfield,216,2000.0,2571.472222222222,650.0,10000.0,2192.0,2796.404255319149,188,furnish_type,Unfurnished
20260520_234952,20260520,Enfield,104,1537.5,2387.1826923076924,600.0,30000.0,1955.5,3380.5675675675675,74,furnish_type,Furnished
20260520_234952,20260520,Enfield,60,2000.0,2848.0,400.0,25000.0,2120.0,3164.391304347826,46,furnish_type,Ask agent
20260520_234952,20260520,Enfield,43,1750.0,2175.3488372093025,520.0,8600.0,1750.0,2085.6129032258063,31,furnish_type,Part furnished
20260520_234952,20260520,Enfield,42,2325.0,2749.5,150.0,15000.0,2654.0,3369.3030303030305,33,furnish_type,"Furnished or unfurnished, landlord is flexible"
20260520_234952,20260520,Enfield,428,1872.5,2496.621495327103,150.0,30000.0,2129.0,2893.0672514619882,342,investment_opportunity,Unknown
20260520_234952,20260520,Enfield,37,2300.0,3109.4594594594596,650.0,10000.0,2653.0,3595.3333333333335,30,investment_opportunity,Investment opportunity
20260520_234952,20260520,Enfield,465,1900.0,2545.3849462365592,150.0,30000.0,2134.0,2949.701612903226,372,let_type,Unknown
20260520_234952,20260520,Enfield,332,1800.0,2077.4578313253014,400.0,10000.0,2000.0,2319.417543859649,285,luxury,Unknown
20260520_234952,20260520,Enfield,133,2250.0,3713.4436090225563,150.0,30000.0,2596.0,5014.425287356322,87,luxury,Luxury
20260520_234952,20260520,Enfield,465,1900.0,2545.3849462365592,150.0,30000.0,2134.0,2949.701612903226,372,online_viewings,No online viewing flag
20260520_234952,20260520,Enfield,443,1900.0,2575.198645598194,150.0,30000.0,2134.0,3003.2706552706554,351,pets,Unknown
20260520_234952,20260520,Enfield,17,1850.0,1823.8823529411766,600.0,3500.0,2038.5,1887.75,16,pets,No pets
20260520_234952,20260520,Enfield,5,2300.0,2357.0,1495.0,3200.0,2654.0,2587.4,5,pets,Pets mentioned
20260520_234952,20260520,Enfield,333,1900.0,2570.7597597597596,150.0,30000.0,2134.0,2977.876404494382,267,price_reduced,Not reduced
20260520_234952,20260520,Enfield,132,1897.5,2481.371212121212,600.0,10000.0,2134.0,2878.057142857143,105,price_reduced,Price reduced
20260520_234952,20260520,Enfield,163,1799.0,1912.3128834355828,520.0,5995.0,1980.5,2091.9375,128,property_type,Flat
20260520_234952,20260520,Enfield,81,1995.0,2477.135802469136,1250.0,7950.0,2199.0,2661.945205479452,73,property_type,Apartment
20260520_234952,20260520,Enfield,37,825.0,827.027027027027,600.0,1650.0,850.0,961.125,24,property_type,House Share
20260520_234952,20260520,Enfield,33,2350.0,2322.5757575757575,650.0,3250.0,2515.0,2483.3,30,property_type,Terraced
20260520_234952,20260520,Enfield,31,8000.0,7985.354838709677,2400.0,30000.0,8000.0,9814.444444444445,27,property_type,Detached
20260520_234952,20260520,Enfield,24,2700.0,2943.5,1900.0,4300.0,2762.0,2969.909090909091,22,property_type,Semi-Detached
20260520_234952,20260520,Enfield,21,2980.0,3420.3809523809523,2400.0,8000.0,3575.0,3857.866666666667,15,property_type,House
20260520_234952,20260520,Enfield,17,1200.0,1197.0588235294117,750.0,1400.0,1413.0,1304.9166666666667,12,property_type,Studio
20260520_234952,20260520,Enfield,16,1800.0,1887.1875,1350.0,2400.0,2077.0,2122.7272727272725,11,property_type,Maisonette
20260520_234952,20260520,Enfield,10,2625.0,2577.0,1950.0,3200.0,2826.0,2800.777777777778,9,property_type,End of Terrace
20260520_234952,20260520,Enfield,7,4000.0,4677.142857142857,2000.0,8800.0,4609.0,5692.142857142857,7,property_type,Penthouse
20260520_234952,20260520,Enfield,6,808.5,796.8333333333334,737.0,850.0,760.0,771.6666666666666,3,property_type,Flat Share
20260520_234952,20260520,Enfield,3,3500.0,3416.6666666666665,3250.0,3500.0,,,0,property_type,Duplex
20260520_234952,20260520,Enfield,3,1525.0,1723.3333333333333,1450.0,2195.0,1599.0,1599.0,2,property_type,Ground Flat
20260520_234952,20260520,Enfield,3,850.0,883.3333333333334,750.0,1050.0,981.0,965.6666666666666,3,property_type,House of Multiple Occupation
20260520_234952,20260520,Enfield,3,2925.0,2593.3333333333335,1495.0,3360.0,1495.0,1495.0,1,property_type,Retirement Property
20260520_234952,20260520,Enfield,2,275.0,275.0,150.0,400.0,461.0,461.0,1,property_type,Garages
20260520_234952,20260520,Enfield,2,900.0,900.0,850.0,950.0,850.0,850.0,1,property_type,Not Specified
20260520_234952,20260520,Enfield,1,25000.0,25000.0,25000.0,25000.0,25000.0,25000.0,1,property_type,Block of Apartments
20260520_234952,20260520,Enfield,1,4950.0,4950.0,4950.0,4950.0,6853.0,6853.0,1,property_type,Bungalow
20260520_234952,20260520,Enfield,1,2000.0,2000.0,2000.0,2000.0,2307.0,2307.0,1,property_type,Cottage
20260520_234952,20260520,Enfield,433,1900.0,2573.2101616628174,150.0,30000.0,2134.0,3032.845029239766,342,student_suitable,Not student suitable
20260520_234952,20260520,Enfield,32,1825.0,2168.875,600.0,10000.0,2047.0,2001.8666666666666,30,student_suitable,Student suitable
20260520_234952,20260520,Enfield,456,1900.0,2558.2982456140353,150.0,30000.0,2134.0,2983.349862258953,363,zero_deposit,Unknown
20260520_234952,20260520,Enfield,9,1700.0,1891.111111111111,1225.0,3300.0,1961.0,1592.5555555555557,9,zero_deposit,Zero deposit
20260520_234952,20260520,Greenwich,382,2300.0,2346.217277486911,850.0,5200.0,2538.0,2558.019108280255,314,bedrooms,2 bed
20260520_234952,20260520,Greenwich,252,1846.0,1791.2619047619048,650.0,2900.0,2076.0,1939.6965174129352,201,bedrooms,1 bed
20260520_234952,20260520,Greenwich,142,2650.0,2722.8521126760565,950.0,4500.0,2885.0,2792.5206611570247,121,bedrooms,3 bed
20260520_234952,20260520,Greenwich,56,1750.0,1660.625,75.0,2201.0,2019.0,1839.5,34,bedrooms,Studio / 0 bed
20260520_234952,20260520,Greenwich,29,3250.0,3903.448275862069,2400.0,7250.0,3461.0,4059.6666666666665,21,bedrooms,4 bed
20260520_234952,20260520,Greenwich,15,3700.0,4435.333333333333,2500.0,9997.0,4384.0,5388.545454545455,11,bedrooms,5+ bed
20260520_234952,20260520,Greenwich,833,2200.0,2339.2160864345738,75.0,9997.0,2423.0,2524.5827123695976,671,bills,Unknown
20260520_234952,20260520,Greenwich,43,1050.0,1359.4418604651162,650.0,3200.0,1150.0,1421.516129032258,31,bills,Bills included
20260520_234952,20260520,Greenwich,852,2200.0,2285.7018779342725,75.0,9997.0,2423.0,2473.7755395683453,695,build_to_rent,Not build to rent
20260520_234952,20260520,Greenwich,24,2435.0,2483.5416666666665,1745.0,3850.0,2913.0,2684.0,7,build_to_rent,Build to rent
20260520_234952,20260520,Greenwich,837,2200.0,2302.3751493428913,75.0,9997.0,2423.0,2483.419881305638,674,deposit,Deposit listed
20260520_234952,20260520,Greenwich,39,2000.0,2049.6153846153848,775.0,3250.0,2333.0,2294.1785714285716,28,deposit,Zero deposit
20260520_234952,20260520,Greenwich,415,2200.0,2320.520481927711,650.0,7250.0,2423.0,2512.875,328,furnish_type,Furnished
20260520_234952,20260520,Greenwich,275,2100.0,2224.1163636363635,75.0,6300.0,2307.0,2392.451063829787,235,furnish_type,Unfurnished
20260520_234952,20260520,Greenwich,87,2250.0,2303.2528735632186,800.0,4500.0,2451.5,2460.462962962963,54,furnish_type,"Furnished or unfurnished, landlord is flexible"
20260520_234952,20260520,Greenwich,60,2125.0,2403.233333333333,825.0,9997.0,2365.5,2642.28,50,furnish_type,Ask agent
20260520_234952,20260520,Greenwich,39,2200.0,2251.230769230769,1075.0,4600.0,2480.0,2475.2571428571428,35,furnish_type,Part furnished
20260520_234952,20260520,Greenwich,821,2200.0,2292.683313032887,75.0,9997.0,2423.0,2473.859756097561,656,investment_opportunity,Unknown
20260520_234952,20260520,Greenwich,55,2250.0,2267.818181818182,825.0,3400.0,2545.0,2504.5652173913045,46,investment_opportunity,Investment opportunity
20260520_234952,20260520,Greenwich,876,2200.0,2291.1221461187215,75.0,9997.0,2423.0,2475.871794871795,702,let_type,Unknown
20260520_234952,20260520,Greenwich,629,2100.0,2217.6724960254373,75.0,9997.0,2304.5,2356.5387596899227,516,luxury,Unknown
20260520_234952,20260520,Greenwich,247,2400.0,2478.165991902834,850.0,5200.0,2826.0,2806.9247311827958,186,luxury,Luxury
20260520_234952,20260520,Greenwich,876,2200.0,2291.1221461187215,75.0,9997.0,2423.0,2475.871794871795,702,online_viewings,No online viewing flag
20260520_234952,20260520,Greenwich,785,2200.0,2284.8891719745225,75.0,9997.0,2423.0,2467.9682034976154,629,pets,Unknown
20260520_234952,20260520,Greenwich,58,2500.0,2498.9827586206898,700.0,3850.0,2950.0,2802.560975609756,41,pets,Pets mentioned
20260520_234952,20260520,Greenwich,33,1950.0,2074.060606060606,800.0,4500.0,2191.0,2212.65625,32,pets,No pets
20260520_234952,20260520,Greenwich,606,2200.0,2291.2310231023102,650.0,9997.0,2370.0,2447.3925619834713,484,price_reduced,Not reduced
20260520_234952,20260520,Greenwich,270,2200.0,2290.8777777777777,75.0,7250.0,2423.0,2539.1009174311926,218,price_reduced,Price reduced
20260520_234952,20260520,Greenwich,363,2100.0,2197.7988980716254,800.0,7250.0,2307.0,2392.1081967213113,305,property_type,Flat
20260520_234952,20260520,Greenwich,285,2201.0,2356.035087719298,1150.0,7250.0,2481.0,2514.0904977375567,221,property_type,Apartment
20260520_234952,20260520,Greenwich,53,2500.0,2640.7169811320755,825.0,4983.0,2826.0,2811.3023255813955,43,property_type,Terraced
20260520_234952,20260520,Greenwich,24,897.0,908.0833333333334,650.0,1250.0,1007.5,1060.35,20,property_type,House Share
20260520_234952,20260520,Greenwich,24,1648.5,1640.875,1075.0,2102.0,1363.0,1588.0,8,property_type,Studio
20260520_234952,20260520,Greenwich,23,2680.0,3219.478260869565,1850.0,7000.0,3000.0,3425.0,23,property_type,Semi-Detached
20260520_234952,20260520,Greenwich,19,2150.0,2478.4210526315787,1650.0,5200.0,2393.5,2714.0,16,property_type,End of Terrace
20260520_234952,20260520,Greenwich,19,2300.0,2679.2631578947367,950.0,7000.0,2596.0,2773.266666666667,15,property_type,House
20260520_234952,20260520,Greenwich,18,1700.0,1971.388888888889,1100.0,4750.0,1903.0,2262.823529411765,17,property_type,Maisonette
20260520_234952,20260520,Greenwich,12,3025.0,2833.3333333333335,1750.0,3450.0,3489.5,3268.75,12,property_type,Not Specified
20260520_234952,20260520,Greenwich,10,3375.0,4374.6,1999.0,9997.0,3750.0,4164.6,5,property_type,Detached
20260520_234952,20260520,Greenwich,7,3250.0,3092.8571428571427,2350.0,3550.0,3750.0,3575.3333333333335,3,property_type,Penthouse
20260520_234952,20260520,Greenwich,5,950.0,1010.6,700.0,1408.0,1009.5,1024.5,4,property_type,Flat Share
20260520_234952,20260520,Greenwich,4,1625.0,1687.5,1500.0,2000.0,1875.5,1918.25,4,property_type,Ground Flat
20260520_234952,20260520,Greenwich,3,2650.0,2516.6666666666665,2100.0,2800.0,2423.0,2423.0,1,property_type,Duplex
20260520_234952,20260520,Greenwich,2,1075.0,1075.0,900.0,1250.0,1144.0,1144.0,2,property_type,House of Multiple Occupation
20260520_234952,20260520,Greenwich,2,77.5,77.5,75.0,80.0,,,0,property_type,Parking
20260520_234952,20260520,Greenwich,1,1586.0,1586.0,1586.0,1586.0,1586.0,1586.0,1,property_type,Bungalow
20260520_234952,20260520,Greenwich,1,3200.0,3200.0,3200.0,3200.0,3200.0,3200.0,1,property_type,Ground Maisonette
20260520_234952,20260520,Greenwich,1,3250.0,3250.0,3250.0,3250.0,3750.0,3750.0,1,property_type,Town House
20260520_234952,20260520,Greenwich,757,2200.0,2323.9326287978865,75.0,9997.0,2423.0,2515.0876623376626,616,student_suitable,Not student suitable
20260520_234952,20260520,Greenwich,119,1900.0,2082.4033613445376,700.0,4983.0,2135.0,2194.9767441860463,86,student_suitable,Student suitable
20260520_234952,20260520,Greenwich,837,2200.0,2302.3751493428913,75.0,9997.0,2423.0,2483.419881305638,674,zero_deposit,Unknown
20260520_234952,20260520,Greenwich,39,2000.0,2049.6153846153848,775.0,3250.0,2333.0,2294.1785714285716,28,zero_deposit,Zero deposit
20260520_234952,20260520,Hackney,292,3250.0,3367.054794520548,1800.0,7748.0,3468.5,3619.577981651376,218,bedrooms,2 bed
20260520_234952,20260520,Hackney,275,2450.0,2502.672727272727,640.0,4340.0,2650.0,2544.5162790697673,215,bedrooms,1 bed
20260520_234952,20260520,Hackney,87,3500.0,3798.5287356321837,953.0,7500.0,3778.5,4120.847222222223,72,bedrooms,3 bed
20260520_234952,20260520,Hackney,86,2150.0,2484.8488372093025,250.0,18000.0,2049.0,2201.9636363636364,55,bedrooms,Studio / 0 bed
20260520_234952,20260520,Hackney,24,5000.0,5545.916666666667,1250.0,12133.0,5767.0,5797.809523809524,21,bedrooms,4 bed
20260520_234952,20260520,Hackney,10,7747.5,8379.0,3600.0,12000.0,10377.0,9815.111111111111,9,bedrooms,5+ bed
20260520_234952,20260520,Hackney,710,2903.0,3102.1478873239435,250.0,18000.0,3116.0,3318.9812734082398,534,bills,Unknown
20260520_234952,20260520,Hackney,51,3200.0,3838.6470588235293,850.0,12133.0,2990.0,3593.3023255813955,43,bills,Bills included
20260520_234952,20260520,Hackney,13,2500.0,2629.230769230769,900.0,4000.0,2884.0,2860.769230769231,13,bills,Bills excluded
20260520_234952,20260520,Hackney,771,2950.0,3144.4098573281453,250.0,18000.0,3115.5,3328.8779661016947,590,build_to_rent,Not build to rent
20260520_234952,20260520,Hackney,3,2800.0,2712.0,2486.0,2850.0,,,0,build_to_rent,Build to rent
20260520_234952,20260520,Hackney,766,2937.5,3146.378590078329,250.0,18000.0,3115.5,3330.53264604811,582,deposit,Deposit listed
20260520_234952,20260520,Hackney,8,2800.0,2793.75,850.0,4250.0,3230.0,3208.5,8,deposit,Zero deposit
20260520_234952,20260520,Hackney,419,3185.0,3393.0811455847256,640.0,18000.0,3475.0,3699.059800664452,301,furnish_type,Furnished
20260520_234952,20260520,Hackney,150,2500.0,2852.6466666666665,640.0,8498.0,2653.0,2869.637931034483,116,furnish_type,Unfurnished
20260520_234952,20260520,Hackney,106,2800.0,3010.5471698113206,250.0,7495.0,2885.0,3044.608695652174,92,furnish_type,Ask agent
20260520_234952,20260520,Hackney,51,2595.0,2657.2156862745096,900.0,6000.0,2769.0,2857.6363636363635,44,furnish_type,"Furnished or unfurnished, landlord is flexible"
20260520_234952,20260520,Hackney,48,2425.0,2671.7083333333335,775.0,8000.0,2884.0,3024.4054054054054,37,furnish_type,Part furnished
20260520_234952,20260520,Hackney,714,2901.5,3133.0420168067226,250.0,18000.0,3057.0,3280.422509225092,542,investment_opportunity,Unknown
20260520_234952,20260520,Hackney,60,3176.0,3258.0666666666666,1700.0,7500.0,3563.0,3876.0208333333335,48,investment_opportunity,Investment opportunity
20260520_234952,20260520,Hackney,774,2937.5,3142.733850129199,250.0,18000.0,3115.5,3328.8779661016947,590,let_type,Unknown
20260520_234952,20260520,Hackney,516,2697.5,2946.2248062015506,250.0,18000.0,2826.0,2990.5,396,luxury,Unknown
20260520_234952,20260520,Hackney,258,3300.0,3535.751937984496,1322.0,12133.0,3692.0,4019.5876288659792,194,luxury,Luxury
20260520_234952,20260520,Hackney,774,2937.5,3142.733850129199,250.0,18000.0,3115.5,3328.8779661016947,590,online_viewings,No online viewing flag
20260520_234952,20260520,Hackney,753,2950.0,3147.97609561753,250.0,18000.0,3116.0,3348.497382198953,573,pets,Unknown
20260520_234952,20260520,Hackney,11,2850.0,2918.181818181818,1750.0,4500.0,2307.0,2156.4285714285716,7,pets,Pets mentioned
20260520_234952,20260520,Hackney,10,2625.0,2995.0,900.0,8000.0,2651.0,3025.4,10,pets,No pets
20260520_234952,20260520,Hackney,564,2970.0,3161.017730496454,250.0,18000.0,3173.0,3405.881395348837,430,price_reduced,Not reduced
20260520_234952,20260520,Hackney,210,2817.0,3093.6285714285714,850.0,8498.0,3027.5,3121.93125,160,price_reduced,Price reduced
20260520_234952,20260520,Hackney,341,2850.0,2989.014662756598,1200.0,7748.0,3000.0,3114.010600706714,283,property_type,Flat
20260520_234952,20260520,Hackney,282,3050.0,3156.1524822695037,1400.0,7500.0,3346.0,3492.377659574468,188,property_type,Apartment
20260520_234952,20260520,Hackney,46,1785.0,1958.1739130434783,950.0,3100.0,1961.0,2137.375,32,property_type,Studio
20260520_234952,20260520,Hackney,21,3000.0,3451.1428571428573,1100.0,7495.0,3317.0,3921.1,20,property_type,Maisonette
20260520_234952,20260520,Hackney,18,4985.5,6278.833333333333,2750.0,12000.0,4693.0,5999.1875,16,property_type,Terraced
20260520_234952,20260520,Hackney,13,895.0,925.8461538461538,640.0,1322.0,878.0,832.1818181818181,11,property_type,Flat Share
20260520_234952,20260520,Hackney,12,4225.0,4508.166666666667,1150.0,8000.0,4327.0,5071.818181818182,11,property_type,House
20260520_234952,20260520,Hackney,7,900.0,985.0,850.0,1440.0,207.0,378.57142857142856,7,property_type,House Share
20260520_234952,20260520,Hackney,7,4000.0,7132.142857142857,1875.0,18000.0,4211.0,4211.0,2,property_type,Not Specified
20260520_234952,20260520,Hackney,5,3200.0,3300.6,2900.0,3750.0,4009.0,3811.0,4,property_type,Duplex
20260520_234952,20260520,Hackney,4,4000.0,4625.0,2500.0,8000.0,7557.5,7557.5,2,property_type,End of Terrace
20260520_234952,20260520,Hackney,3,5650.0,5750.0,4600.0,7000.0,6635.0,7211.333333333333,3,property_type,Penthouse
20260520_234952,20260520,Hackney,3,6800.0,6116.666666666667,4550.0,7000.0,6462.0,7042.333333333333,3,property_type,Semi-Detached
20260520_234952,20260520,Hackney,3,3500.0,6250.0,3250.0,12000.0,7875.0,7875.0,2,property_type,Town House
20260520_234952,20260520,Hackney,2,2600.0,2600.0,1600.0,3600.0,2999.5,2999.5,2,property_type,Ground Flat
20260520_234952,20260520,Hackney,2,600.0,600.0,250.0,950.0,673.0,673.0,2,property_type,Parking
20260520_234952,20260520,Hackney,1,5650.0,5650.0,5650.0,5650.0,7823.0,7823.0,1,property_type,Detached
20260520_234952,20260520,Hackney,1,2800.0,2800.0,2800.0,2800.0,3347.0,3347.0,1,property_type,Ground Maisonette
20260520_234952,20260520,Hackney,1,4163.0,4163.0,4163.0,4163.0,,,0,property_type,Office
20260520_234952,20260520,Hackney,1,4165.0,4165.0,4165.0,4165.0,,,0,property_type,Retail Property (high street)
20260520_234952,20260520,Hackney,1,12133.0,12133.0,12133.0,12133.0,,,0,property_type,Serviced Apartments
20260520_234952,20260520,Hackney,701,2950.0,3175.2553495007132,250.0,18000.0,3171.5,3401.188679245283,530,student_suitable,Not student suitable
20260520_234952,20260520,Hackney,73,2550.0,2830.4383561643835,640.0,12133.0,2850.0,2690.133333333333,60,student_suitable,Student suitable
20260520_234952,20260520,Hackney,766,2937.5,3146.378590078329,250.0,18000.0,3115.5,3330.53264604811,582,zero_deposit,Unknown
20260520_234952,20260520,Hackney,8,2800.0,2793.75,850.0,4250.0,3230.0,3208.5,8,zero_deposit,Zero deposit
20260520_234952,20260520,Hammersmith and Fulham,555,3600.0,3714.2234234234234,1700.0,10833.0,3462.0,3675.1281464530894,437,bedrooms,2 bed
20260520_234952,20260520,Hammersmith and Fulham,416,2500.0,2514.204326923077,760.0,10400.0,2480.5,2397.1646341463415,328,bedrooms,1 bed
20260520_234952,20260520,Hammersmith and Fulham,230,3983.5,5032.517391304348,2250.0,12500.0,4155.5,5009.0268817204305,186,bedrooms,3 bed
20260520_234952,20260520,Hammersmith and Fulham,182,1625.0,1706.7857142857142,800.0,4190.0,1730.0,1581.1333333333334,120,bedrooms,Studio / 0 bed
20260520_234952,20260520,Hammersmith and Fulham,92,5100.0,7570.771739130435,3000.0,26000.0,6230.0,7488.082191780822,73,bedrooms,4 bed
20260520_234952,20260520,Hammersmith and Fulham,67,8600.0,12484.701492537313,4200.0,49998.0,8826.5,11875.925925925925,54,bedrooms,5+ bed
20260520_234952,20260520,Hammersmith and Fulham,1411,3250.0,4058.0042523033308,800.0,49998.0,3300.0,4077.0242152466367,1115,bills,Unknown
20260520_234952,20260520,Hammersmith and Fulham,128,1659.0,2942.0234375,760.0,39000.0,1680.0,1907.4567901234568,81,bills,Bills included
20260520_234952,20260520,Hammersmith and Fulham,3,2000.0,1993.3333333333333,900.0,3080.0,630.0,630.0,2,bills,Bills excluded
20260520_234952,20260520,Hammersmith and Fulham,1492,3150.0,3998.3451742627344,760.0,49998.0,3173.0,3927.155855096883,1187,build_to_rent,Not build to rent
20260520_234952,20260520,Hammersmith and Fulham,50,2677.0,2857.44,1779.0,4710.0,3452.0,3646.5454545454545,11,build_to_rent,Build to rent
20260520_234952,20260520,Hammersmith and Fulham,1471,3150.0,4017.0883752549285,760.0,49998.0,3173.0,3938.5262711864407,1180,deposit,Deposit listed
20260520_234952,20260520,Hammersmith and Fulham,71,2677.0,2806.56338028169,1400.0,5742.0,2766.0,3010.277777777778,18,deposit,Zero deposit
20260520_234952,20260520,Hammersmith and Fulham,769,2925.0,3515.30689206762,760.0,30000.0,3100.0,3586.5828877005347,561,furnish_type,Furnished
20260520_234952,20260520,Hammersmith and Fulham,292,3467.0,4849.106164383562,900.0,49998.0,3000.0,4274.603773584906,265,furnish_type,Unfurnished
20260520_234952,20260520,Hammersmith and Fulham,209,3420.0,4343.631578947368,825.0,39000.0,3057.5,3902.89375,160,furnish_type,Ask agent
20260520_234952,20260520,Hammersmith and Fulham,203,3700.0,4378.906403940887,925.0,30000.0,3950.0,4770.807692307692,156,furnish_type,"Furnished or unfurnished, landlord is flexible"
20260520_234952,20260520,Hammersmith and Fulham,69,2300.0,2789.217391304348,1300.0,11000.0,2884.0,3358.8214285714284,56,furnish_type,Part furnished
20260520_234952,20260520,Hammersmith and Fulham,1400,3142.0,3974.46,760.0,49998.0,3230.0,4012.3856749311294,1089,investment_opportunity,Unknown
20260520_234952,20260520,Hammersmith and Fulham,142,3181.5,3832.105633802817,932.0,28167.0,3050.0,3047.321100917431,109,investment_opportunity,Investment opportunity
20260520_234952,20260520,Hammersmith and Fulham,1542,3142.0,3961.35084306096,760.0,49998.0,3173.0,3924.5792988313856,1198,let_type,Unknown
20260520_234952,20260520,Hammersmith and Fulham,1073,2903.0,3606.4734389561977,760.0,30333.0,2875.0,3464.6887115165337,877,luxury,Unknown
20260520_234952,20260520,Hammersmith and Fulham,469,3683.0,4773.255863539445,900.0,49998.0,4160.0,5181.040498442368,321,luxury,Luxury
20260520_234952,20260520,Hammersmith and Fulham,1542,3142.0,3961.35084306096,760.0,49998.0,3173.0,3924.5792988313856,1198,online_viewings,No online viewing flag
20260520_234952,20260520,Hammersmith and Fulham,1415,3142.0,3987.6212014134276,760.0,49998.0,3173.0,3947.1989389920423,1131,pets,Unknown
20260520_234952,20260520,Hammersmith and Fulham,105,3300.0,3863.0285714285715,900.0,12177.0,3787.0,3955.0434782608695,46,pets,Pets mentioned
20260520_234952,20260520,Hammersmith and Fulham,22,2450.0,2740.9545454545455,1050.0,6600.0,2423.0,2639.6190476190477,21,pets,No pets
20260520_234952,20260520,Hammersmith and Fulham,1218,3192.5,3853.3981937602625,760.0,49998.0,3300.0,3877.56270096463,933,price_reduced,Not reduced
20260520_234952,20260520,Hammersmith and Fulham,324,3000.0,4367.172839506173,825.0,39000.0,2884.0,4090.1132075471696,265,price_reduced,Price reduced
20260520_234952,20260520,Hammersmith and Fulham,767,3000.0,3461.636245110821,1300.0,30000.0,3048.0,3510.8430420711975,618,property_type,Flat
20260520_234952,20260520,Hammersmith and Fulham,379,3350.0,3843.456464379947,1400.0,22100.0,3692.0,3968.674157303371,267,property_type,Apartment
20260520_234952,20260520,Hammersmith and Fulham,118,1625.0,1676.949152542373,900.0,4190.0,1727.5,1536.3181818181818,88,property_type,Studio
20260520_234952,20260520,Hammersmith and Fulham,67,5200.0,6128.149253731343,1650.0,25000.0,5820.0,6404.596491228071,57,property_type,Terraced
20260520_234952,20260520,Hammersmith and Fulham,58,5100.0,7209.120689655172,1083.0,30333.0,4384.0,5280.717391304348,46,property_type,House
20260520_234952,20260520,Hammersmith and Fulham,43,3467.0,4380.604651162791,1100.0,25497.0,3490.0,3269.5789473684213,38,property_type,Maisonette
20260520_234952,20260520,Hammersmith and Fulham,33,6002.0,11555.727272727272,2300.0,49998.0,7461.5,10438.038461538461,26,property_type,Penthouse
20260520_234952,20260520,Hammersmith and Fulham,28,1075.0,1067.5714285714287,760.0,1400.0,1255.5,1260.9375,16,property_type,House Share
20260520_234952,20260520,Hammersmith and Fulham,13,12000.0,11725.615384615385,2500.0,39000.0,9554.0,9584.444444444445,9,property_type,Detached
20260520_234952,20260520,Hammersmith and Fulham,6,10416.5,11013.833333333334,8500.0,14000.0,13000.0,14448.5,6,property_type,End of Terrace
20260520_234952,20260520,Hammersmith and Fulham,6,1875.0,2022.8333333333333,1497.0,2595.0,2192.0,2327.6,5,property_type,Ground Flat
20260520_234952,20260520,Hammersmith and Fulham,4,1923.5,1876.75,810.0,2850.0,2243.5,2177.25,4,property_type,Not Specified
20260520_234952,20260520,Hammersmith and Fulham,4,6275.0,6937.5,3200.0,12000.0,7929.0,7858.5,4,property_type,Semi-Detached
20260520_234952,20260520,Hammersmith and Fulham,4,12177.0,12175.25,12170.0,12177.0,14050.0,11240.0,4,property_type,Town House
20260520_234952,20260520,Hammersmith and Fulham,3,5499.0,5415.333333333333,4750.0,5997.0,6632.5,6632.5,2,property_type,Duplex
20260520_234952,20260520,Hammersmith and Fulham,3,3900.0,7094.0,2384.0,14998.0,2750.0,8139.666666666667,3,property_type,Mews
20260520_234952,20260520,Hammersmith and Fulham,2,6088.5,6088.5,4377.0,7800.0,0.0,0.0,2,property_type,Bungalow
20260520_234952,20260520,Hammersmith and Fulham,2,950.0,950.0,850.0,1050.0,1050.0,1050.0,1,property_type,Flat Share
20260520_234952,20260520,Hammersmith and Fulham,1,3350.0,3350.0,3350.0,3350.0,3866.0,3866.0,1,property_type,Barn Conversion
20260520_234952,20260520,Hammersmith and Fulham,1,900.0,900.0,900.0,900.0,1038.0,1038.0,1,property_type,House of Multiple Occupation
20260520_234952,20260520,Hammersmith and Fulham,1395,3200.0,4086.3225806451615,810.0,49998.0,3230.0,4015.281885397412,1082,student_suitable,Not student suitable
20260520_234952,20260520,Hammersmith and Fulham,147,2500.0,2775.394557823129,760.0,6933.0,2769.0,3078.543103448276,116,student_suitable,Student suitable
20260520_234952,20260520,Hammersmith and Fulham,1471,3150.0,4017.0883752549285,760.0,49998.0,3173.0,3938.5262711864407,1180,zero_deposit,Unknown
20260520_234952,20260520,Hammersmith and Fulham,71,2677.0,2806.56338028169,1400.0,5742.0,2766.0,3010.277777777778,18,zero_deposit,Zero deposit
20260520_234952,20260520,Haringey,252,2366.5,2380.281746031746,850.0,5417.0,2596.0,2489.9478672985783,211,bedrooms,2 bed
20260520_234952,20260520,Haringey,223,1800.0,1797.3318385650225,499.0,3500.0,1968.5,1896.3684210526317,190,bedrooms,1 bed
20260520_234952,20260520,Haringey,102,2700.0,2833.735294117647,780.0,5000.0,3000.0,2943.258823529412,85,bedrooms,3 bed
20260520_234952,20260520,Haringey,82,1200.0,1237.8902439024391,150.0,2220.0,1384.0,1443.4561403508771,57,bedrooms,Studio / 0 bed
20260520_234952,20260520,Haringey,55,3650.0,4959.0,2250.0,18417.0,4038.0,5584.341463414634,41,bedrooms,4 bed
20260520_234952,20260520,Haringey,34,7999.5,22309.323529411766,850.0,108333.0,6923.0,21371.96,25,bedrooms,5+ bed
20260520_234952,20260520,Haringey,703,2200.0,3365.9345661450925,150.0,108333.0,2423.0,3379.98606271777,574,bills,Unknown
20260520_234952,20260520,Haringey,45,999.0,1248.7555555555555,499.0,4766.0,999.0,1179.6571428571428,35,bills,Bills included
20260520_234952,20260520,Haringey,656,2097.0,3322.486280487805,150.0,108333.0,2226.0,3270.217636022514,533,build_to_rent,Not build to rent
20260520_234952,20260520,Haringey,92,2590.0,2640.163043478261,1900.0,3990.0,3044.0,3136.5,76,build_to_rent,Build to rent
20260520_234952,20260520,Haringey,726,2150.0,3271.002754820937,150.0,108333.0,2375.0,3316.5806451612902,589,deposit,Deposit listed
20260520_234952,20260520,Haringey,22,2125.0,2168.090909090909,900.0,3750.0,1496.5,1396.7,20,deposit,Zero deposit
20260520_234952,20260520,Haringey,256,2217.5,2731.56640625,499.0,108333.0,2480.0,3164.776119402985,201,furnish_type,Furnished
20260520_234952,20260520,Haringey,205,2100.0,3041.9853658536585,150.0,78000.0,2365.0,3712.062857142857,175,furnish_type,Unfurnished
20260520_234952,20260520,Haringey,136,2183.5,4226.066176470588,150.0,108333.0,2250.0,2270.2136752136753,117,furnish_type,Ask agent
20260520_234952,20260520,Haringey,86,2100.0,4416.802325581395,750.0,65000.0,2363.5,4842.984375,64,furnish_type,"Furnished or unfurnished, landlord is flexible"
20260520_234952,20260520,Haringey,65,2040.0,2230.276923076923,750.0,8500.0,2203.5,2309.673076923077,52,furnish_type,Part furnished
20260520_234952,20260520,Haringey,722,2150.0,3128.8227146814406,150.0,108333.0,2353.0,3275.389170896785,591,investment_opportunity,Unknown
20260520_234952,20260520,Haringey,26,2235.0,6286.0,708.0,108333.0,2463.5,2535.8333333333335,18,investment_opportunity,Investment opportunity
20260520_234952,20260520,Haringey,748,2150.0,3238.5641711229946,150.0,108333.0,2353.0,3253.5303776683086,609,let_type,Unknown
20260520_234952,20260520,Haringey,580,2000.0,2621.8706896551726,150.0,108333.0,2193.0,2652.414937759336,482,luxury,Unknown
20260520_234952,20260520,Haringey,168,2592.5,5367.625,850.0,108333.0,2960.0,5534.929133858268,127,luxury,Luxury
20260520_234952,20260520,Haringey,748,2150.0,3238.5641711229946,150.0,108333.0,2353.0,3253.5303776683086,609,online_viewings,No online viewing flag
20260520_234952,20260520,Haringey,622,2098.5,3390.483922829582,150.0,108333.0,2244.0,3359.660606060606,495,pets,Unknown
20260520_234952,20260520,Haringey,103,2590.0,2652.135922330097,1300.0,4500.0,2989.0,3015.3297872340427,94,pets,Pets mentioned
20260520_234952,20260520,Haringey,23,1600.0,1756.304347826087,780.0,4766.0,1650.0,1746.35,20,pets,No pets
20260520_234952,20260520,Haringey,529,2250.0,3286.0586011342157,150.0,108333.0,2423.0,3020.132420091324,438,price_reduced,Not reduced
20260520_234952,20260520,Haringey,219,2000.0,3123.840182648402,150.0,78000.0,2135.0,3851.3567251461986,171,price_reduced,Price reduced
20260520_234952,20260520,Haringey,338,2147.5,2272.609467455621,800.0,5417.0,2365.0,2443.021505376344,279,property_type,Flat
20260520_234952,20260520,Haringey,178,2150.0,2236.8370786516853,850.0,4000.0,2330.5,2253.06,150,property_type,Apartment
20260520_234952,20260520,Haringey,59,1200.0,1243.6949152542372,700.0,2220.0,1384.0,1395.3478260869565,46,property_type,Studio
20260520_234952,20260520,Haringey,53,3000.0,3334.056603773585,1650.0,8500.0,3230.0,3323.951219512195,41,property_type,Terraced
20260520_234952,20260520,Haringey,26,3375.0,8214.923076923076,150.0,108333.0,4528.5,5600.888888888889,18,property_type,House
20260520_234952,20260520,Haringey,24,825.0,838.2083333333334,499.0,1300.0,800.0,791.6818181818181,22,property_type,House Share
20260520_234952,20260520,Haringey,18,6000.0,6069.388888888889,1750.0,10000.0,12115.0,8805.4,10,property_type,Semi-Detached
20260520_234952,20260520,Haringey,15,18417.0,37168.53333333333,900.0,108333.0,16384.0,38930.916666666664,12,property_type,Detached
20260520_234952,20260520,Haringey,9,3500.0,3377.222222222222,1750.0,5500.0,3850.0,3517.3333333333335,9,property_type,Maisonette
20260520_234952,20260520,Haringey,6,2675.0,4832.5,2500.0,15000.0,2792.5,2123.0,6,property_type,End of Terrace
20260520_234952,20260520,Haringey,6,2067.5,2180.8333333333335,1350.0,3600.0,2529.5,2597.5,4,property_type,Ground Flat
20260520_234952,20260520,Haringey,3,2500.0,2352.6666666666665,708.0,3850.0,3567.0,3567.0,2,property_type,Not Specified
20260520_234952,20260520,Haringey,2,1825.0,1825.0,1500.0,2150.0,1825.0,1825.0,2,property_type,Block of Apartments
20260520_234952,20260520,Haringey,2,2550.0,2550.0,2500.0,2600.0,2884.0,2884.0,1,property_type,Duplex
20260520_234952,20260520,Haringey,2,799.5,799.5,780.0,819.0,,,0,property_type,Flat Share
20260520_234952,20260520,Haringey,1,1750.0,1750.0,1750.0,1750.0,2019.0,2019.0,1,property_type,Bungalow
20260520_234952,20260520,Haringey,1,1750.0,1750.0,1750.0,1750.0,2020.0,2020.0,1,property_type,Detached Bungalow
20260520_234952,20260520,Haringey,1,150.0,150.0,150.0,150.0,250.0,250.0,1,property_type,Garages
20260520_234952,20260520,Haringey,1,1500.0,1500.0,1500.0,1500.0,1730.0,1730.0,1,property_type,Ground Maisonette
20260520_234952,20260520,Haringey,1,750.0,750.0,750.0,750.0,865.0,865.0,1,property_type,House of Multiple Occupation
20260520_234952,20260520,Haringey,1,4300.0,4300.0,4300.0,4300.0,4962.0,4962.0,1,property_type,Mews
20260520_234952,20260520,Haringey,1,5500.0,5500.0,5500.0,5500.0,7614.0,7614.0,1,property_type,Penthouse
20260520_234952,20260520,Haringey,671,2200.0,3375.502235469449,150.0,108333.0,2423.0,3443.0350553505536,542,student_suitable,Not student suitable
20260520_234952,20260520,Haringey,77,1850.0,2045.2467532467533,499.0,6000.0,1615.0,1720.5223880597016,67,student_suitable,Student suitable
20260520_234952,20260520,Haringey,726,2150.0,3271.002754820937,150.0,108333.0,2375.0,3316.5806451612902,589,zero_deposit,Unknown
20260520_234952,20260520,Haringey,22,2125.0,2168.090909090909,900.0,3750.0,1496.5,1396.7,20,zero_deposit,Zero deposit
20260520_234952,20260520,Harrow,207,1850.0,1932.3816425120774,1450.0,3995.0,2130.5,2073.8166666666666,180,bedrooms,2 bed
20260520_234952,20260520,Harrow,182,1400.0,1369.2857142857142,600.0,2600.0,1615.0,1527.2910447761194,134,bedrooms,1 bed
20260520_234952,20260520,Harrow,118,1339.0,1278.7288135593221,150.0,1675.0,1442.0,1287.9882352941177,85,bedrooms,Studio / 0 bed
20260520_234952,20260520,Harrow,101,2400.0,2554.2574257425745,940.0,11000.0,2653.0,2599.131868131868,91,bedrooms,3 bed
20260520_234952,20260520,Harrow,51,2850.0,3104.1372549019607,2100.0,6000.0,3275.0,3583.5510204081634,49,bedrooms,4 bed
20260520_234952,20260520,Harrow,39,3750.0,6696.051282051282,710.0,65000.0,4467.5,7651.868421052632,38,bedrooms,5+ bed
20260520_234952,20260520,Harrow,644,1800.0,2192.672360248447,150.0,65000.0,2076.0,2486.081936685289,537,bills,Unknown
20260520_234952,20260520,Harrow,54,1150.0,1212.2037037037037,650.0,3399.0,1325.0,1382.075,40,bills,Bills included
20260520_234952,20260520,Harrow,688,1750.0,2123.5247093023254,150.0,65000.0,2020.0,2431.4561403508774,570,build_to_rent,Not build to rent
20260520_234952,20260520,Harrow,10,1567.0,1655.5,1389.0,2350.0,0.0,625.5714285714286,7,build_to_rent,Build to rent
20260520_234952,20260520,Harrow,633,1800.0,2150.789889415482,150.0,65000.0,2019.0,2431.91061452514,537,deposit,Deposit listed
20260520_234952,20260520,Harrow,65,1470.0,1786.0,1100.0,6995.0,2076.0,2109.325,40,deposit,Zero deposit
20260520_234952,20260520,Harrow,308,1950.0,2198.8896103896104,150.0,12000.0,2192.0,2393.9964788732395,284,furnish_type,Unfurnished
20260520_234952,20260520,Harrow,218,1402.0,1997.8761467889908,650.0,65000.0,1552.5,2348.6582278481014,158,furnish_type,Furnished
20260520_234952,20260520,Harrow,78,1662.5,1881.0641025641025,900.0,6995.0,1904.0,2211.64406779661,59,furnish_type,Part furnished
20260520_234952,20260520,Harrow,59,1800.0,2120.9322033898306,600.0,6500.0,2134.0,2644.906976744186,43,furnish_type,"Furnished or unfurnished, landlord is flexible"
20260520_234952,20260520,Harrow,35,1800.0,2653.9142857142856,750.0,20000.0,2076.0,2882.060606060606,33,furnish_type,Ask agent
20260520_234952,20260520,Harrow,674,1750.0,2124.360534124629,150.0,65000.0,2019.0,2409.928443649374,559,investment_opportunity,Unknown
20260520_234952,20260520,Harrow,24,1675.0,1905.0416666666667,700.0,6000.0,2235.0,2397.722222222222,18,investment_opportunity,Investment opportunity
20260520_234952,20260520,Harrow,698,1750.0,2116.819484240688,150.0,65000.0,2019.0,2409.547660311958,577,let_type,Unknown
20260520_234952,20260520,Harrow,587,1750.0,2086.5826235093696,150.0,65000.0,2019.0,2388.965794768612,497,luxury,Unknown
20260520_234952,20260520,Harrow,111,1725.0,2276.7207207207207,650.0,12000.0,2105.0,2537.4125,80,luxury,Luxury
20260520_234952,20260520,Harrow,698,1750.0,2116.819484240688,150.0,65000.0,2019.0,2409.547660311958,577,online_viewings,No online viewing flag
20260520_234952,20260520,Harrow,664,1750.0,2124.129518072289,150.0,65000.0,2019.5,2422.2380952380954,546,pets,Unknown
20260520_234952,20260520,Harrow,17,1800.0,1811.6470588235295,700.0,3399.0,1850.0,1991.764705882353,17,pets,No pets
20260520_234952,20260520,Harrow,17,1800.0,2136.470588235294,1295.0,3500.0,2250.0,2421.9285714285716,14,pets,Pets mentioned
20260520_234952,20260520,Harrow,488,1750.0,2115.2581967213114,150.0,65000.0,2019.0,2389.3872549019607,408,price_reduced,Not reduced
20260520_234952,20260520,Harrow,210,1850.0,2120.447619047619,600.0,12000.0,2134.0,2458.2189349112427,169,price_reduced,Price reduced
20260520_234952,20260520,Harrow,207,1750.0,1806.4057971014493,900.0,6000.0,1961.0,1944.7103825136612,183,property_type,Flat
20260520_234952,20260520,Harrow,136,1750.0,1848.4705882352941,1200.0,11000.0,1946.5,1956.6666666666667,102,property_type,Apartment
20260520_234952,20260520,Harrow,91,1350.0,1296.9450549450548,700.0,1675.0,1400.0,1244.950819672131,61,property_type,Studio
20260520_234952,20260520,Harrow,70,2600.0,2813.0142857142855,953.0,6000.0,2884.0,3044.597014925373,67,property_type,Semi-Detached
20260520_234952,20260520,Harrow,38,2400.0,2421.184210526316,1275.0,3995.0,2740.5,2744.25,36,property_type,Terraced
20260520_234952,20260520,Harrow,36,850.0,871.6666666666666,600.0,1200.0,923.0,910.24,25,property_type,House Share
20260520_234952,20260520,Harrow,35,1750.0,1746.4,1000.0,3000.0,1904.0,1852.448275862069,29,property_type,Maisonette
20260520_234952,20260520,Harrow,28,4300.0,8036.964285714285,2400.0,65000.0,4750.0,9844.88,25,property_type,Detached
20260520_234952,20260520,Harrow,18,2275.0,1890.3333333333333,950.0,2800.0,2740.0,2703.0,12,property_type,End of Terrace
20260520_234952,20260520,Harrow,13,2400.0,2648.076923076923,1975.0,3750.0,2770.0,3072.923076923077,13,property_type,House
20260520_234952,20260520,Harrow,5,1650.0,1445.0,800.0,1750.0,1904.0,1651.4,5,property_type,Ground Flat
20260520_234952,20260520,Harrow,4,3037.0,2793.5,1600.0,3500.0,3807.0,3230.6666666666665,3,property_type,Penthouse
20260520_234952,20260520,Harrow,3,2450.0,2650.0,2000.0,3500.0,2827.0,2442.3333333333335,3,property_type,Bungalow
20260520_234952,20260520,Harrow,3,1800.0,1800.0,1750.0,1850.0,2077.0,1987.3333333333333,3,property_type,Ground Maisonette
20260520_234952,20260520,Harrow,2,1875.0,1875.0,1400.0,2350.0,2350.0,2350.0,1,property_type,Not Specified
20260520_234952,20260520,Harrow,2,4400.0,4400.0,2500.0,6300.0,4592.0,4592.0,2,property_type,Semi-Detached Bungalow
20260520_234952,20260520,Harrow,1,2600.0,2600.0,2600.0,2600.0,3000.0,3000.0,1,property_type,Barn Conversion
20260520_234952,20260520,Harrow,1,6995.0,6995.0,6995.0,6995.0,9685.0,9685.0,1,property_type,Cottage
20260520_234952,20260520,Harrow,1,1750.0,1750.0,1750.0,1750.0,1961.0,1961.0,1,property_type,Duplex
20260520_234952,20260520,Harrow,1,700.0,700.0,700.0,700.0,700.0,700.0,1,property_type,Flat Share
20260520_234952,20260520,Harrow,1,150.0,150.0,150.0,150.0,173.0,173.0,1,property_type,Garages
20260520_234952,20260520,Harrow,1,1050.0,1050.0,1050.0,1050.0,1050.0,1050.0,1,property_type,House of Multiple Occupation
20260520_234952,20260520,Harrow,1,1750.0,1750.0,1750.0,1750.0,1800.0,1800.0,1,property_type,Town House
20260520_234952,20260520,Harrow,649,1750.0,2151.6194144838214,150.0,65000.0,2041.5,2460.4415094339624,530,student_suitable,Not student suitable
20260520_234952,20260520,Harrow,49,1400.0,1655.8979591836735,650.0,3399.0,1615.0,1835.6382978723404,47,student_suitable,Student suitable
20260520_234952,20260520,Harrow,633,1800.0,2150.789889415482,150.0,65000.0,2019.0,2431.91061452514,537,zero_deposit,Unknown
20260520_234952,20260520,Harrow,65,1470.0,1786.0,1100.0,6995.0,2076.0,2109.325,40,zero_deposit,Zero deposit
20260520_234952,20260520,Havering,84,1700.0,1688.6309523809523,1400.0,2100.0,1961.0,1881.171052631579,76,bedrooms,2 bed
20260520_234952,20260520,Havering,79,1350.0,1256.4050632911392,480.0,1600.0,1497.0,1309.7714285714285,70,bedrooms,1 bed
20260520_234952,20260520,Havering,48,2200.0,2216.2291666666665,959.0,3850.0,2423.0,2333.121951219512,41,bedrooms,3 bed
20260520_234952,20260520,Havering,35,2500.0,2551.114285714286,879.0,3500.0,2884.0,2840.3548387096776,31,bedrooms,4 bed
20260520_234952,20260520,Havering,13,1200.0,1114.5384615384614,90.0,1448.0,1384.0,1265.4545454545455,11,bedrooms,Studio / 0 bed
20260520_234952,20260520,Havering,10,3125.0,3614.5,2495.0,6000.0,3230.0,3443.4444444444443,9,bedrooms,5+ bed
20260520_234952,20260520,Havering,251,1700.0,1864.2390438247012,90.0,6000.0,1932.5,2013.054054054054,222,bills,Unknown
20260520_234952,20260520,Havering,17,959.0,1045.8235294117646,550.0,1900.0,923.0,960.9333333333333,15,bills,Bills included
20260520_234952,20260520,Havering,1,1700.0,1700.0,1700.0,1700.0,1961.0,1961.0,1,bills,Bills excluded
20260520_234952,20260520,Havering,264,1700.0,1816.6969696969697,90.0,6000.0,1903.0,1949.7081545064377,233,build_to_rent,Not build to rent
20260520_234952,20260520,Havering,5,1565.0,1559.0,1525.0,1585.0,1805.0,1798.2,5,build_to_rent,Build to rent
20260520_234952,20260520,Havering,248,1700.0,1811.391129032258,90.0,6000.0,1904.0,2021.9724770642201,218,deposit,Deposit listed
20260520_234952,20260520,Havering,20,1800.0,1865.6,997.0,2600.0,1454.5,1124.15,20,deposit,Zero deposit
20260520_234952,20260520,Havering,1,866.0,866.0,866.0,866.0,,,0,deposit,Deposit not listed
20260520_234952,20260520,Havering,140,1700.0,1867.1,1100.0,5500.0,1961.0,2118.531746031746,126,furnish_type,Unfurnished
20260520_234952,20260520,Havering,45,1600.0,1773.888888888889,90.0,4500.0,1846.0,2078.568181818182,44,furnish_type,Ask agent
20260520_234952,20260520,Havering,37,1425.0,1477.054054054054,480.0,3850.0,1327.0,1446.6060606060605,33,furnish_type,Furnished
20260520_234952,20260520,Havering,25,1700.0,1937.28,997.0,6000.0,1874.5,1943.8,20,furnish_type,Part furnished
20260520_234952,20260520,Havering,21,1900.0,2011.1904761904761,900.0,3295.0,1038.0,1217.8,15,furnish_type,"Furnished or unfurnished, landlord is flexible"
20260520_234952,20260520,Havering,1,866.0,866.0,866.0,866.0,,,0,furnish_type,Unknown
20260520_234952,20260520,Havering,231,1700.0,1816.5714285714287,90.0,6000.0,1903.0,1936.3084577114428,201,investment_opportunity,Unknown
20260520_234952,20260520,Havering,38,1650.0,1783.5526315789473,825.0,3500.0,1903.0,2002.027027027027,37,investment_opportunity,Investment opportunity
20260520_234952,20260520,Havering,268,1700.0,1815.436567164179,90.0,6000.0,1903.0,1946.5252100840337,238,let_type,Unknown
20260520_234952,20260520,Havering,1,866.0,866.0,866.0,866.0,,,0,let_type,Ask agent
20260520_234952,20260520,Havering,242,1700.0,1786.900826446281,90.0,6000.0,1903.0,1901.1851851851852,216,luxury,Unknown
20260520_234952,20260520,Havering,27,1850.0,2036.037037037037,1150.0,3700.0,2249.5,2391.681818181818,22,luxury,Luxury
20260520_234952,20260520,Havering,269,1700.0,1811.907063197026,90.0,6000.0,1903.0,1946.5252100840337,238,online_viewings,No online viewing flag
20260520_234952,20260520,Havering,243,1700.0,1803.5514403292182,90.0,6000.0,1903.0,1938.5774647887324,213,pets,Unknown
20260520_234952,20260520,Havering,13,1750.0,1803.8461538461538,750.0,2850.0,1962.0,1948.7692307692307,13,pets,No pets
20260520_234952,20260520,Havering,13,1585.0,1976.1538461538462,800.0,3295.0,1819.5,2085.1666666666665,12,pets,Pets mentioned
20260520_234952,20260520,Havering,186,1650.0,1795.3602150537633,90.0,6000.0,1860.5,1864.0617283950617,162,price_reduced,Not reduced
20260520_234952,20260520,Havering,83,1750.0,1848.987951807229,550.0,3500.0,1961.0,2122.3026315789475,76,price_reduced,Price reduced
20260520_234952,20260520,Havering,66,1500.0,1569.3939393939395,1100.0,3850.0,1730.0,1664.2711864406779,59,property_type,Flat
20260520_234952,20260520,Havering,61,1585.0,1587.7704918032787,997.0,2250.0,1796.5,1771.6153846153845,52,property_type,Apartment
20260520_234952,20260520,Havering,36,2500.0,2549.8611111111113,1450.0,6000.0,2878.0,2829.2580645161293,31,property_type,Semi-Detached
20260520_234952,20260520,Havering,28,2200.0,2068.3928571428573,750.0,2615.0,2411.5,2326.0,28,property_type,Terraced
20260520_234952,20260520,Havering,17,2000.0,2024.7058823529412,550.0,5500.0,750.0,1411.1764705882354,17,property_type,House
20260520_234952,20260520,Havering,12,2750.0,2331.25,480.0,4500.0,3036.5,2484.7,10,property_type,Detached
20260520_234952,20260520,Havering,11,900.0,893.1818181818181,550.0,1150.0,950.0,933.4545454545455,11,property_type,House Share
20260520_234952,20260520,Havering,7,1700.0,1642.142857142857,1100.0,2220.0,1961.0,1894.142857142857,7,property_type,Maisonette
20260520_234952,20260520,Havering,5,2250.0,2540.0,1900.0,3500.0,2300.0,2745.2,5,property_type,Bungalow
20260520_234952,20260520,Havering,5,1750.0,1950.0,1700.0,2400.0,2250.0,2307.5,4,property_type,End of Terrace
20260520_234952,20260520,Havering,5,1200.0,1170.0,1100.0,1250.0,1269.0,1312.8,5,property_type,Studio
20260520_234952,20260520,Havering,3,1900.0,1916.6666666666667,1850.0,2000.0,2337.0,2337.0,2,property_type,Detached Bungalow
20260520_234952,20260520,Havering,3,1450.0,1483.3333333333333,1300.0,1700.0,1961.0,1961.0,1,property_type,Ground Flat
20260520_234952,20260520,Havering,2,919.0,919.0,879.0,959.0,,,0,property_type,Flat Share
20260520_234952,20260520,Havering,2,2000.0,2000.0,1900.0,2100.0,2192.0,2192.0,1,property_type,Semi-Detached Bungalow
20260520_234952,20260520,Havering,2,2525.0,2525.0,2300.0,2750.0,2913.0,2913.0,2,property_type,Town House
20260520_234952,20260520,Havering,1,90.0,90.0,90.0,90.0,100.0,100.0,1,property_type,Garages
20260520_234952,20260520,Havering,1,1350.0,1350.0,1350.0,1350.0,1350.0,1350.0,1,property_type,Ground Maisonette
20260520_234952,20260520,Havering,1,866.0,866.0,866.0,866.0,,,0,property_type,Land
20260520_234952,20260520,Havering,1,1850.0,1850.0,1850.0,1850.0,2135.0,2135.0,1,property_type,Penthouse
20260520_234952,20260520,Havering,248,1700.0,1820.8064516129032,90.0,6000.0,1903.0,1959.5963302752293,218,student_suitable,Not student suitable
20260520_234952,20260520,Havering,21,1500.0,1706.8095238095239,650.0,3295.0,1673.0,1804.05,20,student_suitable,Student suitable
20260520_234952,20260520,Havering,249,1700.0,1807.5943775100402,90.0,6000.0,1904.0,2021.9724770642201,218,zero_deposit,Unknown
20260520_234952,20260520,Havering,20,1800.0,1865.6,997.0,2600.0,1454.5,1124.15,20,zero_deposit,Zero deposit
20260520_234952,20260520,Hillingdon,195,1850.0,1895.251282051282,1250.0,3800.0,2076.0,2028.5033112582782,151,bedrooms,2 bed
20260520_234952,20260520,Hillingdon,192,1400.0,1336.671875,600.0,1965.0,1550.0,1403.2847682119204,151,bedrooms,1 bed
20260520_234952,20260520,Hillingdon,113,2300.0,2384.0176991150443,1563.0,4500.0,2538.0,2554.4,95,bedrooms,3 bed
20260520_234952,20260520,Hillingdon,91,1150.0,1143.10989010989,100.0,3000.0,1269.0,1338.1060606060605,66,bedrooms,Studio / 0 bed
20260520_234952,20260520,Hillingdon,51,2800.0,2943.3333333333335,1875.0,4250.0,3057.0,3322.0425531914893,47,bedrooms,4 bed
20260520_234952,20260520,Hillingdon,45,3750.0,4378.933333333333,700.0,10000.0,4326.0,5101.7692307692305,39,bedrooms,5+ bed
20260520_234952,20260520,Hillingdon,647,1800.0,2011.1576506955178,100.0,10000.0,2019.0,2269.2392156862743,510,bills,Unknown
20260520_234952,20260520,Hillingdon,36,887.5,998.75,600.0,2400.0,1009.0,1035.6857142857143,35,bills,Bills included
20260520_234952,20260520,Hillingdon,4,2394.0,2405.0,2296.0,2536.0,2690.5,2681.75,4,bills,Bills excluded
20260520_234952,20260520,Hillingdon,655,1750.0,1950.6977099236642,100.0,10000.0,1961.0,2195.0037174721188,538,build_to_rent,Not build to rent
20260520_234952,20260520,Hillingdon,32,1997.5,2158.96875,1600.0,2995.0,1990.0,2125.090909090909,11,build_to_rent,Build to rent
20260520_234952,20260520,Hillingdon,616,1750.0,1969.422077922078,100.0,10000.0,1962.0,2214.9620758483034,501,deposit,Deposit listed
20260520_234952,20260520,Hillingdon,71,1880.0,1882.112676056338,875.0,3850.0,1903.0,1970.6666666666667,48,deposit,Zero deposit
20260520_234952,20260520,Hillingdon,272,1900.0,2121.6911764705883,775.0,10000.0,2134.0,2389.859574468085,235,furnish_type,Unfurnished
20260520_234952,20260520,Hillingdon,224,1550.0,1797.625,600.0,9990.0,1730.0,1937.31,200,furnish_type,Furnished
20260520_234952,20260520,Hillingdon,87,1800.0,2111.9540229885056,200.0,7000.0,2200.0,2814.3333333333335,30,furnish_type,"Furnished or unfurnished, landlord is flexible"
20260520_234952,20260520,Hillingdon,58,1612.5,1837.6896551724137,100.0,8995.0,1846.0,2165.4186046511627,43,furnish_type,Ask agent
20260520_234952,20260520,Hillingdon,46,1675.0,1667.391304347826,750.0,2995.0,1961.0,1894.2926829268292,41,furnish_type,Part furnished
20260520_234952,20260520,Hillingdon,624,1750.0,1970.551282051282,100.0,10000.0,1962.0,2208.177644710579,501,investment_opportunity,Unknown
20260520_234952,20260520,Hillingdon,63,1795.0,1859.8412698412699,825.0,4995.0,1917.5,2041.4791666666667,48,investment_opportunity,Investment opportunity
20260520_234952,20260520,Hillingdon,687,1750.0,1960.3988355167394,100.0,10000.0,1961.0,2193.6029143897995,549,let_type,Unknown
20260520_234952,20260520,Hillingdon,543,1750.0,1911.086556169429,100.0,9990.0,1961.0,2138.4462242562927,437,luxury,Unknown
20260520_234952,20260520,Hillingdon,144,1890.0,2146.347222222222,800.0,10000.0,1975.5,2408.8125,112,luxury,Luxury
20260520_234952,20260520,Hillingdon,687,1750.0,1960.3988355167394,100.0,10000.0,1961.0,2193.6029143897995,549,online_viewings,No online viewing flag
20260520_234952,20260520,Hillingdon,632,1750.0,1956.2816455696202,100.0,10000.0,1985.0,2203.4883720930234,516,pets,Unknown
20260520_234952,20260520,Hillingdon,34,2075.0,2328.794117647059,1200.0,4850.0,2336.0,2784.1666666666665,12,pets,Pets mentioned
20260520_234952,20260520,Hillingdon,21,1450.0,1487.857142857143,700.0,3000.0,1615.0,1613.2380952380952,21,pets,No pets
20260520_234952,20260520,Hillingdon,477,1800.0,2000.0817610062893,200.0,10000.0,1961.0,2209.4116094986807,379,price_reduced,Not reduced
20260520_234952,20260520,Hillingdon,210,1700.0,1870.2619047619048,100.0,9990.0,1980.5,2158.358823529412,170,price_reduced,Price reduced
20260520_234952,20260520,Hillingdon,188,1685.0,1719.276595744681,900.0,3800.0,1860.5,1863.695652173913,138,property_type,Apartment
20260520_234952,20260520,Hillingdon,149,1700.0,1776.510067114094,750.0,4500.0,1846.0,1818.027027027027,111,property_type,Flat
20260520_234952,20260520,Hillingdon,81,2500.0,2676.0864197530864,775.0,7000.0,2750.0,2885.830985915493,71,property_type,Semi-Detached
20260520_234952,20260520,Hillingdon,56,1175.0,1183.9285714285713,800.0,1880.0,1297.5,1273.9285714285713,42,property_type,Studio
20260520_234952,20260520,Hillingdon,50,2200.0,2441.58,700.0,5999.0,2423.0,2477.8372093023254,43,property_type,Terraced
20260520_234952,20260520,Hillingdon,28,812.5,835.0,600.0,1350.0,865.0,902.48,25,property_type,House Share
20260520_234952,20260520,Hillingdon,28,1700.0,1742.5,1300.0,2800.0,1961.0,1919.7083333333333,24,property_type,Maisonette
20260520_234952,20260520,Hillingdon,25,3500.0,3623.4,300.0,10000.0,4038.0,4406.217391304348,23,property_type,Detached
20260520_234952,20260520,Hillingdon,25,2200.0,2480.0,1000.0,10000.0,2538.0,2933.9166666666665,24,property_type,House
20260520_234952,20260520,Hillingdon,15,2300.0,2258.3333333333335,1275.0,3500.0,2375.0,2574.5714285714284,14,property_type,End of Terrace
20260520_234952,20260520,Hillingdon,7,3000.0,3423.714285714286,2296.0,4995.0,3461.0,3981.1428571428573,7,property_type,Town House
20260520_234952,20260520,Hillingdon,6,1050.0,1219.5,750.0,2167.0,900.0,3253.0,5,property_type,Not Specified
20260520_234952,20260520,Hillingdon,6,2662.5,2720.8333333333335,2175.0,3500.0,3635.0,3769.0,3,property_type,Penthouse
20260520_234952,20260520,Hillingdon,4,900.0,895.0,780.0,1000.0,1038.5,1002.75,4,property_type,Flat Share
20260520_234952,20260520,Hillingdon,4,1512.5,1531.25,1200.0,1900.0,1900.0,1706.6666666666667,3,property_type,Ground Flat
20260520_234952,20260520,Hillingdon,3,1700.0,1708.3333333333333,1675.0,1750.0,1859.5,1859.5,2,property_type,Ground Maisonette
20260520_234952,20260520,Hillingdon,3,8995.0,6595.0,800.0,9990.0,9990.0,7097.0,3,property_type,House of Multiple Occupation
20260520_234952,20260520,Hillingdon,2,2300.0,2300.0,2250.0,2350.0,2653.5,2653.5,2,property_type,Bungalow
20260520_234952,20260520,Hillingdon,2,2150.0,2150.0,2100.0,2200.0,2538.5,2538.5,2,property_type,Detached Bungalow
20260520_234952,20260520,Hillingdon,2,162.5,162.5,125.0,200.0,125.0,125.0,1,property_type,Garages
20260520_234952,20260520,Hillingdon,1,1800.0,1800.0,1800.0,1800.0,2075.0,2075.0,1,property_type,Cottage
20260520_234952,20260520,Hillingdon,1,1750.0,1750.0,1750.0,1750.0,1750.0,1750.0,1,property_type,Duplex
20260520_234952,20260520,Hillingdon,1,100.0,100.0,100.0,100.0,,,0,property_type,Parking
20260520_234952,20260520,Hillingdon,601,1795.0,1986.920133111481,100.0,10000.0,1995.0,2242.5117773019274,467,student_suitable,Not student suitable
20260520_234952,20260520,Hillingdon,86,1585.0,1775.0581395348838,700.0,4850.0,1731.5,1915.060975609756,82,student_suitable,Student suitable
20260520_234952,20260520,Hillingdon,616,1750.0,1969.422077922078,100.0,10000.0,1962.0,2214.9620758483034,501,zero_deposit,Unknown
20260520_234952,20260520,Hillingdon,71,1880.0,1882.112676056338,875.0,3850.0,1903.0,1970.6666666666667,48,zero_deposit,Zero deposit
20260520_234952,20260520,Hounslow,263,1625.0,1645.638783269962,499.0,4420.0,1673.0,1641.5068493150684,219,bedrooms,1 bed
20260520_234952,20260520,Hounslow,231,2200.0,2302.943722943723,1450.0,5000.0,2361.5,2391.967391304348,184,bedrooms,2 bed
20260520_234952,20260520,Hounslow,115,2500.0,3359.582608695652,1800.0,9997.0,2878.0,3649.5339805825242,103,bedrooms,3 bed
20260520_234952,20260520,Hounslow,105,1295.0,1508.4476190476191,75.0,24167.0,1442.0,1316.88,75,bedrooms,Studio / 0 bed
20260520_234952,20260520,Hounslow,45,4000.0,5840.977777777778,825.0,20000.0,4615.0,7114.0,37,bedrooms,5+ bed
20260520_234952,20260520,Hounslow,41,2995.0,3626.731707317073,2400.0,9997.0,3230.0,3859.2105263157896,38,bedrooms,4 bed
20260520_234952,20260520,Hounslow,723,2100.0,2492.594744121715,75.0,24167.0,2305.0,2678.4941569282137,599,bills,Unknown
20260520_234952,20260520,Hounslow,72,1200.0,1508.5555555555557,499.0,7497.0,1153.0,1304.7307692307693,52,bills,Bills included
20260520_234952,20260520,Hounslow,5,2300.0,2060.0,800.0,3550.0,2654.0,2376.8,5,bills,Bills excluded
20260520_234952,20260520,Hounslow,741,2000.0,2428.182186234818,75.0,24167.0,2134.0,2561.656877897991,647,build_to_rent,Not build to rent
20260520_234952,20260520,Hounslow,59,2025.0,2064.0508474576272,1280.0,3450.0,3115.0,2972.8888888888887,9,build_to_rent,Build to rent
20260520_234952,20260520,Hounslow,734,2000.0,2424.25068119891,75.0,24167.0,2135.0,2580.5739837398373,615,deposit,Deposit listed
20260520_234952,20260520,Hounslow,66,2186.5,2146.3939393939395,735.0,6000.0,2596.0,2368.170731707317,41,deposit,Zero deposit
20260520_234952,20260520,Hounslow,292,1817.5,2181.455479452055,499.0,20000.0,1955.5,2296.209523809524,210,furnish_type,Furnished
20260520_234952,20260520,Hounslow,249,2200.0,2511.7751004016063,950.0,12000.0,2307.0,2568.527896995708,233,furnish_type,Unfurnished
20260520_234952,20260520,Hounslow,123,2100.0,2714.0,75.0,24167.0,2135.0,2810.009090909091,110,furnish_type,Ask agent
20260520_234952,20260520,Hounslow,75,2000.0,2297.96,735.0,8500.0,2305.0,2605.169014084507,71,furnish_type,Part furnished
20260520_234952,20260520,Hounslow,61,2149.0,2499.6065573770493,800.0,6500.0,2750.5,3419.03125,32,furnish_type,"Furnished or unfurnished, landlord is flexible"
20260520_234952,20260520,Hounslow,775,2000.0,2403.4825806451613,75.0,24167.0,2135.0,2580.046801872075,641,investment_opportunity,Unknown
20260520_234952,20260520,Hounslow,25,2450.0,2334.52,925.0,3995.0,2423.0,2022.5333333333333,15,investment_opportunity,Investment opportunity
20260520_234952,20260520,Hounslow,800,2000.0,2401.3275,75.0,24167.0,2135.0,2567.298780487805,656,let_type,Unknown
20260520_234952,20260520,Hounslow,631,2000.0,2341.3391442155307,75.0,20000.0,2135.0,2495.4808043875687,547,luxury,Unknown
20260520_234952,20260520,Hounslow,169,2097.0,2625.3076923076924,680.0,24167.0,2135.0,2927.706422018349,109,luxury,Luxury
20260520_234952,20260520,Hounslow,800,2000.0,2401.3275,75.0,24167.0,2135.0,2567.298780487805,656,online_viewings,No online viewing flag
20260520_234952,20260520,Hounslow,707,2000.0,2445.158415841584,75.0,24167.0,2150.0,2586.9673735725937,613,pets,Unknown
20260520_234952,20260520,Hounslow,70,2100.0,2230.3,1175.0,6500.0,2875.5,2952.2,20,pets,Pets mentioned
20260520_234952,20260520,Hounslow,23,1385.0,1574.5217391304348,499.0,3550.0,1442.0,1708.391304347826,23,pets,No pets
20260520_234952,20260520,Hounslow,550,2000.0,2447.889090909091,75.0,24167.0,2135.0,2564.08371040724,442,price_reduced,Not reduced
20260520_234952,20260520,Hounslow,250,2000.0,2298.892,75.0,9997.0,2171.0,2573.9392523364486,214,price_reduced,Price reduced
20260520_234952,20260520,Hounslow,340,2000.0,2167.9382352941175,950.0,6500.0,2181.0,2271.355871886121,281,property_type,Flat
20260520_234952,20260520,Hounslow,147,1900.0,2190.809523809524,900.0,6500.0,1955.0,2201.7522935779816,109,property_type,Apartment
20260520_234952,20260520,Hounslow,60,2800.0,3342.616666666667,650.0,12000.0,3115.0,3677.3571428571427,56,property_type,Semi-Detached
20260520_234952,20260520,Hounslow,53,2550.0,3335.2830188679245,750.0,9997.0,2653.0,3525.733333333333,45,property_type,Terraced
20260520_234952,20260520,Hounslow,52,1287.5,1294.6923076923076,895.0,1708.0,1384.5,1296.5625,32,property_type,Studio
20260520_234952,20260520,Hounslow,34,2897.5,3621.264705882353,750.0,15000.0,3230.0,4502.387096774193,31,property_type,House
20260520_234952,20260520,Hounslow,31,800.0,849.8064516129032,499.0,1250.0,865.0,864.4814814814815,27,property_type,House Share
20260520_234952,20260520,Hounslow,23,1525.0,1757.608695652174,1200.0,3000.0,1674.0,1793.4285714285713,21,property_type,Maisonette
20260520_234952,20260520,Hounslow,18,2875.0,5272.166666666667,800.0,20000.0,3028.5,5472.8125,16,property_type,End of Terrace
20260520_234952,20260520,Hounslow,14,2675.0,2705.5714285714284,650.0,7397.0,2798.0,2835.5833333333335,12,property_type,Detached
20260520_234952,20260520,Hounslow,7,775.0,734.2857142857143,75.0,1395.0,937.0,772.8333333333334,6,property_type,Not Specified
20260520_234952,20260520,Hounslow,7,6500.0,6899.428571428572,5300.0,9997.0,7500.0,7673.857142857143,7,property_type,Penthouse
20260520_234952,20260520,Hounslow,5,800.0,853.2,650.0,1096.0,923.0,984.6,5,property_type,Flat Share
20260520_234952,20260520,Hounslow,3,100.0,8114.0,75.0,24167.0,93.0,93.0,2,property_type,Parking
20260520_234952,20260520,Hounslow,2,1925.0,1925.0,1850.0,2000.0,2079.0,2079.0,2,property_type,Ground Flat
20260520_234952,20260520,Hounslow,1,1800.0,1800.0,1800.0,1800.0,2076.0,2076.0,1,property_type,Bungalow
20260520_234952,20260520,Hounslow,1,1700.0,1700.0,1700.0,1700.0,1961.0,1961.0,1,property_type,Duplex
20260520_234952,20260520,Hounslow,1,2700.0,2700.0,2700.0,2700.0,3115.0,3115.0,1,property_type,Semi-Detached Bungalow
20260520_234952,20260520,Hounslow,1,2500.0,2500.0,2500.0,2500.0,2884.0,2884.0,1,property_type,Town House
20260520_234952,20260520,Hounslow,752,2037.5,2427.7699468085107,75.0,24167.0,2192.0,2603.0831973898858,613,student_suitable,Not student suitable
20260520_234952,20260520,Hounslow,48,1612.5,1987.0625,499.0,6400.0,1650.0,2057.1627906976746,43,student_suitable,Student suitable
20260520_234952,20260520,Hounslow,734,2000.0,2424.25068119891,75.0,24167.0,2135.0,2580.5739837398373,615,zero_deposit,Unknown
20260520_234952,20260520,Hounslow,66,2186.5,2146.3939393939395,735.0,6000.0,2596.0,2368.170731707317,41,zero_deposit,Zero deposit
20260520_234952,20260520,Islington,363,3250.0,3418.710743801653,1700.0,6500.0,3429.0,3484.2535211267605,284,bedrooms,2 bed
20260520_234952,20260520,Islington,361,2350.0,2356.5484764542934,599.0,4750.0,2540.0,2344.557894736842,285,bedrooms,1 bed
20260520_234952,20260520,Islington,154,3597.0,4191.123376623376,2450.0,9000.0,3807.0,3970.4651162790697,129,bedrooms,3 bed
20260520_234952,20260520,Islington,105,1500.0,1589.701923076923,130.0,3029.0,1616.0,1715.95,80,bedrooms,Studio / 0 bed
20260520_234952,20260520,Islington,67,4750.0,6383.582089552238,221.0,30000.0,5365.0,7208.641509433963,53,bedrooms,4 bed
20260520_234952,20260520,Islington,40,6000.0,7504.025,1000.0,30000.0,6346.0,7756.4857142857145,35,bedrooms,5+ bed
20260520_234952,20260520,Islington,1008,2950.0,3371.904667328699,130.0,30000.0,3023.5,3471.284289276808,802,bills,Unknown
20260520_234952,20260520,Islington,81,2400.0,2832.9753086419755,599.0,15000.0,2000.0,2707.6984126984125,63,bills,Bills included
20260520_234952,20260520,Islington,1,5350.0,5350.0,5350.0,5350.0,6173.0,6173.0,1,bills,Bills excluded
20260520_234952,20260520,Islington,1080,2947.0,3340.4578313253014,130.0,30000.0,3000.0,3418.8545034642034,866,build_to_rent,Not build to rent
20260520_234952,20260520,Islington,10,2562.5,2597.5,1895.0,3475.0,,,0,build_to_rent,Build to rent
20260520_234952,20260520,Islington,1080,2923.5,3339.662037037037,130.0,30000.0,3000.0,3422.054842473746,857,deposit,Deposit listed
20260520_234952,20260520,Islington,9,2495.0,2610.4444444444443,1600.0,4000.0,2878.0,3114.1111111111113,9,deposit,Zero deposit
20260520_234952,20260520,Islington,1,,,,,,,0,deposit,Deposit not listed
20260520_234952,20260520,Islington,600,2950.0,3209.0633333333335,208.0,30000.0,3173.0,3458.3684210526317,456,furnish_type,Furnished
20260520_234952,20260520,Islington,197,2817.0,3569.253807106599,800.0,20000.0,2770.0,3261.5513513513515,185,furnish_type,Unfurnished
20260520_234952,20260520,Islington,150,3000.0,3337.9866666666667,130.0,17117.0,2825.0,2927.1788617886177,123,furnish_type,Ask agent
20260520_234952,20260520,Islington,75,2800.0,3876.8,900.0,30000.0,3058.0,4733.695652173913,46,furnish_type,"Furnished or unfurnished, landlord is flexible"
20260520_234952,20260520,Islington,67,2700.0,3138.6567164179105,1150.0,12500.0,2881.5,3616.6428571428573,56,furnish_type,Part furnished
20260520_234952,20260520,Islington,1,,,,,,,0,furnish_type,Unknown
20260520_234952,20260520,Islington,1010,2847.0,3310.5371655104063,130.0,30000.0,2921.0,3405.3846153846152,806,investment_opportunity,Unknown
20260520_234952,20260520,Islington,80,3649.5,3624.9625,1083.0,6500.0,3828.5,3599.8,60,investment_opportunity,Investment opportunity
20260520_234952,20260520,Islington,1089,2900.0,3333.635445362718,130.0,30000.0,3000.0,3418.8545034642034,866,let_type,Unknown
20260520_234952,20260520,Islington,1,,,,,,,0,let_type,Long
20260520_234952,20260520,Islington,856,2800.0,3255.7590643274852,130.0,30000.0,2884.0,3318.0256045519204,703,luxury,Unknown
20260520_234952,20260520,Islington,234,3275.0,3618.1837606837607,217.0,17117.0,3519.0,3853.717791411043,163,luxury,Luxury
20260520_234952,20260520,Islington,1090,2900.0,3333.635445362718,130.0,30000.0,3000.0,3418.8545034642034,866,online_viewings,No online viewing flag
20260520_234952,20260520,Islington,1049,2900.0,3340.7538167938933,130.0,30000.0,3000.0,3423.6694610778445,835,pets,Unknown
20260520_234952,20260520,Islington,28,2800.0,3265.3214285714284,1149.0,6200.0,3173.0,3308.6666666666665,18,pets,Pets mentioned
20260520_234952,20260520,Islington,13,2950.0,2906.923076923077,1040.0,3800.0,3115.0,3262.153846153846,13,pets,No pets
20260520_234952,20260520,Islington,803,3000.0,3377.349127182045,130.0,30000.0,3057.0,3477.22256568779,647,price_reduced,Not reduced
20260520_234952,20260520,Islington,287,2750.0,3211.480836236934,282.0,20000.0,2884.0,3246.415525114155,219,price_reduced,Price reduced
20260520_234952,20260520,Islington,526,2800.0,3033.4201520912547,900.0,7497.0,2885.0,3011.935483870968,434,property_type,Flat
20260520_234952,20260520,Islington,315,3000.0,3209.8063492063493,800.0,17117.0,3173.0,3302.3148936170214,235,property_type,Apartment
20260520_234952,20260520,Islington,57,5500.0,6144.140350877193,900.0,20000.0,5685.0,6188.92,50,property_type,Terraced
20260520_234952,20260520,Islington,55,1430.0,1600.509090909091,750.0,3029.0,1615.0,1663.0,41,property_type,Studio
20260520_234952,20260520,Islington,28,907.5,968.75,221.0,1490.0,880.0,871.9,20,property_type,House Share
20260520_234952,20260520,Islington,26,3750.0,4115.7307692307695,2150.0,8450.0,3779.0,3979.25,24,property_type,Maisonette
20260520_234952,20260520,Islington,24,6000.0,5796.875,1200.0,8996.0,5422.5,5445.4,20,property_type,House
20260520_234952,20260520,Islington,10,4250.0,4578.8,2300.0,8500.0,4122.5,3485.9,10,property_type,Penthouse
20260520_234952,20260520,Islington,8,1223.0,1198.375,850.0,1645.0,868.0,765.75,4,property_type,Flat Share
20260520_234952,20260520,Islington,7,20000.0,18000.0,4000.0,30000.0,13846.0,19054.714285714286,7,property_type,Semi-Detached
20260520_234952,20260520,Islington,6,3137.5,3262.1666666666665,2100.0,4299.0,3200.0,3249.3333333333335,3,property_type,Mews
20260520_234952,20260520,Islington,6,191.5,206.16666666666666,130.0,282.0,0.0,83.33333333333333,3,property_type,Parking
20260520_234952,20260520,Islington,5,5000.0,5520.0,2750.0,8000.0,4350.0,5912.4,5,property_type,End of Terrace
20260520_234952,20260520,Islington,4,1550.0,1766.75,217.0,3750.0,250.0,1525.3333333333333,3,property_type,Not Specified
20260520_234952,20260520,Islington,3,9000.0,12333.333333333334,8000.0,20000.0,12461.0,17076.333333333332,3,property_type,Detached
20260520_234952,20260520,Islington,2,3849.0,3849.0,3748.0,3950.0,,,0,property_type,Duplex
20260520_234952,20260520,Islington,2,9300.0,9300.0,4600.0,14000.0,,,0,property_type,Town House
20260520_234952,20260520,Islington,1,3250.0,3250.0,3250.0,3250.0,3750.0,3750.0,1,property_type,Barn Conversion
20260520_234952,20260520,Islington,1,2500.0,2500.0,2500.0,2500.0,2884.0,2884.0,1,property_type,Bungalow
20260520_234952,20260520,Islington,1,3400.0,3400.0,3400.0,3400.0,3923.0,3923.0,1,property_type,Ground Flat
20260520_234952,20260520,Islington,1,2058.0,2058.0,2058.0,2058.0,,,0,property_type,Ground Maisonette
20260520_234952,20260520,Islington,1,800.0,800.0,800.0,800.0,800.0,800.0,1,property_type,House of Multiple Occupation
20260520_234952,20260520,Islington,1,,,,,,,0,property_type,Land
20260520_234952,20260520,Islington,938,2900.0,3396.0192102454644,130.0,30000.0,3000.0,3541.320375335121,746,student_suitable,Not student suitable
20260520_234952,20260520,Islington,152,2855.0,2949.0723684210525,221.0,6392.0,2712.0,2657.525,120,student_suitable,Student suitable
20260520_234952,20260520,Islington,1081,2923.5,3339.662037037037,130.0,30000.0,3000.0,3422.054842473746,857,zero_deposit,Unknown
20260520_234952,20260520,Islington,9,2495.0,2610.4444444444443,1600.0,4000.0,2878.0,3114.1111111111113,9,zero_deposit,Zero deposit
20260520_234952,20260520,Kensington and Chelsea,1321,4593.0,6407.7623012869035,1901.0,42467.0,4550.0,5861.5,962,bedrooms,2 bed
20260520_234952,20260520,Kensington and Chelsea,778,3250.0,3698.721079691517,1248.0,18200.0,3173.0,3848.809286898839,603,bedrooms,1 bed
20260520_234952,20260520,Kensington and Chelsea,580,10726.5,13296.13275862069,3000.0,60667.0,10000.0,12798.621495327103,428,bedrooms,3 bed
20260520_234952,20260520,Kensington and Chelsea,472,2133.0,2567.521186440678,200.0,41167.0,2000.0,2150.3277027027025,296,bedrooms,Studio / 0 bed
20260520_234952,20260520,Kensington and Chelsea,194,21450.0,32316.170103092783,7800.0,151667.0,22961.0,33453.91216216216,148,bedrooms,5+ bed
20260520_234952,20260520,Kensington and Chelsea,177,12133.0,16426.593220338982,3995.0,65000.0,12458.5,15972.9,140,bedrooms,4 bed
20260520_234952,20260520,Kensington and Chelsea,3344,4550.0,8545.622906698565,200.0,151667.0,4125.0,8378.809006835545,2487,bills,Unknown
20260520_234952,20260520,Kensington and Chelsea,172,3274.0,4833.639534883721,900.0,52000.0,3346.0,4634.869047619048,84,bills,Bills included
20260520_234952,20260520,Kensington and Chelsea,6,4275.0,5796.833333333333,2700.0,11999.0,2012.0,5643.333333333333,6,bills,Bills excluded
20260520_234952,20260520,Kensington and Chelsea,3518,4550.0,8359.86725412166,200.0,151667.0,4039.0,8250.402405898332,2577,build_to_rent,Not build to rent
20260520_234952,20260520,Kensington and Chelsea,4,8233.5,8179.25,6500.0,9750.0,,,0,build_to_rent,Build to rent
20260520_234952,20260520,Kensington and Chelsea,3479,4550.0,8410.449841908594,200.0,151667.0,4050.0,8278.55633802817,2556,deposit,Deposit listed
20260520_234952,20260520,Kensington and Chelsea,39,4095.0,4377.666666666667,1150.0,11266.0,3807.0,4823.666666666667,21,deposit,Zero deposit
20260520_234952,20260520,Kensington and Chelsea,4,2816.5,3011.5,2383.0,4030.0,,,0,deposit,Deposit not listed
20260520_234952,20260520,Kensington and Chelsea,1604,4312.0,8462.771820448877,900.0,151667.0,4038.0,9046.381924198251,1029,furnish_type,Furnished
20260520_234952,20260520,Kensington and Chelsea,904,4500.0,7760.215707964602,295.0,149998.0,3642.0,7302.662591687042,818,furnish_type,Unfurnished
20260520_234952,20260520,Kensington and Chelsea,556,4593.0,8707.26618705036,1400.0,86667.0,5355.0,9768.175,440,furnish_type,"Furnished or unfurnished, landlord is flexible"
20260520_234952,20260520,Kensington and Chelsea,385,5000.0,9377.851948051948,200.0,130000.0,3250.0,5604.806866952789,233,furnish_type,Ask agent
20260520_234952,20260520,Kensington and Chelsea,69,4500.0,5644.202898550725,1395.0,23833.0,3925.0,6580.087719298245,57,furnish_type,Part furnished
20260520_234952,20260520,Kensington and Chelsea,4,2816.5,3011.5,2383.0,4030.0,,,0,furnish_type,Unknown
20260520_234952,20260520,Kensington and Chelsea,3385,4550.0,8368.647267355982,200.0,151667.0,4125.0,8329.427768860352,2492,investment_opportunity,Unknown
20260520_234952,20260520,Kensington and Chelsea,137,4095.0,8137.656934306569,900.0,130000.0,3790.0,5933.564705882353,85,investment_opportunity,Investment opportunity
20260520_234952,20260520,Kensington and Chelsea,3522,4550.0,8359.6621237933,200.0,151667.0,4039.0,8250.402405898332,2577,let_type,Unknown
20260520_234952,20260520,Kensington and Chelsea,2306,4004.0,6553.85039028621,200.0,149998.0,3750.0,6527.716874292186,1766,luxury,Unknown
20260520_234952,20260520,Kensington and Chelsea,1216,6933.0,11784.170230263158,247.0,151667.0,6001.0,12001.65104808878,811,luxury,Luxury
20260520_234952,20260520,Kensington and Chelsea,3522,4550.0,8359.6621237933,200.0,151667.0,4039.0,8250.402405898332,2577,online_viewings,No online viewing flag
20260520_234952,20260520,Kensington and Chelsea,3268,4550.0,8366.111077111384,200.0,151667.0,4020.0,7997.1856138900375,2419,pets,Unknown
20260520_234952,20260520,Kensington and Chelsea,231,4600.0,8707.251082251083,1450.0,65000.0,6300.0,13363.583941605839,137,pets,Pets mentioned
20260520_234952,20260520,Kensington and Chelsea,23,3500.0,3952.3478260869565,1950.0,8667.0,3600.0,4061.1428571428573,21,pets,No pets
20260520_234952,20260520,Kensington and Chelsea,2653,4500.0,8327.799472295514,200.0,151667.0,4038.0,8253.118766066838,1945,price_reduced,Not reduced
20260520_234952,20260520,Kensington and Chelsea,869,5200.0,8456.93670886076,1055.0,91000.0,4205.0,8242.042721518987,632,price_reduced,Price reduced
20260520_234952,20260520,Kensington and Chelsea,1652,4117.0,6191.915859564165,1196.0,65000.0,3750.0,5496.025356576863,1262,property_type,Flat
20260520_234952,20260520,Kensington and Chelsea,988,5167.5,8272.326923076924,1196.0,60667.0,5000.0,8997.75,688,property_type,Apartment
20260520_234952,20260520,Kensington and Chelsea,278,2145.0,2395.111510791367,900.0,6500.0,2019.0,1838.6751592356688,157,property_type,Studio
20260520_234952,20260520,Kensington and Chelsea,185,14083.0,19754.410810810812,1050.0,130000.0,15231.0,20112.929936305733,157,property_type,Terraced
20260520_234952,20260520,Kensington and Chelsea,125,13000.0,21203.376,2578.0,151667.0,11076.0,20097.182795698925,93,property_type,House
20260520_234952,20260520,Kensington and Chelsea,88,4214.5,6073.681818181818,1300.0,27083.0,2250.0,3976.9875,80,property_type,Maisonette
20260520_234952,20260520,Kensington and Chelsea,51,20085.0,19155.0,2000.0,54600.0,18570.0,17687.727272727272,44,property_type,Penthouse
20260520_234952,20260520,Kensington and Chelsea,33,9000.0,9512.727272727272,3488.0,25350.0,9000.0,9225.380952380952,21,property_type,Mews
20260520_234952,20260520,Kensington and Chelsea,23,14083.0,35160.95652173913,3250.0,149998.0,28245.0,46813.61111111111,18,property_type,Detached
20260520_234952,20260520,Kensington and Chelsea,22,11840.5,15785.545454545454,3250.0,86667.0,13000.0,10587.538461538461,13,property_type,Duplex
20260520_234952,20260520,Kensington and Chelsea,15,4550.0,11671.2,1196.0,52000.0,3081.0,4672.916666666667,12,property_type,Not Specified
20260520_234952,20260520,Kensington and Chelsea,14,17750.0,33569.28571428572,3987.0,130000.0,21173.0,26061.0,6,property_type,Town House
20260520_234952,20260520,Kensington and Chelsea,9,18417.0,24105.333333333332,8667.0,60667.0,10250.0,25962.5,8,property_type,Semi-Detached
20260520_234952,20260520,Kensington and Chelsea,8,10841.5,15945.875,4800.0,54167.0,10240.5,19367.333333333332,6,property_type,End of Terrace
20260520_234952,20260520,Kensington and Chelsea,7,1150.0,1190.7142857142858,950.0,1387.0,1096.0,827.6666666666666,3,property_type,House Share
20260520_234952,20260520,Kensington and Chelsea,6,3271.5,3241.1666666666665,1550.0,4312.0,3259.0,3259.0,2,property_type,Ground Flat
20260520_234952,20260520,Kensington and Chelsea,6,271.0,297.8333333333333,200.0,498.0,0.0,98.33333333333333,3,property_type,Parking
20260520_234952,20260520,Kensington and Chelsea,4,3672.5,3569.5,2383.0,4550.0,,,0,property_type,Block of Apartments
20260520_234952,20260520,Kensington and Chelsea,3,498.0,440.6666666666667,282.0,542.0,312.5,312.5,2,property_type,Garages
20260520_234952,20260520,Kensington and Chelsea,2,7150.0,7150.0,6500.0,7800.0,0.0,0.0,1,property_type,House Boat
20260520_234952,20260520,Kensington and Chelsea,1,2349.0,2349.0,2349.0,2349.0,2710.0,2710.0,1,property_type,Bungalow
20260520_234952,20260520,Kensington and Chelsea,1,12133.0,12133.0,12133.0,12133.0,,,0,property_type,Serviced Apartments
20260520_234952,20260520,Kensington and Chelsea,1,25000.0,25000.0,25000.0,25000.0,,,0,property_type,Triplex
20260520_234952,20260520,Kensington and Chelsea,3298,4600.0,8704.24499696786,200.0,151667.0,4211.0,8463.530628803246,2465,student_suitable,Not student suitable
20260520_234952,20260520,Kensington and Chelsea,224,2600.0,3286.2946428571427,900.0,12133.0,3211.5,3559.6785714285716,112,student_suitable,Student suitable
20260520_234952,20260520,Kensington and Chelsea,3483,4550.0,8404.249497559575,200.0,151667.0,4050.0,8278.55633802817,2556,zero_deposit,Unknown
20260520_234952,20260520,Kensington and Chelsea,39,4095.0,4377.666666666667,1150.0,11266.0,3807.0,4823.666666666667,21,zero_deposit,Zero deposit
20260520_234952,20260520,Kingston upon Thames,157,1450.0,1445.0382165605095,675.0,4000.0,1658.5,1581.7397260273972,146,bedrooms,1 bed
20260520_234952,20260520,Kingston upon Thames,146,2125.0,2268.246575342466,1575.0,4750.0,2308.0,2327.509090909091,110,bedrooms,2 bed
20260520_234952,20260520,Kingston upon Thames,95,1541.0,1499.5473684210526,180.0,2190.0,1393.0,1246.9117647058824,68,bedrooms,Studio / 0 bed
20260520_234952,20260520,Kingston upon Thames,52,2597.5,2834.980769230769,1795.0,5750.0,2913.0,3060.195652173913,46,bedrooms,3 bed
20260520_234952,20260520,Kingston upon Thames,50,6250.0,7530.36,820.0,40000.0,5884.0,7070.380952380952,42,bedrooms,5+ bed
20260520_234952,20260520,Kingston upon Thames,39,3500.0,3870.2820512820513,600.0,7500.0,3891.0,4342.083333333333,36,bedrooms,4 bed
20260520_234952,20260520,Kingston upon Thames,500,1995.0,2638.33,180.0,40000.0,2133.0,2695.8192771084337,415,bills,Unknown
20260520_234952,20260520,Kingston upon Thames,39,1000.0,1441.1538461538462,675.0,5950.0,1000.0,1425.0,33,bills,Bills included
20260520_234952,20260520,Kingston upon Thames,506,1995.0,2611.077075098814,180.0,40000.0,2077.0,2711.139534883721,430,build_to_rent,Not build to rent
20260520_234952,20260520,Kingston upon Thames,33,1553.0,1641.3636363636363,1326.0,2190.0,0.0,0.0,18,build_to_rent,Build to rent
20260520_234952,20260520,Kingston upon Thames,507,1950.0,2592.370808678501,180.0,40000.0,2071.0,2609.713286713287,429,deposit,Deposit listed
20260520_234952,20260520,Kingston upon Thames,32,1775.0,1907.4375,775.0,5100.0,2301.0,2432.7894736842104,19,deposit,Zero deposit
20260520_234952,20260520,Kingston upon Thames,247,2000.0,2633.570850202429,700.0,10500.0,2186.0,2806.532110091743,218,furnish_type,Unfurnished
20260520_234952,20260520,Kingston upon Thames,161,1900.0,2048.7018633540374,600.0,9000.0,1673.0,1896.017094017094,117,furnish_type,Furnished
20260520_234952,20260520,Kingston upon Thames,64,1822.5,2898.3125,180.0,25000.0,2057.0,2479.35,60,furnish_type,Ask agent
20260520_234952,20260520,Kingston upon Thames,40,1715.0,3412.125,750.0,40000.0,2596.0,3515.8888888888887,27,furnish_type,"Furnished or unfurnished, landlord is flexible"
20260520_234952,20260520,Kingston upon Thames,27,1800.0,2705.925925925926,780.0,12000.0,2047.5,3401.6153846153848,26,furnish_type,Part furnished
20260520_234952,20260520,Kingston upon Thames,485,1950.0,2544.094845360825,180.0,40000.0,2076.0,2624.2783251231526,406,investment_opportunity,Unknown
20260520_234952,20260520,Kingston upon Thames,54,1537.5,2620.074074074074,750.0,25000.0,1831.5,2388.8809523809523,42,investment_opportunity,Investment opportunity
20260520_234952,20260520,Kingston upon Thames,539,1950.0,2551.7068645640074,180.0,40000.0,2073.5,2602.2098214285716,448,let_type,Unknown
20260520_234952,20260520,Kingston upon Thames,392,1950.0,2590.5178571428573,180.0,40000.0,2071.0,2567.255072463768,345,luxury,Unknown
20260520_234952,20260520,Kingston upon Thames,147,1900.0,2448.2108843537417,750.0,11000.0,2186.0,2719.2912621359224,103,luxury,Luxury
20260520_234952,20260520,Kingston upon Thames,539,1950.0,2551.7068645640074,180.0,40000.0,2073.5,2602.2098214285716,448,online_viewings,No online viewing flag
20260520_234952,20260520,Kingston upon Thames,511,1928.0,2512.4794520547944,180.0,40000.0,2071.0,2621.304964539007,423,pets,Unknown
20260520_234952,20260520,Kingston upon Thames,20,1950.0,1934.9,690.0,3850.0,2009.5,2052.0,20,pets,No pets
20260520_234952,20260520,Kingston upon Thames,8,4025.0,6599.375,1195.0,25000.0,2942.0,3187.6,5,pets,Pets mentioned
20260520_234952,20260520,Kingston upon Thames,403,1850.0,2550.9875930521093,180.0,40000.0,2057.0,2544.9703264094956,337,price_reduced,Not reduced
20260520_234952,20260520,Kingston upon Thames,136,2000.0,2553.8382352941176,685.0,10500.0,2192.0,2775.990990990991,111,price_reduced,Price reduced
20260520_234952,20260520,Kingston upon Thames,212,1900.0,1981.7405660377358,600.0,4324.0,2077.0,2182.708994708995,189,property_type,Flat
20260520_234952,20260520,Kingston upon Thames,86,1950.0,2039.2441860465117,1100.0,4250.0,2104.5,2130.717391304348,46,property_type,Apartment
20260520_234952,20260520,Kingston upon Thames,41,6250.0,7695.390243902439,760.0,40000.0,7211.0,7362.171428571429,35,property_type,Detached
20260520_234952,20260520,Kingston upon Thames,41,3195.0,3200.0731707317073,750.0,8000.0,3173.0,3027.864864864865,37,property_type,Semi-Detached
20260520_234952,20260520,Kingston upon Thames,40,1780.0,1803.775,1120.0,2750.0,2055.5,2075.184210526316,38,property_type,Maisonette
20260520_234952,20260520,Kingston upon Thames,38,1442.0,1487.8947368421052,1095.0,2095.0,0.0,574.3103448275862,29,property_type,Studio
20260520_234952,20260520,Kingston upon Thames,32,880.0,917.6875,675.0,1850.0,1015.0,1266.65625,32,property_type,House Share
20260520_234952,20260520,Kingston upon Thames,19,3595.0,5377.894736842105,2350.0,25000.0,3978.0,4937.5,16,property_type,House
20260520_234952,20260520,Kingston upon Thames,18,2925.0,2882.5,1550.0,3850.0,3346.0,3220.2,15,property_type,Terraced
20260520_234952,20260520,Kingston upon Thames,3,750.0,866.6666666666666,700.0,1150.0,750.0,925.6666666666666,3,property_type,Flat Share
20260520_234952,20260520,Kingston upon Thames,3,775.0,1233.3333333333333,675.0,2250.0,775.0,556.3333333333334,3,property_type,Not Specified
20260520_234952,20260520,Kingston upon Thames,2,190.0,190.0,180.0,200.0,207.0,207.0,1,property_type,Parking
20260520_234952,20260520,Kingston upon Thames,1,4250.0,4250.0,4250.0,4250.0,5884.0,5884.0,1,property_type,Detached Bungalow
20260520_234952,20260520,Kingston upon Thames,1,4500.0,4500.0,4500.0,4500.0,5193.0,5193.0,1,property_type,End of Terrace
20260520_234952,20260520,Kingston upon Thames,1,3800.0,3800.0,3800.0,3800.0,4384.0,4384.0,1,property_type,Link Detached House
20260520_234952,20260520,Kingston upon Thames,1,1800.0,1800.0,1800.0,1800.0,2076.0,2076.0,1,property_type,Retirement Property
20260520_234952,20260520,Kingston upon Thames,457,1950.0,2666.3326039387307,180.0,40000.0,2071.0,2655.792650918635,381,student_suitable,Not student suitable
20260520_234952,20260520,Kingston upon Thames,82,1849.5,1912.878048780488,600.0,4324.0,2200.0,2297.507462686567,67,student_suitable,Student suitable
20260520_234952,20260520,Kingston upon Thames,507,1950.0,2592.370808678501,180.0,40000.0,2071.0,2609.713286713287,429,zero_deposit,Unknown
20260520_234952,20260520,Kingston upon Thames,32,1775.0,1907.4375,775.0,5100.0,2301.0,2432.7894736842104,19,zero_deposit,Zero deposit
20260520_234952,20260520,Lambeth,548,3000.0,3352.7390510948903,800.0,11483.0,3173.0,3611.0923076923077,455,bedrooms,2 bed
20260520_234952,20260520,Lambeth,454,2250.0,2410.0969162995593,600.0,5150.0,2307.0,2394.937669376694,369,bedrooms,1 bed
20260520_234952,20260520,Lambeth,197,3300.0,5032.299492385787,1101.0,22750.0,3721.0,5927.025316455696,158,bedrooms,3 bed
20260520_234952,20260520,Lambeth,140,1660.0,2061.792857142857,75.0,4250.0,1673.0,1960.4639175257732,97,bedrooms,Studio / 0 bed
20260520_234952,20260520,Lambeth,56,3974.5,5038.160714285715,2400.0,35000.0,4240.5,5646.42,50,bedrooms,4 bed
20260520_234952,20260520,Lambeth,33,5900.0,7340.454545454545,3000.0,17498.0,8169.0,8529.870967741936,31,bedrooms,5+ bed
20260520_234952,20260520,Lambeth,1370,2900.0,3368.6532846715327,75.0,35000.0,3000.0,3676.7390134529146,1115,bills,Unknown
20260520_234952,20260520,Lambeth,58,1325.0,2083.0344827586205,800.0,6800.0,1326.0,2235.488888888889,45,bills,Bills included
20260520_234952,20260520,Lambeth,1393,2860.0,3330.1012203876526,75.0,35000.0,3000.0,3641.8848538529674,1129,build_to_rent,Not build to rent
20260520_234952,20260520,Lambeth,35,2675.0,2772.5714285714284,1395.0,4320.0,2700.0,2853.967741935484,31,build_to_rent,Build to rent
20260520_234952,20260520,Lambeth,1381,2900.0,3341.091962346126,75.0,35000.0,3000.0,3639.6001780943902,1123,deposit,Deposit listed
20260520_234952,20260520,Lambeth,47,2500.0,2591.978723404255,950.0,7500.0,2769.0,3051.0810810810813,37,deposit,Zero deposit
20260520_234952,20260520,Lambeth,813,3033.0,3493.512915129151,800.0,22013.0,3455.0,3948.3810316139766,601,furnish_type,Furnished
20260520_234952,20260520,Lambeth,288,2500.0,3011.6805555555557,120.0,22750.0,2382.5,2843.5187969924814,266,furnish_type,Unfurnished
20260520_234952,20260520,Lambeth,135,2500.0,3337.340740740741,75.0,35000.0,2712.0,3787.0672268907565,119,furnish_type,Ask agent
20260520_234952,20260520,Lambeth,101,2500.0,2764.0,950.0,8500.0,2538.0,3134.550561797753,89,furnish_type,Part furnished
20260520_234952,20260520,Lambeth,91,2600.0,3281.054945054945,1100.0,17000.0,2884.0,4013.788235294118,85,furnish_type,"Furnished or unfurnished, landlord is flexible"
20260520_234952,20260520,Lambeth,1285,2800.0,3264.4404669260703,75.0,35000.0,2885.0,3564.7988721804513,1064,investment_opportunity,Unknown
20260520_234952,20260520,Lambeth,143,3245.0,3783.671328671329,900.0,17498.0,3740.0,4241.822916666667,96,investment_opportunity,Investment opportunity
20260520_234952,20260520,Lambeth,1428,2850.0,3316.4362745098038,75.0,35000.0,2997.0,3620.8284482758622,1160,let_type,Unknown
20260520_234952,20260520,Lambeth,925,2500.0,2801.981621621622,75.0,22750.0,2625.0,2979.723821989529,764,luxury,Unknown
20260520_234952,20260520,Lambeth,503,3500.0,4262.500994035785,800.0,35000.0,3865.0,4857.707070707071,396,luxury,Luxury
20260520_234952,20260520,Lambeth,1428,2850.0,3316.4362745098038,75.0,35000.0,2997.0,3620.8284482758622,1160,online_viewings,No online viewing flag
20260520_234952,20260520,Lambeth,1331,2900.0,3367.9173553719006,75.0,35000.0,3000.0,3702.7579439252336,1070,pets,Unknown
20260520_234952,20260520,Lambeth,62,2915.0,2899.3064516129034,950.0,5990.0,2700.0,2902.160714285714,56,pets,Pets mentioned
20260520_234952,20260520,Lambeth,35,2250.0,2097.6,800.0,3800.0,2307.5,2226.1470588235293,34,pets,No pets
20260520_234952,20260520,Lambeth,1050,2900.0,3428.461904761905,120.0,35000.0,3000.0,3795.1146572104017,846,price_reduced,Not reduced
20260520_234952,20260520,Lambeth,378,2750.0,3005.253968253968,75.0,21667.0,2884.0,3151.2547770700635,314,price_reduced,Price reduced
20260520_234952,20260520,Lambeth,640,2600.0,3009.4515625,1200.0,21667.0,2769.0,3201.7513321492006,563,property_type,Flat
20260520_234952,20260520,Lambeth,518,3174.0,3776.8880308880307,1175.0,35000.0,3500.0,4349.547683923705,367,property_type,Apartment
20260520_234952,20260520,Lambeth,64,1533.5,1936.65625,1000.0,4117.0,1500.0,1671.9333333333334,45,property_type,Studio
20260520_234952,20260520,Lambeth,40,2622.5,2704.325,950.0,6500.0,2769.0,2547.3714285714286,35,property_type,Maisonette
20260520_234952,20260520,Lambeth,36,4075.0,4213.194444444444,950.0,9000.0,4211.0,4606.542857142857,35,property_type,Terraced
20260520_234952,20260520,Lambeth,23,4800.0,5699.913043478261,1400.0,17498.0,5504.0,5680.454545454545,22,property_type,House
20260520_234952,20260520,Lambeth,20,950.0,1011.0,800.0,1450.0,1000.0,1007.2631578947369,19,property_type,House Share
20260520_234952,20260520,Lambeth,18,4375.0,5576.5,2100.0,17000.0,5077.0,6350.470588235294,17,property_type,Semi-Detached
20260520_234952,20260520,Lambeth,15,1101.0,1124.6,800.0,1999.0,1000.0,1050.3333333333333,9,property_type,Flat Share
20260520_234952,20260520,Lambeth,13,2150.0,2501.923076923077,600.0,6550.0,2274.0,2214.9166666666665,12,property_type,Not Specified
20260520_234952,20260520,Lambeth,9,2100.0,2172.222222222222,1375.0,3150.0,2105.5,1968.5,8,property_type,Ground Flat
20260520_234952,20260520,Lambeth,7,6750.0,7057.142857142857,1750.0,17500.0,8653.0,9177.714285714286,7,property_type,Penthouse
20260520_234952,20260520,Lambeth,6,5250.0,5775.0,1800.0,10000.0,6404.0,6278.666666666667,6,property_type,End of Terrace
20260520_234952,20260520,Lambeth,5,3500.0,5359.8,1800.0,15000.0,3442.0,8298.0,4,property_type,Detached
20260520_234952,20260520,Lambeth,4,1010.0,1565.5,75.0,4167.0,1165.0,1165.0,2,property_type,Parking
20260520_234952,20260520,Lambeth,2,2375.0,2375.0,1750.0,3000.0,2740.0,2740.0,2,property_type,Duplex
20260520_234952,20260520,Lambeth,2,2975.0,2975.0,2500.0,3450.0,2885.0,2885.0,1,property_type,Retirement Property
20260520_234952,20260520,Lambeth,2,3000.0,3000.0,2500.0,3500.0,3461.0,3461.0,2,property_type,Town House
20260520_234952,20260520,Lambeth,1,3300.0,3300.0,3300.0,3300.0,3807.0,3807.0,1,property_type,Bungalow
20260520_234952,20260520,Lambeth,1,2250.0,2250.0,2250.0,2250.0,2597.0,2597.0,1,property_type,Link Detached House
20260520_234952,20260520,Lambeth,1,7000.0,7000.0,7000.0,7000.0,9692.0,9692.0,1,property_type,Mews
20260520_234952,20260520,Lambeth,1,2600.0,2600.0,2600.0,2600.0,3000.0,3000.0,1,property_type,Triplex
20260520_234952,20260520,Lambeth,1289,2930.0,3410.1543832428238,75.0,35000.0,3000.0,3722.1537726838587,1047,student_suitable,Not student suitable
20260520_234952,20260520,Lambeth,139,2200.0,2447.3525179856115,835.0,7000.0,2538.0,2682.0,113,student_suitable,Student suitable
20260520_234952,20260520,Lambeth,1381,2900.0,3341.091962346126,75.0,35000.0,3000.0,3639.6001780943902,1123,zero_deposit,Unknown
20260520_234952,20260520,Lambeth,47,2500.0,2591.978723404255,950.0,7500.0,2769.0,3051.0810810810813,37,zero_deposit,Zero deposit
20260520_234952,20260520,Lewisham,238,1550.0,1515.546218487395,625.0,3033.0,1725.0,1485.2275132275133,189,bedrooms,1 bed
20260520_234952,20260520,Lewisham,192,2100.0,2154.9635416666665,1079.0,4195.0,2307.0,2223.1528662420383,157,bedrooms,2 bed
20260520_234952,20260520,Lewisham,106,2675.0,2677.490566037736,715.0,5200.0,3000.0,2876.2705882352943,85,bedrooms,3 bed
20260520_234952,20260520,Lewisham,66,1250.0,1292.621212121212,750.0,2295.0,1412.0,1353.7916666666667,48,bedrooms,Studio / 0 bed
20260520_234952,20260520,Lewisham,24,3600.0,3583.75,2500.0,4767.0,3865.0,3413.2,20,bedrooms,4 bed
20260520_234952,20260520,Lewisham,20,3825.0,4008.8,728.0,12000.0,4384.0,4574.294117647059,17,bedrooms,5+ bed
20260520_234952,20260520,Lewisham,542,2000.0,2141.970479704797,695.0,12000.0,2135.0,2234.927107061503,439,bills,Unknown
20260520_234952,20260520,Lewisham,104,1020.0,1430.9423076923076,625.0,6200.0,980.0,1351.974025974026,77,bills,Bills included
20260520_234952,20260520,Lewisham,603,1850.0,1995.8988391376452,625.0,12000.0,2019.0,2095.358452138493,491,build_to_rent,Not build to rent
20260520_234952,20260520,Lewisham,43,2365.0,2470.6744186046512,1750.0,4475.0,2370.0,2256.56,25,build_to_rent,Build to rent
20260520_234952,20260520,Lewisham,587,1900.0,2048.2385008517886,625.0,12000.0,2048.0,2128.9957983193276,476,deposit,Deposit listed
20260520_234952,20260520,Lewisham,59,1800.0,1821.1864406779662,695.0,3720.0,1921.5,1795.825,40,deposit,Zero deposit
20260520_234952,20260520,Lewisham,276,1946.0,2032.373188405797,625.0,12000.0,2076.0,2071.3798076923076,208,furnish_type,Furnished
20260520_234952,20260520,Lewisham,230,1825.0,2041.986956521739,800.0,5000.0,2019.0,2193.978723404255,188,furnish_type,Unfurnished
20260520_234952,20260520,Lewisham,48,1850.0,2042.7708333333333,700.0,5200.0,1849.5,1832.5,40,furnish_type,Ask agent
20260520_234952,20260520,Lewisham,48,1812.5,1975.7916666666667,685.0,3500.0,2019.0,2142.170731707317,41,furnish_type,"Furnished or unfurnished, landlord is flexible"
20260520_234952,20260520,Lewisham,44,1947.5,1960.9772727272727,900.0,3995.0,2192.0,2071.5641025641025,39,furnish_type,Part furnished
20260520_234952,20260520,Lewisham,599,1900.0,2034.761268781302,625.0,12000.0,2076.0,2150.472049689441,483,investment_opportunity,Unknown
20260520_234952,20260520,Lewisham,47,1902.0,1934.9787234042553,650.0,4195.0,980.0,1410.8181818181818,33,investment_opportunity,Investment opportunity
20260520_234952,20260520,Lewisham,646,1900.0,2027.501547987616,625.0,12000.0,2019.0,2103.1686046511627,516,let_type,Unknown
20260520_234952,20260520,Lewisham,541,1850.0,1987.6617375231053,625.0,12000.0,1997.5,2048.6105990783412,434,luxury,Unknown
20260520_234952,20260520,Lewisham,105,2100.0,2232.7714285714287,875.0,4767.0,2335.0,2391.9268292682927,82,luxury,Luxury
20260520_234952,20260520,Lewisham,646,1900.0,2027.501547987616,625.0,12000.0,2019.0,2103.1686046511627,516,online_viewings,No online viewing flag
20260520_234952,20260520,Lewisham,563,1850.0,2017.0088809946715,625.0,12000.0,2019.0,2105.1659292035397,452,pets,Unknown
20260520_234952,20260520,Lewisham,50,2367.5,2479.4,1295.0,4475.0,2367.5,2477.8888888888887,36,pets,Pets mentioned
20260520_234952,20260520,Lewisham,33,1225.0,1521.8181818181818,685.0,3950.0,1350.0,1589.142857142857,28,pets,No pets
20260520_234952,20260520,Lewisham,463,1995.0,2127.047516198704,650.0,12000.0,2076.0,2194.0164383561646,365,price_reduced,Not reduced
20260520_234952,20260520,Lewisham,183,1750.0,1775.6448087431695,625.0,6200.0,1904.0,1883.569536423841,151,price_reduced,Price reduced
20260520_234952,20260520,Lewisham,287,1850.0,1998.574912891986,795.0,4475.0,2076.0,2141.6192468619247,239,property_type,Flat
20260520_234952,20260520,Lewisham,131,2100.0,2160.206106870229,1000.0,4475.0,2192.0,2202.949494949495,99,property_type,Apartment
20260520_234952,20260520,Lewisham,46,862.5,904.7826086956521,625.0,1540.0,923.0,838.4615384615385,39,property_type,House Share
20260520_234952,20260520,Lewisham,37,2600.0,2843.5405405405404,1750.0,5200.0,2884.0,2845.2258064516127,31,property_type,Terraced
20260520_234952,20260520,Lewisham,28,971.0,1098.5714285714287,685.0,1946.0,760.0,483.15384615384613,13,property_type,Flat Share
20260520_234952,20260520,Lewisham,25,1250.0,1297.96,750.0,1820.0,1440.0,1413.6666666666667,21,property_type,Studio
20260520_234952,20260520,Lewisham,22,1997.5,2047.090909090909,800.0,5200.0,2134.0,2025.3684210526317,19,property_type,Maisonette
20260520_234952,20260520,Lewisham,17,2800.0,3173.529411764706,2200.0,5300.0,3230.0,3251.3333333333335,15,property_type,Semi-Detached
20260520_234952,20260520,Lewisham,14,2600.0,2892.5,2200.0,4000.0,3144.0,3191.6666666666665,12,property_type,End of Terrace
20260520_234952,20260520,Lewisham,14,2625.0,2855.3571428571427,825.0,5600.0,3201.5,3406.4166666666665,12,property_type,House
20260520_234952,20260520,Lewisham,8,1750.0,1694.125,1300.0,2058.0,1500.0,1323.3333333333333,3,property_type,Ground Flat
20260520_234952,20260520,Lewisham,4,1776.0,1788.0,850.0,2750.0,725.0,1155.75,4,property_type,Not Specified
20260520_234952,20260520,Lewisham,3,6200.0,6950.0,2650.0,12000.0,5617.0,5617.0,2,property_type,Detached
20260520_234952,20260520,Lewisham,3,950.0,950.0,900.0,1000.0,1096.0,1095.6666666666667,3,property_type,House of Multiple Occupation
20260520_234952,20260520,Lewisham,1,2000.0,2000.0,2000.0,2000.0,,,0,property_type,Cottage
20260520_234952,20260520,Lewisham,1,3300.0,3300.0,3300.0,3300.0,,,0,property_type,Duplex
20260520_234952,20260520,Lewisham,1,2800.0,2800.0,2800.0,2800.0,3230.0,3230.0,1,property_type,Ground Maisonette
20260520_234952,20260520,Lewisham,1,3500.0,3500.0,3500.0,3500.0,4038.0,4038.0,1,property_type,Mews
20260520_234952,20260520,Lewisham,1,1400.0,1400.0,1400.0,1400.0,1615.0,1615.0,1,property_type,Parking
20260520_234952,20260520,Lewisham,1,2292.0,2292.0,2292.0,2292.0,0.0,0.0,1,property_type,Private Halls
20260520_234952,20260520,Lewisham,1,3995.0,3995.0,3995.0,3995.0,,,0,property_type,Town House
20260520_234952,20260520,Lewisham,509,1900.0,2034.4223968565816,625.0,12000.0,2076.0,2142.968137254902,408,student_suitable,Not student suitable
20260520_234952,20260520,Lewisham,137,1795.0,2001.7883211678832,685.0,5600.0,1750.0,1952.8148148148148,108,student_suitable,Student suitable
20260520_234952,20260520,Lewisham,587,1900.0,2048.2385008517886,625.0,12000.0,2048.0,2128.9957983193276,476,zero_deposit,Unknown
20260520_234952,20260520,Lewisham,59,1800.0,1821.1864406779662,695.0,3720.0,1921.5,1795.825,40,zero_deposit,Zero deposit
20260520_234952,20260520,Merton,146,2362.5,2871.917808219178,900.0,23833.0,2538.0,2539.780303030303,132,bedrooms,2 bed
20260520_234952,20260520,Merton,117,2850.0,4175.418803418804,810.0,28167.0,2884.0,2985.2115384615386,104,bedrooms,3 bed
20260520_234952,20260520,Merton,108,1700.0,1753.6759259259259,600.0,11267.0,1730.0,1606.1313131313132,99,bedrooms,1 bed
20260520_234952,20260520,Merton,68,3825.0,4862.661764705882,900.0,26000.0,4039.0,4502.847457627118,59,bedrooms,4 bed
20260520_234952,20260520,Merton,49,10750.0,12290.387755102041,979.0,40083.0,9000.0,12553.0,42,bedrooms,5+ bed
20260520_234952,20260520,Merton,17,1350.0,3741.6470588235293,800.0,22864.0,1557.0,1724.0,14,bedrooms,Studio / 0 bed
20260520_234952,20260520,Merton,466,2600.0,4342.832618025751,750.0,40083.0,2612.5,3764.8301435406697,418,bills,Unknown
20260520_234952,20260520,Merton,38,925.0,1788.3947368421052,600.0,5500.0,923.0,1501.6451612903227,31,bills,Bills included
20260520_234952,20260520,Merton,1,2000.0,2000.0,2000.0,2000.0,1500.0,1500.0,1,bills,Bills excluded
20260520_234952,20260520,Merton,505,2550.0,4145.978217821782,600.0,40083.0,2596.0,3603.8888888888887,450,build_to_rent,Not build to rent
20260520_234952,20260520,Merton,495,2600.0,4188.422222222222,600.0,40083.0,2596.0,3638.981859410431,441,deposit,Deposit listed
20260520_234952,20260520,Merton,9,2000.0,1961.111111111111,950.0,3250.0,2134.0,1884.3333333333333,9,deposit,Zero deposit
20260520_234952,20260520,Merton,1,2800.0,2800.0,2800.0,2800.0,,,0,deposit,Deposit not listed
20260520_234952,20260520,Merton,252,2650.0,3731.222222222222,1250.0,18000.0,2769.0,4148.905579399142,233,furnish_type,Unfurnished
20260520_234952,20260520,Merton,110,2150.0,4779.818181818182,700.0,40083.0,2019.0,2315.9,90,furnish_type,Furnished
20260520_234952,20260520,Merton,64,3000.0,5472.28125,700.0,26000.0,2885.0,2953.8596491228072,57,furnish_type,Ask agent
20260520_234952,20260520,Merton,43,2250.0,3535.813953488372,600.0,23500.0,2480.0,3566.675675675676,37,furnish_type,Part furnished
20260520_234952,20260520,Merton,35,2200.0,3503.0,750.0,20000.0,2538.0,4432.939393939394,33,furnish_type,"Furnished or unfurnished, landlord is flexible"
20260520_234952,20260520,Merton,1,2800.0,2800.0,2800.0,2800.0,,,0,furnish_type,Unknown
20260520_234952,20260520,Merton,481,2600.0,4209.530145530145,600.0,40083.0,2597.0,3656.9345794392525,428,investment_opportunity,Unknown
20260520_234952,20260520,Merton,24,2199.0,2872.2916666666665,800.0,10750.0,2423.0,2571.909090909091,22,investment_opportunity,Investment opportunity
20260520_234952,20260520,Merton,505,2550.0,4145.978217821782,600.0,40083.0,2596.0,3603.8888888888887,450,let_type,Unknown
20260520_234952,20260520,Merton,439,2500.0,3377.282460136674,600.0,28167.0,2596.0,3150.8807106598983,394,luxury,Unknown
20260520_234952,20260520,Merton,66,4000.0,9258.969696969696,850.0,40083.0,2552.5,6791.125,56,luxury,Luxury
20260520_234952,20260520,Merton,505,2550.0,4145.978217821782,600.0,40083.0,2596.0,3603.8888888888887,450,online_viewings,No online viewing flag
20260520_234952,20260520,Merton,487,2550.0,4174.055441478439,600.0,40083.0,2596.0,3599.678983833718,433,pets,Unknown
20260520_234952,20260520,Merton,10,1675.0,2312.9,750.0,5500.0,1550.0,1914.4444444444443,9,pets,No pets
20260520_234952,20260520,Merton,8,2662.5,4728.125,1650.0,16500.0,2870.0,5732.375,8,pets,Pets mentioned
20260520_234952,20260520,Merton,346,2600.0,4290.28323699422,600.0,35750.0,2596.0,3506.7831715210355,309,price_reduced,Not reduced
20260520_234952,20260520,Merton,159,2500.0,3831.9559748427673,700.0,40083.0,2567.0,3816.695035460993,141,price_reduced,Price reduced
20260520_234952,20260520,Merton,184,2250.0,2599.9347826086955,1250.0,8667.0,2480.0,2518.936416184971,173,property_type,Flat
20260520_234952,20260520,Merton,62,3500.0,6568.4838709677415,700.0,40083.0,3231.0,4167.036363636364,55,property_type,House
20260520_234952,20260520,Merton,61,2100.0,2632.344262295082,1350.0,23833.0,2250.0,2150.754385964912,57,property_type,Apartment
20260520_234952,20260520,Merton,61,3700.0,4463.0327868852455,1850.0,26000.0,3116.0,3646.5636363636363,55,property_type,Terraced
20260520_234952,20260520,Merton,28,2625.0,3132.1785714285716,1550.0,10833.0,2769.0,2607.5,24,property_type,Maisonette
20260520_234952,20260520,Merton,27,4950.0,7625.148148148148,2400.0,21667.0,5712.0,7526.761904761905,21,property_type,Semi-Detached
20260520_234952,20260520,Merton,21,12500.0,13612.47619047619,800.0,35750.0,16957.5,17963.666666666668,18,property_type,Detached
20260520_234952,20260520,Merton,20,825.0,841.95,700.0,979.0,900.0,933.3333333333334,15,property_type,House Share
20260520_234952,20260520,Merton,15,3750.0,5096.666666666667,1950.0,26000.0,2539.0,2693.6923076923076,13,property_type,End of Terrace
20260520_234952,20260520,Merton,9,1350.0,1382.7777777777778,1150.0,1550.0,1553.5,1512.25,8,property_type,Studio
20260520_234952,20260520,Merton,4,11766.5,11953.25,1416.0,22864.0,4057.5,4057.5,2,property_type,Not Specified
20260520_234952,20260520,Merton,3,1650.0,1915.0,1595.0,2500.0,1871.5,1871.5,2,property_type,Ground Flat
20260520_234952,20260520,Merton,3,3250.0,3333.3333333333335,2750.0,4000.0,3461.5,3461.5,2,property_type,Town House
20260520_234952,20260520,Merton,2,675.0,675.0,600.0,750.0,692.0,692.0,1,property_type,Flat Share
20260520_234952,20260520,Merton,2,2900.0,2900.0,2800.0,3000.0,3345.5,3345.5,2,property_type,Ground Maisonette
20260520_234952,20260520,Merton,2,1025.0,1025.0,950.0,1100.0,1182.5,1182.5,2,property_type,House of Multiple Occupation
20260520_234952,20260520,Merton,1,17333.0,17333.0,17333.0,17333.0,,,0,property_type,Cottage
20260520_234952,20260520,Merton,469,2600.0,4223.471215351812,600.0,40083.0,2597.0,3663.3421686746988,415,student_suitable,Not student suitable
20260520_234952,20260520,Merton,36,2142.5,3136.4166666666665,700.0,20833.0,2195.0,2898.942857142857,35,student_suitable,Student suitable
20260520_234952,20260520,Merton,496,2600.0,4185.622983870968,600.0,40083.0,2596.0,3638.981859410431,441,zero_deposit,Unknown
20260520_234952,20260520,Merton,9,2000.0,1961.111111111111,950.0,3250.0,2134.0,1884.3333333333333,9,zero_deposit,Zero deposit
20260520_234952,20260520,Newham,391,2400.0,2448.8849104859337,1500.0,7000.0,2539.0,2572.7932203389832,295,bedrooms,2 bed
20260520_234952,20260520,Newham,318,1939.0,1945.1761006289307,560.0,4500.0,2076.0,1894.6168224299065,214,bedrooms,1 bed
20260520_234952,20260520,Newham,175,2695.0,2980.4685714285715,1850.0,17767.0,2885.0,3011.223880597015,134,bedrooms,3 bed
20260520_234952,20260520,Newham,67,1800.0,1701.134328358209,150.0,3500.0,1875.0,1799.3170731707316,41,bedrooms,Studio / 0 bed
20260520_234952,20260520,Newham,59,3000.0,3310.423728813559,698.0,8990.0,3230.0,3322.1666666666665,48,bedrooms,4 bed
20260520_234952,20260520,Newham,20,3400.0,3416.4,724.0,7497.0,3923.0,3844.0,17,bedrooms,5+ bed
20260520_234952,20260520,Newham,975,2300.0,2454.331282051282,150.0,17767.0,2538.0,2528.2078651685392,712,bills,Unknown
20260520_234952,20260520,Newham,53,1000.0,1447.4150943396226,698.0,5500.0,1050.0,1713.4571428571428,35,bills,Bills included
20260520_234952,20260520,Newham,2,2797.5,2797.5,2100.0,3495.0,3227.5,3227.5,2,bills,Bills excluded
20260520_234952,20260520,Newham,881,2250.0,2364.2258796821793,150.0,17767.0,2481.0,2481.483098591549,710,build_to_rent,Not build to rent
20260520_234952,20260520,Newham,149,2500.0,2633.5436241610737,1450.0,6500.0,2711.0,2683.5128205128203,39,build_to_rent,Build to rent
20260520_234952,20260520,Newham,945,2300.0,2400.1925925925925,150.0,17767.0,2509.0,2493.524017467249,687,deposit,Deposit listed
20260520_234952,20260520,Newham,85,2300.0,2436.458823529412,1000.0,5050.0,2480.5,2475.1451612903224,62,deposit,Zero deposit
20260520_234952,20260520,Newham,589,2300.0,2414.4634974533105,560.0,17767.0,2540.0,2592.23600973236,411,furnish_type,Furnished
20260520_234952,20260520,Newham,180,2270.0,2367.4444444444443,250.0,7999.0,2423.0,2376.6615384615384,130,furnish_type,Unfurnished
20260520_234952,20260520,Newham,124,2200.0,2446.9919354838707,150.0,8990.0,2308.0,2238.064814814815,108,furnish_type,Ask agent
20260520_234952,20260520,Newham,76,2300.0,2384.3026315789475,1250.0,5750.0,2494.5,2493.125,64,furnish_type,Part furnished
20260520_234952,20260520,Newham,61,2200.0,2334.2295081967213,875.0,6500.0,2451.5,2524.0,36,furnish_type,"Furnished or unfurnished, landlord is flexible"
20260520_234952,20260520,Newham,928,2300.0,2436.5991379310344,250.0,17767.0,2538.0,2512.7138554216867,664,investment_opportunity,Unknown
20260520_234952,20260520,Newham,102,2124.5,2099.1862745098038,150.0,4650.0,2307.0,2330.211764705882,85,investment_opportunity,Investment opportunity
20260520_234952,20260520,Newham,1030,2300.0,2403.185436893204,150.0,17767.0,2509.0,2492.0026702269693,749,let_type,Unknown
20260520_234952,20260520,Newham,700,2201.0,2283.2885714285712,150.0,7497.0,2424.0,2385.5732368896925,553,luxury,Unknown
20260520_234952,20260520,Newham,330,2432.5,2657.512121212121,250.0,17767.0,2671.0,2792.285714285714,196,luxury,Luxury
20260520_234952,20260520,Newham,1030,2300.0,2403.185436893204,150.0,17767.0,2509.0,2492.0026702269693,749,online_viewings,No online viewing flag
20260520_234952,20260520,Newham,874,2256.5,2378.600686498856,150.0,17767.0,2480.0,2483.033639143731,654,pets,Unknown
20260520_234952,20260520,Newham,128,2547.5,2689.859375,1150.0,6500.0,2763.0,2746.394366197183,71,pets,Pets mentioned
20260520_234952,20260520,Newham,28,1997.5,1860.0714285714287,698.0,5500.0,2200.0,1983.8333333333333,24,pets,No pets
20260520_234952,20260520,Newham,753,2350.0,2472.5949535192563,150.0,17767.0,2538.0,2534.9812030075186,532,price_reduced,Not reduced
20260520_234952,20260520,Newham,277,2150.0,2214.5018050541516,250.0,8990.0,2424.0,2386.6359447004606,217,price_reduced,Price reduced
20260520_234952,20260520,Newham,418,2249.5,2451.004784688995,880.0,17767.0,2423.0,2521.6432748538014,342,property_type,Flat
20260520_234952,20260520,Newham,356,2350.0,2416.4691011235955,1500.0,6000.0,2596.0,2609.8855721393033,201,property_type,Apartment
20260520_234952,20260520,Newham,94,2500.0,2770.6382978723404,750.0,7497.0,2826.0,2668.617283950617,81,property_type,Terraced
20260520_234952,20260520,Newham,31,1842.0,1775.225806451613,1000.0,2550.0,1730.0,1792.764705882353,17,property_type,Studio
20260520_234952,20260520,Newham,30,907.5,956.1666666666666,650.0,1350.0,900.0,1314.4,25,property_type,House Share
20260520_234952,20260520,Newham,29,2400.0,2774.310344827586,1900.0,6200.0,2519.0,2504.285714285714,28,property_type,House
20260520_234952,20260520,Newham,15,880.0,970.9333333333333,698.0,1473.0,900.0,982.2857142857143,7,property_type,Flat Share
20260520_234952,20260520,Newham,12,2620.0,2838.1666666666665,1995.0,4800.0,2988.0,3161.1111111111113,9,property_type,End of Terrace
20260520_234952,20260520,Newham,10,2925.0,3824.4,2150.0,7999.0,2884.0,3155.8888888888887,9,property_type,Semi-Detached
20260520_234952,20260520,Newham,7,2250.0,2683.5714285714284,1995.0,4995.0,2596.0,2942.4285714285716,7,property_type,Maisonette
20260520_234952,20260520,Newham,7,2500.0,2542.8571428571427,1750.0,3500.0,2150.0,1980.142857142857,7,property_type,Penthouse
20260520_234952,20260520,Newham,5,1850.0,1920.0,1250.0,2600.0,2115.5,2020.25,4,property_type,Ground Flat
20260520_234952,20260520,Newham,5,3950.0,4160.0,3300.0,5200.0,4600.0,5375.333333333333,3,property_type,Town House
20260520_234952,20260520,Newham,3,250.0,250.0,150.0,350.0,344.0,344.0,2,property_type,Parking
20260520_234952,20260520,Newham,2,1530.0,1530.0,560.0,2500.0,259.0,259.0,1,property_type,Detached
20260520_234952,20260520,Newham,2,925.0,925.0,850.0,1000.0,1066.5,1066.5,2,property_type,House of Multiple Occupation
20260520_234952,20260520,Newham,2,1562.5,1562.5,625.0,2500.0,360.5,360.5,2,property_type,Not Specified
20260520_234952,20260520,Newham,1,3000.0,3000.0,3000.0,3000.0,3461.0,3461.0,1,property_type,Duplex
20260520_234952,20260520,Newham,1,250.0,250.0,250.0,250.0,250.0,250.0,1,property_type,Garages
20260520_234952,20260520,Newham,908,2300.0,2434.218061674009,150.0,17767.0,2538.0,2509.2034161490683,644,student_suitable,Not student suitable
20260520_234952,20260520,Newham,122,2125.0,2172.22131147541,700.0,5500.0,2300.0,2386.504761904762,105,student_suitable,Student suitable
20260520_234952,20260520,Newham,945,2300.0,2400.1925925925925,150.0,17767.0,2509.0,2493.524017467249,687,zero_deposit,Unknown
20260520_234952,20260520,Newham,85,2300.0,2436.458823529412,1000.0,5050.0,2480.5,2475.1451612903224,62,zero_deposit,Zero deposit
20260520_234952,20260520,Redbridge,157,1850.0,1880.7261146496814,1200.0,2700.0,2076.0,2079.65873015873,126,bedrooms,2 bed
20260520_234952,20260520,Redbridge,143,1400.0,1440.7552447552448,600.0,7000.0,1500.0,1406.179487179487,117,bedrooms,1 bed
20260520_234952,20260520,Redbridge,88,2350.0,2376.818181818182,1750.0,4000.0,2653.0,2703.014492753623,69,bedrooms,3 bed
20260520_234952,20260520,Redbridge,56,1100.0,1069.8392857142858,150.0,1600.0,1100.0,1060.0227272727273,44,bedrooms,Studio / 0 bed
20260520_234952,20260520,Redbridge,46,2800.0,2852.2608695652175,2300.0,4750.0,3230.0,3267.9210526315787,38,bedrooms,4 bed
20260520_234952,20260520,Redbridge,23,3800.0,3916.2608695652175,2500.0,5500.0,4326.5,4250.1,20,bedrooms,5+ bed
20260520_234952,20260520,Redbridge,461,1850.0,2017.9826464208243,150.0,7000.0,2077.0,2233.0383561643835,365,bills,Unknown
20260520_234952,20260520,Redbridge,51,950.0,1095.313725490196,600.0,2750.0,995.0,1079.8541666666667,48,bills,Bills included
20260520_234952,20260520,Redbridge,1,5500.0,5500.0,5500.0,5500.0,2000.0,2000.0,1,bills,Bills excluded
20260520_234952,20260520,Redbridge,479,1800.0,1925.5469728601252,150.0,7000.0,2019.0,2091.776119402985,402,build_to_rent,Not build to rent
20260520_234952,20260520,Redbridge,34,2049.5,2038.6470588235295,1445.0,2760.0,2295.0,2333.1666666666665,12,build_to_rent,Build to rent
20260520_234952,20260520,Redbridge,485,1800.0,1926.5896907216495,150.0,7000.0,2019.0,2096.069825436409,401,deposit,Deposit listed
20260520_234952,20260520,Redbridge,28,2100.0,2044.8214285714287,725.0,4500.0,2307.0,2182.153846153846,13,deposit,Zero deposit
20260520_234952,20260520,Redbridge,216,1850.0,2045.5787037037037,150.0,4500.0,2142.5,2310.6382978723404,188,furnish_type,Unfurnished
20260520_234952,20260520,Redbridge,137,1500.0,1575.007299270073,595.0,5500.0,1384.0,1481.7272727272727,99,furnish_type,Furnished
20260520_234952,20260520,Redbridge,65,2150.0,2463.153846153846,1000.0,7000.0,2134.0,2637.875,48,furnish_type,Part furnished
20260520_234952,20260520,Redbridge,60,1800.0,1832.0833333333333,185.0,3300.0,2076.0,2096.0754716981132,53,furnish_type,Ask agent
20260520_234952,20260520,Redbridge,35,1850.0,1828.5714285714287,725.0,3500.0,1890.0,1926.576923076923,26,furnish_type,"Furnished or unfurnished, landlord is flexible"
20260520_234952,20260520,Redbridge,449,1800.0,1932.6681514476616,150.0,7000.0,2019.0,2108.3694444444445,360,investment_opportunity,Unknown
20260520_234952,20260520,Redbridge,64,1825.0,1935.671875,595.0,5500.0,1952.0,2034.7962962962963,54,investment_opportunity,Investment opportunity
20260520_234952,20260520,Redbridge,513,1800.0,1933.0428849902535,150.0,7000.0,2019.0,2098.772946859903,414,let_type,Unknown
20260520_234952,20260520,Redbridge,418,1750.0,1869.0837320574162,150.0,7000.0,1961.5,2030.024861878453,362,luxury,Unknown
20260520_234952,20260520,Redbridge,95,2200.0,2214.463157894737,700.0,5500.0,2423.0,2577.3653846153848,52,luxury,Luxury
20260520_234952,20260520,Redbridge,513,1800.0,1933.0428849902535,150.0,7000.0,2019.0,2098.772946859903,414,online_viewings,No online viewing flag
20260520_234952,20260520,Redbridge,453,1800.0,1939.673289183223,150.0,7000.0,2019.0,2127.752659574468,376,pets,Unknown
20260520_234952,20260520,Redbridge,39,1995.0,2072.923076923077,600.0,4499.0,2150.0,2296.235294117647,17,pets,Pets mentioned
20260520_234952,20260520,Redbridge,21,1300.0,1530.2380952380952,600.0,3750.0,1300.0,1420.047619047619,21,pets,No pets
20260520_234952,20260520,Redbridge,373,1800.0,1946.6514745308311,150.0,7000.0,1961.5,2080.855633802817,284,price_reduced,Not reduced
20260520_234952,20260520,Redbridge,140,1850.0,1896.7857142857142,185.0,5500.0,2105.5,2137.9153846153845,130,price_reduced,Price reduced
20260520_234952,20260520,Redbridge,185,1750.0,1762.454054054054,950.0,2760.0,1961.0,1918.4137931034484,145,property_type,Flat
20260520_234952,20260520,Redbridge,70,1797.5,1783.2,680.0,2700.0,1932.0,1930.5185185185185,54,property_type,Apartment
20260520_234952,20260520,Redbridge,58,2500.0,2568.189655172414,1775.0,3900.0,2884.0,2904.591836734694,49,property_type,Terraced
20260520_234952,20260520,Redbridge,39,1100.0,1143.179487179487,675.0,1600.0,1148.0,1160.0645161290322,31,property_type,Studio
20260520_234952,20260520,Redbridge,37,2700.0,2861.864864864865,700.0,4500.0,2900.0,3258.5185185185187,27,property_type,Semi-Detached
20260520_234952,20260520,Redbridge,30,800.0,806.7,595.0,1300.0,800.0,780.4444444444445,27,property_type,House Share
20260520_234952,20260520,Redbridge,23,2400.0,3040.0,1995.0,7000.0,2884.0,3222.75,20,property_type,End of Terrace
20260520_234952,20260520,Redbridge,19,2700.0,2668.684210526316,800.0,5500.0,3115.0,2822.0,19,property_type,House
20260520_234952,20260520,Redbridge,17,1595.0,1993.0588235294117,700.0,4200.0,1476.0,1829.3846153846155,13,property_type,Detached
20260520_234952,20260520,Redbridge,7,1750.0,2328.5714285714284,1550.0,5850.0,1875.0,1918.0,4,property_type,Ground Flat
20260520_234952,20260520,Redbridge,7,1750.0,1807.142857142857,1450.0,2300.0,1903.5,2051.1666666666665,6,property_type,Maisonette
20260520_234952,20260520,Redbridge,4,1775.0,2250.0,1700.0,3750.0,2048.0,2595.75,4,property_type,Not Specified
20260520_234952,20260520,Redbridge,3,1395.0,1456.6666666666667,1350.0,1625.0,1395.0,1540.0,3,property_type,Retirement Property
20260520_234952,20260520,Redbridge,2,1872.5,1872.5,1595.0,2150.0,2160.0,2160.0,2,property_type,Bungalow
20260520_234952,20260520,Redbridge,2,2500.0,2500.0,2000.0,3000.0,2884.0,2884.0,2,property_type,Character Property
20260520_234952,20260520,Redbridge,2,1762.5,1762.5,1750.0,1775.0,2134.5,2134.5,2,property_type,Duplex
20260520_234952,20260520,Redbridge,2,167.5,167.5,150.0,185.0,179.0,179.0,2,property_type,Garages
20260520_234952,20260520,Redbridge,1,895.0,895.0,895.0,895.0,1068.0,1068.0,1,property_type,Barn Conversion
20260520_234952,20260520,Redbridge,1,1450.0,1450.0,1450.0,1450.0,1673.0,1673.0,1,property_type,Chalet
20260520_234952,20260520,Redbridge,1,1000.0,1000.0,1000.0,1000.0,,,0,property_type,Hotel Room
20260520_234952,20260520,Redbridge,1,167.0,167.0,167.0,167.0,,,0,property_type,Parking
20260520_234952,20260520,Redbridge,1,1900.0,1900.0,1900.0,1900.0,2192.0,2192.0,1,property_type,Semi-Detached Bungalow
20260520_234952,20260520,Redbridge,1,2300.0,2300.0,2300.0,2300.0,2650.0,2650.0,1,property_type,Town House
20260520_234952,20260520,Redbridge,474,1800.0,1965.035864978903,150.0,7000.0,2075.5,2153.6329787234044,376,student_suitable,Not student suitable
20260520_234952,20260520,Redbridge,39,1400.0,1544.2051282051282,600.0,4499.0,1508.5,1555.9473684210527,38,student_suitable,Student suitable
20260520_234952,20260520,Redbridge,485,1800.0,1926.5896907216495,150.0,7000.0,2019.0,2096.069825436409,401,zero_deposit,Unknown
20260520_234952,20260520,Redbridge,28,2100.0,2044.8214285714287,725.0,4500.0,2307.0,2182.153846153846,13,zero_deposit,Zero deposit
20260520_234952,20260520,Richmond upon Thames,161,2595.0,2846.658385093168,1675.0,8400.0,2826.0,2909.4755244755243,143,bedrooms,2 bed
20260520_234952,20260520,Richmond upon Thames,132,1750.0,2011.6666666666667,750.0,7887.0,1955.0,1832.6379310344828,116,bedrooms,1 bed
20260520_234952,20260520,Richmond upon Thames,82,3972.5,3927.6951219512193,1900.0,8950.0,3801.0,4266.5352112676055,71,bedrooms,3 bed
20260520_234952,20260520,Richmond upon Thames,57,7750.0,12345.298245614034,953.0,60000.0,9069.0,13615.416666666666,48,bedrooms,5+ bed
20260520_234952,20260520,Richmond upon Thames,51,5000.0,4804.764705882353,1040.0,12500.0,6173.0,6176.613636363636,44,bedrooms,4 bed
20260520_234952,20260520,Richmond upon Thames,28,1372.5,1418.142857142857,185.0,5475.0,1436.0,1346.625,24,bedrooms,Studio / 0 bed
20260520_234952,20260520,Richmond upon Thames,471,2750.0,4057.6985138004247,185.0,60000.0,2769.0,4359.997613365155,419,bills,Unknown
20260520_234952,20260520,Richmond upon Thames,39,2800.0,3136.6666666666665,750.0,8333.0,1084.5,2360.6153846153848,26,bills,Bills included
20260520_234952,20260520,Richmond upon Thames,1,850.0,850.0,850.0,850.0,980.0,980.0,1,bills,Bills excluded
20260520_234952,20260520,Richmond upon Thames,511,2750.0,3981.1272015655577,185.0,60000.0,2769.0,4235.863228699552,446,build_to_rent,Not build to rent
20260520_234952,20260520,Richmond upon Thames,504,2750.0,4006.9265873015875,185.0,60000.0,2769.0,4262.134396355353,439,deposit,Deposit listed
20260520_234952,20260520,Richmond upon Thames,7,1775.0,2123.5714285714284,850.0,4200.0,2048.0,2588.285714285714,7,deposit,Zero deposit
20260520_234952,20260520,Richmond upon Thames,258,2600.0,3851.705426356589,795.0,60000.0,2769.0,4249.326180257511,233,furnish_type,Unfurnished
20260520_234952,20260520,Richmond upon Thames,110,2575.0,3933.090909090909,1000.0,45000.0,2653.0,3741.6481481481483,108,furnish_type,Ask agent
20260520_234952,20260520,Richmond upon Thames,99,3033.0,4083.070707070707,750.0,25000.0,2971.0,4294.132352941177,68,furnish_type,Furnished
20260520_234952,20260520,Richmond upon Thames,24,3022.5,6202.166666666667,185.0,21000.0,3487.0,7599.15,20,furnish_type,"Furnished or unfurnished, landlord is flexible"
20260520_234952,20260520,Richmond upon Thames,20,2250.0,2745.0,1195.0,7000.0,2417.0,3001.176470588235,17,furnish_type,Part furnished
20260520_234952,20260520,Richmond upon Thames,488,2750.0,4006.5696721311474,185.0,60000.0,2763.0,4231.437647058823,425,investment_opportunity,Unknown
20260520_234952,20260520,Richmond upon Thames,23,2350.0,3441.304347826087,1300.0,15000.0,2884.0,4325.428571428572,21,investment_opportunity,Investment opportunity
20260520_234952,20260520,Richmond upon Thames,511,2750.0,3981.1272015655577,185.0,60000.0,2769.0,4235.863228699552,446,let_type,Unknown
20260520_234952,20260520,Richmond upon Thames,403,2500.0,3454.8138957816377,185.0,60000.0,2596.0,3571.487323943662,355,luxury,Unknown
20260520_234952,20260520,Richmond upon Thames,108,3547.5,5945.055555555556,959.0,45000.0,3750.0,6827.659340659341,91,luxury,Luxury
20260520_234952,20260520,Richmond upon Thames,511,2750.0,3981.1272015655577,185.0,60000.0,2769.0,4235.863228699552,446,online_viewings,No online viewing flag
20260520_234952,20260520,Richmond upon Thames,495,2700.0,3838.369696969697,185.0,45000.0,2769.0,4196.011574074074,432,pets,Unknown
20260520_234952,20260520,Richmond upon Thames,11,4750.0,10480.90909090909,1000.0,60000.0,2532.0,6237.777777777777,9,pets,Pets mentioned
20260520_234952,20260520,Richmond upon Thames,5,3000.0,3814.6,990.0,8333.0,3461.0,4075.6,5,pets,No pets
20260520_234952,20260520,Richmond upon Thames,378,2750.0,4223.5291005291,185.0,60000.0,2881.0,4547.546012269939,326,price_reduced,Not reduced
20260520_234952,20260520,Richmond upon Thames,133,2475.0,3292.1954887218044,750.0,16000.0,2682.0,3389.125,120,price_reduced,Price reduced
20260520_234952,20260520,Richmond upon Thames,182,2225.0,2591.5,795.0,8950.0,2301.0,2750.309090909091,165,property_type,Flat
20260520_234952,20260520,Richmond upon Thames,143,2350.0,2990.041958041958,950.0,8400.0,2423.0,2871.470588235294,119,property_type,Apartment
20260520_234952,20260520,Richmond upon Thames,39,3150.0,4311.051282051282,1650.0,15000.0,3458.0,5107.34375,32,property_type,Terraced
20260520_234952,20260520,Richmond upon Thames,36,4500.0,6101.305555555556,1700.0,16000.0,5504.0,7345.46875,32,property_type,Semi-Detached
20260520_234952,20260520,Richmond upon Thames,31,4250.0,4629.8387096774195,1500.0,15000.0,4609.0,5805.586206896552,29,property_type,House
20260520_234952,20260520,Richmond upon Thames,23,12000.0,17959.260869565216,2500.0,60000.0,10188.5,18786.944444444445,18,property_type,Detached
20260520_234952,20260520,Richmond upon Thames,21,2500.0,2713.6666666666665,1325.0,4334.0,2307.0,2455.6315789473683,19,property_type,Maisonette
20260520_234952,20260520,Richmond upon Thames,12,1450.0,1440.0,1095.0,2200.0,1494.0,1423.3636363636363,11,property_type,Studio
20260520_234952,20260520,Richmond upon Thames,9,4750.0,6110.555555555556,1650.0,15000.0,6223.0,7998.888888888889,9,property_type,End of Terrace
20260520_234952,20260520,Richmond upon Thames,4,904.5,887.25,750.0,990.0,969.5,957.75,4,property_type,House Share
20260520_234952,20260520,Richmond upon Thames,3,7000.0,10500.0,2500.0,22000.0,16759.5,16759.5,2,property_type,Link Detached House
20260520_234952,20260520,Richmond upon Thames,2,3625.0,3625.0,3250.0,4000.0,4182.5,4182.5,2,property_type,Cottage
20260520_234952,20260520,Richmond upon Thames,1,2300.0,2300.0,2300.0,2300.0,2653.0,2653.0,1,property_type,Bungalow
20260520_234952,20260520,Richmond upon Thames,1,5000.0,5000.0,5000.0,5000.0,0.0,0.0,1,property_type,Detached Bungalow
20260520_234952,20260520,Richmond upon Thames,1,185.0,185.0,185.0,185.0,,,0,property_type,Garages
20260520_234952,20260520,Richmond upon Thames,1,1040.0,1040.0,1040.0,1040.0,,,0,property_type,Not Specified
20260520_234952,20260520,Richmond upon Thames,1,5475.0,5475.0,5475.0,5475.0,0.0,0.0,1,property_type,Serviced Apartments
20260520_234952,20260520,Richmond upon Thames,1,5200.0,5200.0,5200.0,5200.0,6000.0,6000.0,1,property_type,Town House
20260520_234952,20260520,Richmond upon Thames,482,2725.0,4044.825726141079,185.0,60000.0,2769.0,4329.443396226415,424,student_suitable,Not student suitable
20260520_234952,20260520,Richmond upon Thames,29,2999.0,2922.4137931034484,750.0,8144.0,1961.5,2432.318181818182,22,student_suitable,Student suitable
20260520_234952,20260520,Richmond upon Thames,504,2750.0,4006.9265873015875,185.0,60000.0,2769.0,4262.134396355353,439,zero_deposit,Unknown
20260520_234952,20260520,Richmond upon Thames,7,1775.0,2123.5714285714284,850.0,4200.0,2048.0,2588.285714285714,7,zero_deposit,Zero deposit
20260520_234952,20260520,Southwark,614,3012.5,3330.5325732899023,1700.0,12850.0,3000.0,4006.7529644268775,506,bedrooms,2 bed
20260520_234952,20260520,Southwark,465,2300.0,2438.7075268817202,620.0,8667.0,2192.0,2157.5636363636363,385,bedrooms,1 bed
20260520_234952,20260520,Southwark,195,3500.0,4768.789743589744,1800.0,28167.0,4000.0,5499.81935483871,155,bedrooms,3 bed
20260520_234952,20260520,Southwark,81,1800.0,2030.851851851852,130.0,4200.0,1701.5,1656.6818181818182,66,bedrooms,Studio / 0 bed
20260520_234952,20260520,Southwark,79,4000.0,5128.164556962025,2570.0,30000.0,4400.0,5578.279069767442,43,bedrooms,4 bed
20260520_234952,20260520,Southwark,40,5275.0,5849.75,949.0,17500.0,5763.0,6313.032258064516,31,bedrooms,5+ bed
20260520_234952,20260520,Southwark,1395,2900.0,3393.931182795699,130.0,30000.0,2885.0,3674.7551020408164,1127,bills,Unknown
20260520_234952,20260520,Southwark,79,1600.0,2252.4050632911394,675.0,6500.0,1555.0,1932.4237288135594,59,bills,Bills included
20260520_234952,20260520,Southwark,1422,2850.0,3339.293952180028,130.0,30000.0,2884.0,3599.189581554227,1171,build_to_rent,Not build to rent
20260520_234952,20260520,Southwark,52,3129.5,3153.8076923076924,1600.0,6113.0,2307.0,2720.733333333333,15,build_to_rent,Build to rent
20260520_234952,20260520,Southwark,1421,2850.0,3335.8451794510906,130.0,30000.0,2884.0,3593.3411053540585,1158,deposit,Deposit listed
20260520_234952,20260520,Southwark,52,2705.0,3251.6923076923076,650.0,8200.0,2965.0,3370.464285714286,28,deposit,Zero deposit
20260520_234952,20260520,Southwark,1,3150.0,3150.0,3150.0,3150.0,,,0,deposit,Deposit not listed
20260520_234952,20260520,Southwark,757,2990.0,3399.6433289299866,620.0,30000.0,3173.0,3893.3554757630163,557,furnish_type,Furnished
20260520_234952,20260520,Southwark,412,3000.0,3305.21359223301,130.0,12000.0,2535.5,2653.332474226804,388,furnish_type,Unfurnished
20260520_234952,20260520,Southwark,172,2800.0,3357.8023255813955,130.0,19392.0,2653.0,2800.707142857143,140,furnish_type,Ask agent
20260520_234952,20260520,Southwark,71,2535.0,3245.1971830985917,975.0,17996.0,2336.5,3151.56,50,furnish_type,"Furnished or unfurnished, landlord is flexible"
20260520_234952,20260520,Southwark,62,2475.0,2729.7580645161293,200.0,10000.0,2769.0,9954.764705882353,51,furnish_type,Part furnished
20260520_234952,20260520,Southwark,1355,2850.0,3280.7653136531367,130.0,30000.0,2884.0,3526.5840950639854,1094,investment_opportunity,Unknown
20260520_234952,20260520,Southwark,119,2817.0,3924.6806722689075,650.0,28000.0,2826.5,4319.336956521739,92,investment_opportunity,Investment opportunity
20260520_234952,20260520,Southwark,1474,2850.0,3332.7503392130257,130.0,30000.0,2884.0,3588.079258010118,1186,let_type,Unknown
20260520_234952,20260520,Southwark,1119,2700.0,2969.184092940125,130.0,19200.0,2711.0,3146.6872294372292,924,luxury,Unknown
20260520_234952,20260520,Southwark,355,3450.0,4478.752112676057,699.0,30000.0,3865.0,5144.744274809161,262,luxury,Luxury
20260520_234952,20260520,Southwark,1474,2850.0,3332.7503392130257,130.0,30000.0,2884.0,3588.079258010118,1186,online_viewings,No online viewing flag
20260520_234952,20260520,Southwark,1353,2850.0,3360.1566888396155,130.0,30000.0,2884.0,3642.926497277677,1102,pets,Unknown
20260520_234952,20260520,Southwark,82,2850.0,3176.4756097560976,900.0,7500.0,2653.0,2890.5333333333333,45,pets,Pets mentioned
20260520_234952,20260520,Southwark,39,2999.0,2710.5384615384614,704.0,5200.0,3000.0,2843.153846153846,39,pets,No pets
20260520_234952,20260520,Southwark,1107,2950.0,3366.089430894309,130.0,30000.0,2884.0,3283.602259887006,885,price_reduced,Not reduced
20260520_234952,20260520,Southwark,367,2695.0,3232.1880108991827,675.0,28000.0,2884.0,4483.302325581395,301,price_reduced,Price reduced
20260520_234952,20260520,Southwark,853,2800.0,3200.1828839390387,208.0,19392.0,2711.5,2846.56162464986,714,property_type,Flat
20260520_234952,20260520,Southwark,359,3000.0,3748.4623955431753,950.0,30000.0,3259.0,4575.014981273408,267,property_type,Apartment
20260520_234952,20260520,Southwark,58,4095.0,4023.5344827586205,1350.0,7999.0,4350.0,4378.74,50,property_type,Terraced
20260520_234952,20260520,Southwark,39,2300.0,2351.6923076923076,1209.0,4200.0,1450.0,1705.4137931034484,29,property_type,Studio
20260520_234952,20260520,Southwark,37,3467.0,3191.3513513513512,1400.0,4507.0,2681.0,2566.2727272727275,22,property_type,Maisonette
20260520_234952,20260520,Southwark,26,1162.5,1183.1153846153845,699.0,2201.0,1069.0,992.3181818181819,22,property_type,House Share
20260520_234952,20260520,Southwark,24,3796.0,3952.25,650.0,12000.0,3606.0,3805.1,20,property_type,House
20260520_234952,20260520,Southwark,19,1190.0,1216.7894736842106,620.0,1859.0,704.0,551.0,19,property_type,Flat Share
20260520_234952,20260520,Southwark,10,4625.0,6232.8,3300.0,19950.0,4920.0,7578.875,8,property_type,Penthouse
20260520_234952,20260520,Southwark,10,4125.0,4744.9,2200.0,10000.0,4038.0,3436.3333333333335,9,property_type,Semi-Detached
20260520_234952,20260520,Southwark,8,6250.0,5929.125,1733.0,8500.0,9692.0,8295.8,5,property_type,Detached
20260520_234952,20260520,Southwark,7,2800.0,2793.0,1668.0,3950.0,3230.0,3222.8571428571427,7,property_type,End of Terrace
20260520_234952,20260520,Southwark,4,1599.0,1599.0,1426.0,1772.0,,,0,property_type,Block of Apartments
20260520_234952,20260520,Southwark,4,2425.0,2449.75,1950.0,2999.0,2798.0,2751.5,4,property_type,Ground Flat
20260520_234952,20260520,Southwark,3,3012.0,3137.3333333333335,2450.0,3950.0,1413.0,1413.0,2,property_type,Duplex
20260520_234952,20260520,Southwark,3,130.0,153.33333333333334,130.0,200.0,150.0,166.66666666666666,3,property_type,Parking
20260520_234952,20260520,Southwark,3,5300.0,9333.333333333334,5200.0,17500.0,6000.0,10460.666666666666,3,property_type,Town House
20260520_234952,20260520,Southwark,2,1000.0,1000.0,1000.0,1000.0,,,0,property_type,Hotel Room
20260520_234952,20260520,Southwark,1,3000.0,3000.0,3000.0,3000.0,3461.0,3461.0,1,property_type,Bungalow
20260520_234952,20260520,Southwark,1,2999.0,2999.0,2999.0,2999.0,363462.0,363462.0,1,property_type,Ground Maisonette
20260520_234952,20260520,Southwark,1,1740.0,1740.0,1740.0,1740.0,,,0,property_type,Not Specified
20260520_234952,20260520,Southwark,1,3150.0,3150.0,3150.0,3150.0,,,0,property_type,Off-Plan
20260520_234952,20260520,Southwark,1,1408.0,1408.0,1408.0,1408.0,,,0,property_type,Private Halls
20260520_234952,20260520,Southwark,1232,2900.0,3423.836038961039,130.0,30000.0,2884.0,3782.3774900398407,1004,student_suitable,Not student suitable
20260520_234952,20260520,Southwark,242,2725.0,2869.0413223140495,208.0,7500.0,2566.5,2516.236263736264,182,student_suitable,Student suitable
20260520_234952,20260520,Southwark,1422,2850.0,3335.7144866385374,130.0,30000.0,2884.0,3593.3411053540585,1158,zero_deposit,Unknown
20260520_234952,20260520,Southwark,52,2705.0,3251.6923076923076,650.0,8200.0,2965.0,3370.464285714286,28,zero_deposit,Zero deposit
20260520_234952,20260520,Sutton,120,1825.0,1949.2,1400.0,5000.0,1961.5,1836.82,100,bedrooms,2 bed
20260520_234952,20260520,Sutton,91,1395.0,1366.076923076923,700.0,2400.0,1557.0,1427.6455696202531,79,bedrooms,1 bed
20260520_234952,20260520,Sutton,55,2500.0,2674.0,1800.0,6000.0,2653.0,2422.1153846153848,52,bedrooms,3 bed
20260520_234952,20260520,Sutton,24,962.5,978.5416666666666,175.0,1450.0,1096.0,1098.4761904761904,21,bedrooms,Studio / 0 bed
20260520_234952,20260520,Sutton,14,2800.0,2900.0,2100.0,3500.0,3230.0,2578.230769230769,13,bedrooms,4 bed
20260520_234952,20260520,Sutton,5,4950.0,3710.0,650.0,5000.0,4903.0,4327.25,4,bedrooms,5+ bed
20260520_234952,20260520,Sutton,288,1762.5,1967.576388888889,175.0,6000.0,1903.0,1923.8266129032259,248,bills,Unknown
20260520_234952,20260520,Sutton,21,950.0,1012.3809523809524,650.0,2400.0,1000.0,914.3333333333334,21,bills,Bills included
20260520_234952,20260520,Sutton,300,1735.0,1887.8733333333332,175.0,6000.0,1846.0,1839.112359550562,267,build_to_rent,Not build to rent
20260520_234952,20260520,Sutton,9,2305.0,2395.5555555555557,2120.0,3425.0,2633.5,2633.5,2,build_to_rent,Build to rent
20260520_234952,20260520,Sutton,274,1750.0,1910.0620437956204,175.0,6000.0,1846.0,1831.2521008403362,238,deposit,Deposit listed
20260520_234952,20260520,Sutton,35,1650.0,1844.7142857142858,875.0,3500.0,1905.0,1950.7096774193549,31,deposit,Zero deposit
20260520_234952,20260520,Sutton,180,1750.0,1977.3,950.0,5000.0,1961.0,2009.4464285714287,168,furnish_type,Unfurnished
20260520_234952,20260520,Sutton,48,1350.0,1449.4375,650.0,3425.0,1096.0,1253.8157894736842,38,furnish_type,Furnished
20260520_234952,20260520,Sutton,42,1750.0,2102.7380952380954,175.0,6000.0,1297.5,1597.6875,32,furnish_type,Ask agent
20260520_234952,20260520,Sutton,22,1850.0,1970.4545454545455,800.0,3500.0,1817.0,2020.6818181818182,22,furnish_type,Part furnished
20260520_234952,20260520,Sutton,17,1900.0,1810.0,750.0,2500.0,2250.0,1721.888888888889,9,furnish_type,"Furnished or unfurnished, landlord is flexible"
20260520_234952,20260520,Sutton,263,1750.0,1930.1596958174905,650.0,6000.0,1846.0,1806.2631578947369,228,investment_opportunity,Unknown
20260520_234952,20260520,Sutton,46,1712.5,1745.4347826086957,175.0,3350.0,1990.0,2060.5365853658536,41,investment_opportunity,Investment opportunity
20260520_234952,20260520,Sutton,309,1750.0,1902.6601941747572,175.0,6000.0,1846.0,1845.018587360595,269,let_type,Unknown
20260520_234952,20260520,Sutton,248,1700.0,1869.3064516129032,175.0,6000.0,1828.5,1823.5929203539822,226,luxury,Unknown
20260520_234952,20260520,Sutton,61,1900.0,2038.2622950819673,700.0,3500.0,1962.0,1957.6279069767443,43,luxury,Luxury
20260520_234952,20260520,Sutton,309,1750.0,1902.6601941747572,175.0,6000.0,1846.0,1845.018587360595,269,online_viewings,No online viewing flag
20260520_234952,20260520,Sutton,278,1745.0,1901.7877697841727,175.0,6000.0,1846.0,1829.4878048780488,246,pets,Unknown
20260520_234952,20260520,Sutton,17,2250.0,2209.4117647058824,975.0,5000.0,2019.0,2373.8888888888887,9,pets,Pets mentioned
20260520_234952,20260520,Sutton,14,1525.0,1547.5,725.0,2695.0,1759.5,1777.9285714285713,14,pets,No pets
20260520_234952,20260520,Sutton,227,1700.0,1862.5462555066078,650.0,6000.0,1846.0,1802.0520833333333,192,price_reduced,Not reduced
20260520_234952,20260520,Sutton,82,1850.0,2013.7073170731708,175.0,5000.0,1904.0,1952.155844155844,77,price_reduced,Price reduced
20260520_234952,20260520,Sutton,100,1650.0,1758.93,1100.0,5000.0,1788.0,1759.2183908045977,87,property_type,Flat
20260520_234952,20260520,Sutton,79,1650.0,1763.2278481012659,875.0,3500.0,1846.0,1661.4032258064517,62,property_type,Apartment
20260520_234952,20260520,Sutton,25,2000.0,2156.6,950.0,5000.0,2250.0,1893.5652173913043,23,property_type,Terraced
20260520_234952,20260520,Sutton,20,2500.0,2710.0,1300.0,5000.0,2653.0,2453.2105263157896,19,property_type,Semi-Detached
20260520_234952,20260520,Sutton,16,2300.0,2561.875,1600.0,4950.0,2307.0,2669.4615384615386,13,property_type,House
20260520_234952,20260520,Sutton,13,950.0,943.4615384615385,700.0,1295.0,923.0,846.9230769230769,13,property_type,House Share
20260520_234952,20260520,Sutton,12,962.5,1001.25,750.0,1350.0,1096.0,1118.909090909091,11,property_type,Studio
20260520_234952,20260520,Sutton,9,2400.0,2544.4444444444443,1400.0,5000.0,2192.0,2033.0,9,property_type,End of Terrace
20260520_234952,20260520,Sutton,9,1800.0,1777.7777777777778,1200.0,2600.0,1960.0,1801.4444444444443,9,property_type,Maisonette
20260520_234952,20260520,Sutton,8,3050.0,3037.5,1850.0,5000.0,3518.5,3576.5,8,property_type,Detached
20260520_234952,20260520,Sutton,5,2791.0,2844.8,2335.0,3388.0,2994.5,3148.0,4,property_type,Retirement Property
20260520_234952,20260520,Sutton,4,1375.0,1850.0,1150.0,3500.0,1673.0,2346.0,3,property_type,Ground Flat
20260520_234952,20260520,Sutton,4,750.0,737.5,650.0,800.0,750.0,800.0,4,property_type,House of Multiple Occupation
20260520_234952,20260520,Sutton,2,4650.0,4650.0,3300.0,6000.0,2596.0,2596.0,2,property_type,Bungalow
20260520_234952,20260520,Sutton,1,800.0,800.0,800.0,800.0,923.0,923.0,1,property_type,Flat Share
20260520_234952,20260520,Sutton,1,175.0,175.0,175.0,175.0,,,0,property_type,Garages
20260520_234952,20260520,Sutton,1,1300.0,1300.0,1300.0,1300.0,0.0,0.0,1,property_type,Not Specified
20260520_234952,20260520,Sutton,291,1750.0,1924.680412371134,175.0,6000.0,1850.0,1854.768924302789,251,student_suitable,Not student suitable
20260520_234952,20260520,Sutton,18,1487.5,1546.6666666666667,725.0,2350.0,1586.0,1709.0555555555557,18,student_suitable,Student suitable
20260520_234952,20260520,Sutton,274,1750.0,1910.0620437956204,175.0,6000.0,1846.0,1831.2521008403362,238,zero_deposit,Unknown
20260520_234952,20260520,Sutton,35,1650.0,1844.7142857142858,875.0,3500.0,1905.0,1950.7096774193549,31,zero_deposit,Zero deposit
20260520_234952,20260520,Tower Hamlets,532,3057.5,3211.3251879699246,1750.0,7583.0,3230.5,3325.313953488372,430,bedrooms,2 bed
20260520_234952,20260520,Tower Hamlets,529,2249.0,2278.610586011342,598.0,6977.0,2423.0,2374.0581113801454,413,bedrooms,1 bed
20260520_234952,20260520,Tower Hamlets,150,3200.0,3849.44,901.0,11496.0,3692.0,4364.14406779661,118,bedrooms,3 bed
20260520_234952,20260520,Tower Hamlets,144,1900.0,2086.9861111111113,125.0,5482.0,2192.0,2275.3939393939395,99,bedrooms,Studio / 0 bed
20260520_234952,20260520,Tower Hamlets,60,3483.5,3503.9166666666665,715.0,10000.0,4182.5,4552.325,40,bedrooms,4 bed
20260520_234952,20260520,Tower Hamlets,15,4200.0,3796.9333333333334,767.0,8000.0,5597.0,5749.545454545455,11,bedrooms,5+ bed
20260520_234952,20260520,Tower Hamlets,1334,2700.0,2888.0322338830583,125.0,11496.0,2884.0,3094.1825023518345,1063,bills,Unknown
20260520_234952,20260520,Tower Hamlets,92,1191.5,2152.836956521739,598.0,9750.0,1289.0,2255.0,44,bills,Bills included
20260520_234952,20260520,Tower Hamlets,4,2072.5,2061.25,1400.0,2700.0,1755.0,1901.5,4,bills,Bills excluded
20260520_234952,20260520,Tower Hamlets,1377,2643.0,2833.108206245461,125.0,11496.0,2826.5,3046.0766355140186,1070,build_to_rent,Not build to rent
20260520_234952,20260520,Tower Hamlets,53,2800.0,2976.433962264151,1984.0,6000.0,3174.0,3332.682926829268,41,build_to_rent,Build to rent
20260520_234952,20260520,Tower Hamlets,1392,2643.0,2831.932471264368,125.0,11496.0,2879.5,3054.9411764705883,1088,deposit,Deposit listed
20260520_234952,20260520,Tower Hamlets,38,3031.5,3076.0789473684213,1000.0,6000.0,3230.0,3137.6521739130435,23,deposit,Zero deposit
20260520_234952,20260520,Tower Hamlets,939,2773.0,2875.4685835995742,598.0,11496.0,3059.0,3251.033430232558,688,furnish_type,Furnished
20260520_234952,20260520,Tower Hamlets,212,2400.0,2770.240566037736,653.0,8667.0,2424.0,2577.9538461538464,195,furnish_type,Unfurnished
20260520_234952,20260520,Tower Hamlets,137,2500.0,2774.3649635036495,125.0,10000.0,2575.0,2596.587155963303,109,furnish_type,Ask agent
20260520_234952,20260520,Tower Hamlets,75,2750.0,2949.8533333333335,1650.0,10000.0,2950.0,3294.4262295081967,61,furnish_type,"Furnished or unfurnished, landlord is flexible"
20260520_234952,20260520,Tower Hamlets,67,2400.0,2541.1641791044776,1400.0,7500.0,2682.0,2974.862068965517,58,furnish_type,Part furnished
20260520_234952,20260520,Tower Hamlets,1240,2600.0,2835.4862903225808,125.0,11496.0,2826.0,3019.523469387755,980,investment_opportunity,Unknown
20260520_234952,20260520,Tower Hamlets,190,2800.0,2857.5684210526315,693.0,6600.0,3173.0,3334.4198473282445,131,investment_opportunity,Investment opportunity
20260520_234952,20260520,Tower Hamlets,1430,2650.0,2838.4202797202797,125.0,11496.0,2884.0,3056.6534653465346,1111,let_type,Unknown
20260520_234952,20260520,Tower Hamlets,903,2500.0,2666.2126245847176,125.0,10000.0,2677.0,2867.945714285714,700,luxury,Unknown
20260520_234952,20260520,Tower Hamlets,527,2900.0,3133.493358633776,900.0,11496.0,3230.0,3378.0535279805354,411,luxury,Luxury
20260520_234952,20260520,Tower Hamlets,1430,2650.0,2838.4202797202797,125.0,11496.0,2884.0,3056.6534653465346,1111,online_viewings,No online viewing flag
20260520_234952,20260520,Tower Hamlets,1331,2650.0,2847.855747558227,125.0,11496.0,2850.0,3050.446911196911,1036,pets,Unknown
20260520_234952,20260520,Tower Hamlets,68,2802.5,3043.705882352941,1600.0,6000.0,3225.0,3324.8,55,pets,Pets mentioned
20260520_234952,20260520,Tower Hamlets,31,2100.0,1983.0,715.0,4950.0,2754.5,2640.75,20,pets,No pets
20260520_234952,20260520,Tower Hamlets,1043,2750.0,2918.0143815915626,190.0,10000.0,2966.0,3144.9078455790786,803,price_reduced,Not reduced
20260520_234952,20260520,Tower Hamlets,387,2450.0,2623.906976744186,125.0,11496.0,2729.0,2826.561688311688,308,price_reduced,Price reduced
20260520_234952,20260520,Tower Hamlets,613,2750.0,2906.884176182708,771.0,10000.0,2770.0,2917.4832089552237,536,property_type,Flat
20260520_234952,20260520,Tower Hamlets,562,2752.0,3005.26512455516,900.0,11496.0,3000.0,3282.0975609756097,410,property_type,Apartment
20260520_234952,20260520,Tower Hamlets,70,1925.0,2142.7285714285713,1000.0,5482.0,2192.0,2311.046511627907,43,property_type,Studio
20260520_234952,20260520,Tower Hamlets,60,881.5,973.7666666666667,598.0,1729.0,1038.0,973.3333333333334,15,property_type,Flat Share
20260520_234952,20260520,Tower Hamlets,46,2750.0,2725.217391304348,1600.0,6000.0,2769.0,2970.5641025641025,39,property_type,Maisonette
20260520_234952,20260520,Tower Hamlets,21,3750.0,3843.714285714286,2495.0,7500.0,3997.5,4356.55,20,property_type,Terraced
20260520_234952,20260520,Tower Hamlets,16,3700.0,3955.4375,2231.0,7999.0,3703.5,4164.9375,16,property_type,House
20260520_234952,20260520,Tower Hamlets,12,854.0,876.6666666666666,700.0,1290.0,865.0,778.6,10,property_type,House Share
20260520_234952,20260520,Tower Hamlets,8,3175.0,3981.25,2000.0,10000.0,3663.0,4732.75,8,property_type,Penthouse
20260520_234952,20260520,Tower Hamlets,4,2500.0,2390.0,1750.0,2810.0,3000.0,3004.0,3,property_type,Ground Flat
20260520_234952,20260520,Tower Hamlets,4,4951.0,5413.0,3750.0,8000.0,8000.0,6879.0,3,property_type,Semi-Detached
20260520_234952,20260520,Tower Hamlets,3,3683.0,3627.3333333333335,3000.0,4199.0,5815.0,5815.0,1,property_type,Detached
20260520_234952,20260520,Tower Hamlets,3,1848.0,2333.6666666666665,653.0,4500.0,4154.0,4154.0,1,property_type,Not Specified
20260520_234952,20260520,Tower Hamlets,2,3725.0,3725.0,3250.0,4200.0,4846.0,4846.0,1,property_type,End of Terrace
20260520_234952,20260520,Tower Hamlets,2,157.5,157.5,125.0,190.0,125.0,125.0,1,property_type,Parking
20260520_234952,20260520,Tower Hamlets,1,3000.0,3000.0,3000.0,3000.0,3462.0,3462.0,1,property_type,Duplex
20260520_234952,20260520,Tower Hamlets,1,2750.0,2750.0,2750.0,2750.0,3173.0,3173.0,1,property_type,Ground Maisonette
20260520_234952,20260520,Tower Hamlets,1,800.0,800.0,800.0,800.0,850.0,850.0,1,property_type,House of Multiple Occupation
20260520_234952,20260520,Tower Hamlets,1,4500.0,4500.0,4500.0,4500.0,5192.0,5192.0,1,property_type,Town House
20260520_234952,20260520,Tower Hamlets,1256,2643.0,2837.7396496815286,125.0,11496.0,2877.0,3062.9969450101835,982,student_suitable,Not student suitable
20260520_234952,20260520,Tower Hamlets,174,2776.0,2843.3333333333335,750.0,8000.0,2999.0,3008.3643410852715,129,student_suitable,Student suitable
20260520_234952,20260520,Tower Hamlets,1392,2643.0,2831.932471264368,125.0,11496.0,2879.5,3054.9411764705883,1088,zero_deposit,Unknown
20260520_234952,20260520,Tower Hamlets,38,3031.5,3076.0789473684213,1000.0,6000.0,3230.0,3137.6521739130435,23,zero_deposit,Zero deposit
20260520_234952,20260520,Unknown,16,4528.5,5210.125,1550.0,14083.0,6082.5,6831.785714285715,14,bedrooms,2 bed
20260520_234952,20260520,Unknown,5,2903.0,2533.4,1250.0,3423.0,3625.0,2913.4,5,bedrooms,1 bed
20260520_234952,20260520,Unknown,21,3600.0,4572.809523809524,1250.0,14083.0,3625.0,5800.631578947368,19,bills,Unknown
20260520_234952,20260520,Unknown,21,3600.0,4572.809523809524,1250.0,14083.0,3625.0,5800.631578947368,19,build_to_rent,Not build to rent
20260520_234952,20260520,Unknown,21,3600.0,4572.809523809524,1250.0,14083.0,3625.0,5800.631578947368,19,deposit,Deposit listed
20260520_234952,20260520,Unknown,10,3900.0,5333.3,1900.0,14083.0,4500.0,7076.888888888889,9,furnish_type,Furnished
20260520_234952,20260520,Unknown,5,3423.0,4099.2,2903.0,5872.0,3625.0,4608.0,5,furnish_type,"Furnished or unfurnished, landlord is flexible"
20260520_234952,20260520,Unknown,4,4875.0,4775.0,1550.0,7800.0,5625.0,5509.5,4,furnish_type,Unfurnished
20260520_234952,20260520,Unknown,1,1850.0,1850.0,1850.0,1850.0,,,0,furnish_type,Ask agent
20260520_234952,20260520,Unknown,1,1250.0,1250.0,1250.0,1250.0,1442.0,1442.0,1,furnish_type,Part furnished
20260520_234952,20260520,Unknown,15,3600.0,4901.6,1550.0,14083.0,3625.0,6527.307692307692,13,investment_opportunity,Unknown
20260520_234952,20260520,Unknown,6,3661.5,3750.8333333333335,1250.0,5872.0,4062.5,4226.166666666667,6,investment_opportunity,Investment opportunity
20260520_234952,20260520,Unknown,21,3600.0,4572.809523809524,1250.0,14083.0,3625.0,5800.631578947368,19,let_type,Unknown
20260520_234952,20260520,Unknown,14,2701.5,2924.714285714286,1250.0,5872.0,3461.5,3203.5833333333335,12,luxury,Unknown
20260520_234952,20260520,Unknown,7,7800.0,7869.0,3900.0,14083.0,9346.0,10252.714285714286,7,luxury,Luxury
20260520_234952,20260520,Unknown,21,3600.0,4572.809523809524,1250.0,14083.0,3625.0,5800.631578947368,19,online_viewings,No online viewing flag
20260520_234952,20260520,Unknown,18,3282.0,3793.0,1250.0,7800.0,3625.0,4621.6875,16,pets,Unknown
20260520_234952,20260520,Unknown,3,7800.0,9251.666666666666,5872.0,14083.0,10800.0,12088.333333333334,3,pets,Pets mentioned
20260520_234952,20260520,Unknown,16,3511.5,4423.6875,1550.0,14083.0,3625.0,5428.642857142857,14,price_reduced,Not reduced
20260520_234952,20260520,Unknown,5,6750.0,5050.0,1250.0,7800.0,9346.0,6842.2,5,price_reduced,Price reduced
20260520_234952,20260520,Unknown,9,2903.0,3569.5555555555557,1850.0,6950.0,3625.0,5138.428571428572,7,property_type,Apartment
20260520_234952,20260520,Unknown,7,3600.0,3552.8571428571427,1250.0,5872.0,3600.0,3450.714285714286,7,property_type,Flat
20260520_234952,20260520,Unknown,3,7800.0,7811.0,1550.0,14083.0,10800.0,10696.0,3,property_type,House Boat
20260520_234952,20260520,Unknown,2,7800.0,7800.0,7800.0,7800.0,9000.0,9000.0,2,property_type,Not Specified
20260520_234952,20260520,Unknown,20,3750.0,4676.45,1250.0,14083.0,4062.5,5956.222222222223,18,student_suitable,Not student suitable
20260520_234952,20260520,Unknown,1,2500.0,2500.0,2500.0,2500.0,3000.0,3000.0,1,student_suitable,Student suitable
20260520_234952,20260520,Unknown,21,3600.0,4572.809523809524,1250.0,14083.0,3625.0,5800.631578947368,19,zero_deposit,Unknown
20260520_234952,20260520,Waltham Forest,142,2200.0,2353.3591549295775,1563.0,3900.0,2336.0,2459.4836065573772,122,bedrooms,2 bed
20260520_234952,20260520,Waltham Forest,134,1600.0,1712.7611940298507,477.0,3650.0,1673.0,1709.8415841584158,101,bedrooms,1 bed
20260520_234952,20260520,Waltham Forest,62,2497.5,2549.564516129032,802.0,4650.0,2769.0,2556.964285714286,56,bedrooms,3 bed
20260520_234952,20260520,Waltham Forest,47,1475.0,1518.8695652173913,650.0,2600.0,1413.0,1385.388888888889,18,bedrooms,Studio / 0 bed
20260520_234952,20260520,Waltham Forest,27,2950.0,3002.259259259259,1161.0,4500.0,3403.5,3495.7083333333335,24,bedrooms,4 bed
20260520_234952,20260520,Waltham Forest,12,3749.5,3791.1666666666665,2850.0,5000.0,4182.0,4276.75,12,bedrooms,5+ bed
20260520_234952,20260520,Waltham Forest,387,2200.0,2235.476683937824,477.0,5000.0,2350.0,2403.798076923077,312,bills,Unknown
20260520_234952,20260520,Waltham Forest,37,1150.0,1494.2972972972973,650.0,4000.0,865.0,1243.3809523809523,21,bills,Bills included
20260520_234952,20260520,Waltham Forest,376,2100.0,2130.6613333333335,477.0,5000.0,2250.0,2262.1490066225165,302,build_to_rent,Not build to rent
20260520_234952,20260520,Waltham Forest,48,2420.0,2483.0208333333335,1650.0,3185.0,2822.0,2997.6451612903224,31,build_to_rent,Build to rent
20260520_234952,20260520,Waltham Forest,378,2099.5,2127.957671957672,477.0,5000.0,2270.0,2262.23745819398,299,deposit,Deposit listed
20260520_234952,20260520,Waltham Forest,45,2445.0,2529.222222222222,1550.0,3185.0,2853.0,2931.970588235294,34,deposit,Zero deposit
20260520_234952,20260520,Waltham Forest,1,,,,,,,0,deposit,Deposit not listed
20260520_234952,20260520,Waltham Forest,161,2100.0,2169.8571428571427,650.0,5000.0,2307.0,2443.8321678321677,143,furnish_type,Unfurnished
20260520_234952,20260520,Waltham Forest,123,2270.0,2190.731707317073,477.0,4600.0,2567.0,2371.4302325581393,86,furnish_type,Furnished
20260520_234952,20260520,Waltham Forest,57,2000.0,2124.2982456140353,900.0,4500.0,2394.0,2496.2272727272725,44,furnish_type,Part furnished
20260520_234952,20260520,Waltham Forest,44,2325.0,2340.4772727272725,750.0,4650.0,2020.0,1921.175,40,furnish_type,Ask agent
20260520_234952,20260520,Waltham Forest,38,2200.0,1981.842105263158,650.0,2890.0,1820.5,1800.2,20,furnish_type,"Furnished or unfurnished, landlord is flexible"
20260520_234952,20260520,Waltham Forest,1,,,,,,,0,furnish_type,Unknown
20260520_234952,20260520,Waltham Forest,374,2145.0,2181.8981233243967,477.0,5000.0,2423.0,2412.453642384106,302,investment_opportunity,Unknown
20260520_234952,20260520,Waltham Forest,50,2150.0,2086.7,730.0,3500.0,1788.0,1533.3870967741937,31,investment_opportunity,Investment opportunity
20260520_234952,20260520,Waltham Forest,423,2150.0,2170.645390070922,477.0,5000.0,2307.0,2330.6186186186187,333,let_type,Unknown
20260520_234952,20260520,Waltham Forest,1,,,,,,,0,let_type,Ask agent
20260520_234952,20260520,Waltham Forest,336,1975.0,2060.134328358209,477.0,5000.0,2250.0,2244.756363636364,275,luxury,Unknown
20260520_234952,20260520,Waltham Forest,88,2500.0,2591.340909090909,1165.0,4650.0,2793.0,2737.7241379310344,58,luxury,Luxury
20260520_234952,20260520,Waltham Forest,424,2150.0,2170.645390070922,477.0,5000.0,2307.0,2330.6186186186187,333,online_viewings,No online viewing flag
20260520_234952,20260520,Waltham Forest,348,2000.0,2116.440922190202,477.0,5000.0,2303.5,2282.9143835616437,292,pets,Unknown
20260520_234952,20260520,Waltham Forest,71,2410.0,2490.211267605634,1350.0,4000.0,2793.0,2814.4864864864867,37,pets,Pets mentioned
20260520_234952,20260520,Waltham Forest,5,1161.0,1394.6,840.0,2450.0,1261.0,1337.25,4,pets,No pets
20260520_234952,20260520,Waltham Forest,318,2200.0,2201.9716088328078,477.0,5000.0,2307.0,2364.4725738396623,237,price_reduced,Not reduced
20260520_234952,20260520,Waltham Forest,106,1950.0,2076.9622641509436,650.0,4650.0,2260.0,2247.0416666666665,96,price_reduced,Price reduced
20260520_234952,20260520,Waltham Forest,164,2099.5,2148.5365853658536,1250.0,3900.0,2250.0,2263.4583333333335,144,property_type,Flat
20260520_234952,20260520,Waltham Forest,84,2297.5,2292.0,1250.0,3200.0,2307.0,2196.406779661017,59,property_type,Apartment
20260520_234952,20260520,Waltham Forest,41,2950.0,2982.9024390243903,1450.0,5000.0,3201.5,3142.575,40,property_type,Terraced
20260520_234952,20260520,Waltham Forest,39,1500.0,1507.4102564102564,650.0,2600.0,1288.0,1367.5,16,property_type,Studio
20260520_234952,20260520,Waltham Forest,29,2600.0,2545.689655172414,850.0,4600.0,2884.0,2913.4074074074074,27,property_type,House
20260520_234952,20260520,Waltham Forest,15,1200.0,1152.0666666666666,800.0,1426.0,887.5,887.5,2,property_type,Flat Share
20260520_234952,20260520,Waltham Forest,10,2625.0,2839.5,2000.0,4500.0,3028.5,3356.6,10,property_type,End of Terrace
20260520_234952,20260520,Waltham Forest,10,795.0,829.0,650.0,1150.0,828.5,750.2,10,property_type,House Share
20260520_234952,20260520,Waltham Forest,8,2325.0,2418.125,1350.0,3500.0,2192.0,1975.625,8,property_type,Maisonette
20260520_234952,20260520,Waltham Forest,8,2450.0,2616.25,2200.0,3430.0,2700.0,2436.4285714285716,7,property_type,Semi-Detached
20260520_234952,20260520,Waltham Forest,5,1675.0,1740.0,1375.0,2500.0,1841.0,1841.0,2,property_type,Ground Flat
20260520_234952,20260520,Waltham Forest,3,870.0,1532.3333333333333,477.0,3250.0,870.0,1699.0,3,property_type,Detached
20260520_234952,20260520,Waltham Forest,2,1650.0,1650.0,1350.0,1950.0,1800.0,1800.0,2,property_type,Retirement Property
20260520_234952,20260520,Waltham Forest,1,1875.0,1875.0,1875.0,1875.0,2163.0,2163.0,1,property_type,Block of Apartments
20260520_234952,20260520,Waltham Forest,1,1500.0,1500.0,1500.0,1500.0,1730.0,1730.0,1,property_type,Bungalow
20260520_234952,20260520,Waltham Forest,1,2350.0,2350.0,2350.0,2350.0,2350.0,2350.0,1,property_type,Duplex
20260520_234952,20260520,Waltham Forest,1,654.0,654.0,654.0,654.0,,,0,property_type,House of Multiple Occupation
20260520_234952,20260520,Waltham Forest,1,,,,,,,0,property_type,Land
20260520_234952,20260520,Waltham Forest,1,1165.0,1165.0,1165.0,1165.0,,,0,property_type,Private Halls
20260520_234952,20260520,Waltham Forest,382,2200.0,2202.1049868766404,477.0,5000.0,2307.0,2334.8,310,student_suitable,Not student suitable
20260520_234952,20260520,Waltham Forest,42,1673.5,1885.2619047619048,750.0,4600.0,1788.0,2274.2608695652175,23,student_suitable,Student suitable
20260520_234952,20260520,Waltham Forest,379,2099.5,2127.957671957672,477.0,5000.0,2270.0,2262.23745819398,299,zero_deposit,Unknown
20260520_234952,20260520,Waltham Forest,45,2445.0,2529.222222222222,1550.0,3185.0,2853.0,2931.970588235294,34,zero_deposit,Zero deposit
20260520_234952,20260520,Wandsworth,874,3900.0,4103.633867276888,1290.0,12000.0,3923.0,4302.826895565093,699,bedrooms,2 bed
20260520_234952,20260520,Wandsworth,451,2525.0,2717.5831485587582,580.0,7583.0,2592.5,2701.9171122994653,374,bedrooms,1 bed
20260520_234952,20260520,Wandsworth,341,5035.0,6273.5659824046925,1101.0,25000.0,4154.0,6370.132841328414,271,bedrooms,3 bed
20260520_234952,20260520,Wandsworth,89,5250.0,8639.123595505618,2500.0,86450.0,5876.5,8445.973684210527,76,bedrooms,4 bed
20260520_234952,20260520,Wandsworth,87,1873.0,2086.114942528736,50.0,6500.0,1847.0,1966.4705882352941,68,bedrooms,Studio / 0 bed
20260520_234952,20260520,Wandsworth,55,6600.0,11145.727272727272,2900.0,75000.0,7615.0,12272.541666666666,48,bedrooms,5+ bed
20260520_234952,20260520,Wandsworth,1806,3637.5,4528.553709856035,50.0,86450.0,3462.0,4717.196587030717,1465,bills,Unknown
20260520_234952,20260520,Wandsworth,91,3100.0,3695.747252747253,675.0,11000.0,1616.0,2795.8028169014083,71,bills,Bills included
20260520_234952,20260520,Wandsworth,1834,3650.0,4534.039258451472,50.0,86450.0,3462.0,4671.4537591483695,1503,build_to_rent,Not build to rent
20260520_234952,20260520,Wandsworth,63,2900.0,3165.9206349206347,1599.0,5845.0,3135.0,2666.6666666666665,33,build_to_rent,Build to rent
20260520_234952,20260520,Wandsworth,1821,3660.0,4548.2119714442615,50.0,86450.0,3462.0,4707.91310251188,1473,deposit,Deposit listed
20260520_234952,20260520,Wandsworth,76,2652.5,3060.3552631578946,1000.0,7215.0,2596.0,2768.873015873016,63,deposit,Zero deposit
20260520_234952,20260520,Wandsworth,1024,3748.0,4604.5546875,250.0,75000.0,3692.0,4969.897932816538,774,furnish_type,Furnished
20260520_234952,20260520,Wandsworth,376,3000.0,3914.571808510638,50.0,30000.0,2942.0,3695.0057971014494,345,furnish_type,Unfurnished
20260520_234952,20260520,Wandsworth,241,4750.0,5027.290456431535,220.0,25000.0,5480.0,5870.719387755102,196,furnish_type,"Furnished or unfurnished, landlord is flexible"
20260520_234952,20260520,Wandsworth,164,3845.0,5189.548780487805,175.0,86450.0,3230.0,4119.214814814814,135,furnish_type,Ask agent
20260520_234952,20260520,Wandsworth,92,2600.0,2883.4239130434785,1050.0,8750.0,2884.0,3267.0,86,furnish_type,Part furnished
20260520_234952,20260520,Wandsworth,1741,3500.0,4373.2711085583,50.0,75000.0,3404.0,4553.94848270995,1417,investment_opportunity,Unknown
20260520_234952,20260520,Wandsworth,156,4117.0,5775.74358974359,775.0,86450.0,4385.0,5514.705882352941,119,investment_opportunity,Investment opportunity
20260520_234952,20260520,Wandsworth,1897,3600.0,4488.603584607275,50.0,86450.0,3461.0,4628.382161458333,1536,let_type,Unknown
20260520_234952,20260520,Wandsworth,1070,2875.0,3720.922429906542,50.0,86450.0,2884.0,3460.5296703296704,910,luxury,Unknown
20260520_234952,20260520,Wandsworth,827,4550.0,5481.854897218864,1200.0,75000.0,4901.5,6326.05910543131,626,luxury,Luxury
20260520_234952,20260520,Wandsworth,1897,3600.0,4488.603584607275,50.0,86450.0,3461.0,4628.382161458333,1536,online_viewings,No online viewing flag
20260520_234952,20260520,Wandsworth,1777,3650.0,4544.433314575127,50.0,86450.0,3462.0,4682.633540372671,1449,pets,Unknown
20260520_234952,20260520,Wandsworth,91,3635.0,4093.4615384615386,1995.0,11332.0,4038.0,4260.135593220339,59,pets,Pets mentioned
20260520_234952,20260520,Wandsworth,29,2400.0,2307.5172413793102,895.0,5000.0,2500.0,2596.8214285714284,28,pets,No pets
20260520_234952,20260520,Wandsworth,1436,3750.0,4534.6747910863505,220.0,86450.0,3575.0,4761.376623376624,1155,price_reduced,Not reduced
20260520_234952,20260520,Wandsworth,461,3300.0,4345.09327548807,50.0,24917.0,3173.0,4225.209973753281,381,price_reduced,Price reduced
20260520_234952,20260520,Wandsworth,855,3000.0,3830.0526315789475,1000.0,75000.0,3000.0,3717.986013986014,715,property_type,Flat
20260520_234952,20260520,Wandsworth,716,4528.0,5205.371508379888,1350.0,39000.0,4705.0,5948.005474452555,548,property_type,Apartment
20260520_234952,20260520,Wandsworth,75,4750.0,5166.253333333333,775.0,14998.0,4500.0,5074.782608695652,69,property_type,Terraced
20260520_234952,20260520,Wandsworth,54,2900.0,3359.296296296296,1200.0,10833.0,2769.5,2896.8958333333335,48,property_type,Maisonette
20260520_234952,20260520,Wandsworth,51,1777.0,2019.7058823529412,800.0,3300.0,1615.0,1632.8333333333333,36,property_type,Studio
20260520_234952,20260520,Wandsworth,49,4700.0,5540.897959183673,850.0,22500.0,4873.5,5580.869565217391,46,property_type,House
20260520_234952,20260520,Wandsworth,13,3550.0,5245.153846153846,2350.0,15167.0,3173.0,5128.545454545455,11,property_type,End of Terrace
20260520_234952,20260520,Wandsworth,13,900.0,957.7692307692307,675.0,1400.0,1154.0,1196.0,7,property_type,Flat Share
20260520_234952,20260520,Wandsworth,13,1350.0,1236.3076923076924,580.0,1595.0,1151.0,1123.2,10,property_type,House Share
20260520_234952,20260520,Wandsworth,11,4000.0,3574.5454545454545,2000.0,4918.0,4615.0,4214.545454545455,11,property_type,Not Specified
20260520_234952,20260520,Wandsworth,9,8750.0,8867.555555555555,2200.0,25000.0,11769.0,11670.714285714286,7,property_type,Detached
20260520_234952,20260520,Wandsworth,9,8000.0,6910.888888888889,2500.0,11000.0,4183.0,5286.125,8,property_type,Semi-Detached
20260520_234952,20260520,Wandsworth,8,15748.5,25168.0,7497.0,86450.0,10384.0,14772.833333333334,6,property_type,Penthouse
20260520_234952,20260520,Wandsworth,5,220.0,239.0,50.0,500.0,143.5,228.0,4,property_type,Parking
20260520_234952,20260520,Wandsworth,4,3275.0,5012.5,2500.0,11000.0,5.0,885.0,3,property_type,Duplex
20260520_234952,20260520,Wandsworth,4,9555.0,8690.0,4150.0,11500.0,10326.5,10326.5,2,property_type,Town House
20260520_234952,20260520,Wandsworth,2,3025.0,3025.0,2800.0,3250.0,3231.0,3231.0,1,property_type,Ground Maisonette
20260520_234952,20260520,Wandsworth,2,2697.5,2697.5,2395.0,3000.0,3458.0,3458.0,2,property_type,House Boat
20260520_234952,20260520,Wandsworth,2,6475.0,6475.0,2950.0,10000.0,8624.5,8624.5,2,property_type,Mews
20260520_234952,20260520,Wandsworth,1,6730.0,6730.0,6730.0,6730.0,,,0,property_type,Block of Apartments
20260520_234952,20260520,Wandsworth,1,3250.0,3250.0,3250.0,3250.0,,,0,property_type,Cottage
20260520_234952,20260520,Wandsworth,1781,3700.0,4574.71476698484,50.0,86450.0,3462.0,4718.015141087405,1453,student_suitable,Not student suitable
20260520_234952,20260520,Wandsworth,116,2677.5,3166.5,780.0,11332.0,2770.0,3059.265060240964,83,student_suitable,Student suitable
20260520_234952,20260520,Wandsworth,1821,3660.0,4548.2119714442615,50.0,86450.0,3462.0,4707.91310251188,1473,zero_deposit,Unknown
20260520_234952,20260520,Wandsworth,76,2652.5,3060.3552631578946,1000.0,7215.0,2596.0,2768.873015873016,63,zero_deposit,Zero deposit
20260520_234952,20260520,Westminster,1469,5200.0,7246.754254594963,2000.0,62032.0,4625.0,6792.956369982548,1146,bedrooms,2 bed
20260520_234952,20260520,Westminster,1295,3358.0,4501.294208494209,300.0,73883.0,3250.0,3785.7433264887063,974,bedrooms,1 bed
20260520_234952,20260520,Westminster,1022,7800.0,12502.184931506848,2240.0,121182.0,8653.0,12838.80394736842,760,bedrooms,3 bed
20260520_234952,20260520,Westminster,497,2383.0,2584.0080482897383,399.0,27733.0,2076.0,1934.9388888888889,360,bedrooms,Studio / 0 bed
20260520_234952,20260520,Westminster,341,11267.0,18496.26392961877,841.0,96417.0,13076.5,18611.221374045803,262,bedrooms,4 bed
20260520_234952,20260520,Westminster,283,10833.0,27238.190812720848,1559.0,368333.0,13500.0,32217.31016042781,187,bedrooms,5+ bed
20260520_234952,20260520,Westminster,4739,5300.0,9158.504536822114,300.0,368333.0,4475.0,9027.6029042167,3581,bills,Unknown
20260520_234952,20260520,Westminster,166,4499.0,6850.144578313253,895.0,36833.0,2100.0,4629.532710280374,107,bills,Bills included
20260520_234952,20260520,Westminster,2,6250.0,6250.0,2000.0,10500.0,3682.0,3682.0,1,bills,Bills excluded
20260520_234952,20260520,Westminster,4881,5300.0,9106.739807416512,300.0,368333.0,4425.0,8912.64925170068,3675,build_to_rent,Not build to rent
20260520_234952,20260520,Westminster,26,3101.0,3914.6153846153848,1895.0,11625.0,3910.5,5207.285714285715,14,build_to_rent,Build to rent
20260520_234952,20260520,Westminster,4846,5323.0,9139.562732150227,300.0,368333.0,4442.0,8958.03051965906,3637,deposit,Deposit listed
20260520_234952,20260520,Westminster,60,3737.5,4295.483333333334,1400.0,10998.0,4089.0,4740.9807692307695,52,deposit,Zero deposit
20260520_234952,20260520,Westminster,1,3727.0,3727.0,3727.0,3727.0,,,0,deposit,Deposit not listed
20260520_234952,20260520,Westminster,2440,4990.0,9172.680737704917,841.0,212333.0,4500.0,9651.928297755883,1827,furnish_type,Furnished
20260520_234952,20260520,Westminster,904,6933.0,9064.401548672566,1196.0,368333.0,6346.0,9785.298507462687,670,furnish_type,"Furnished or unfurnished, landlord is flexible"
20260520_234952,20260520,Westminster,775,4750.0,7611.9729032258065,300.0,108333.0,4100.0,7866.221590909091,704,furnish_type,Unfurnished
20260520_234952,20260520,Westminster,636,6708.5,11029.572327044025,399.0,151667.0,2506.5,5516.230337078651,356,furnish_type,Ask agent
20260520_234952,20260520,Westminster,151,3856.0,7009.2913907284765,1050.0,195000.0,3807.5,8598.992424242424,132,furnish_type,Part furnished
20260520_234952,20260520,Westminster,1,3727.0,3727.0,3727.0,3727.0,,,0,furnish_type,Unknown
20260520_234952,20260520,Westminster,4625,5243.0,8887.244756756756,300.0,368333.0,4475.0,9088.909507445589,3492,investment_opportunity,Unknown
20260520_234952,20260520,Westminster,282,5622.5,12227.90780141844,800.0,151667.0,3375.0,5524.954314720812,197,investment_opportunity,Investment opportunity
20260520_234952,20260520,Westminster,4907,5250.0,9079.22906052578,300.0,368333.0,4385.0,8898.587150989428,3689,let_type,Unknown
20260520_234952,20260520,Westminster,2540,3866.0,6507.3531496063,300.0,173333.0,3750.0,6220.323472356935,2062,luxury,Unknown
20260520_234952,20260520,Westminster,2367,7345.0,11839.079002957329,399.0,368333.0,6966.0,12292.920098340504,1627,luxury,Luxury
20260520_234952,20260520,Westminster,4907,5250.0,9079.22906052578,300.0,368333.0,4385.0,8898.587150989428,3689,online_viewings,No online viewing flag
20260520_234952,20260520,Westminster,4527,5300.0,9222.518444886238,300.0,368333.0,4384.0,8999.491685779816,3488,pets,Unknown
20260520_234952,20260520,Westminster,359,5150.0,7598.445682451254,895.0,32500.0,5769.0,7543.311111111111,180,pets,Pets mentioned
20260520_234952,20260520,Westminster,21,3000.0,3504.4761904761904,1200.0,8333.0,3404.0,3755.4761904761904,21,pets,No pets
20260520_234952,20260520,Westminster,3873,5250.0,8742.518202943455,300.0,195000.0,4345.0,8392.786478095895,2899,price_reduced,Not reduced
20260520_234952,20260520,Westminster,1034,5200.0,10340.429400386847,399.0,368333.0,4615.0,10754.683544303798,790,price_reduced,Price reduced
20260520_234952,20260520,Westminster,2057,5850.0,9120.544482255713,1395.0,212333.0,5167.0,8785.797244094489,1524,property_type,Apartment
20260520_234952,20260520,Westminster,2030,4450.0,7022.774384236453,300.0,195000.0,4125.0,7180.555196901227,1549,property_type,Flat
20260520_234952,20260520,Westminster,219,2496.0,2456.10502283105,1050.0,5815.0,2287.5,2358.4533333333334,150,property_type,Studio
20260520_234952,20260520,Westminster,129,11500.0,20582.17054263566,2100.0,108333.0,13823.0,21083.627272727274,110,property_type,Terraced
20260520_234952,20260520,Westminster,117,15167.0,27429.1452991453,2100.0,368333.0,15235.0,28728.271739130436,92,property_type,House
20260520_234952,20260520,Westminster,61,11266.0,17112.44262295082,2500.0,86667.0,9815.0,10035.807692307691,52,property_type,Penthouse
20260520_234952,20260520,Westminster,53,13000.0,17460.11320754717,2709.0,71500.0,10038.0,18110.175,40,property_type,Mews
20260520_234952,20260520,Westminster,51,7800.0,13602.666666666666,1290.0,121333.0,747.0,6165.1,40,property_type,Not Specified
20260520_234952,20260520,Westminster,47,3350.0,6823.297872340426,1350.0,65000.0,2885.0,6972.547619047619,42,property_type,Maisonette
20260520_234952,20260520,Westminster,25,12350.0,17136.32,3900.0,59367.0,0.0,2355.9411764705883,17,property_type,Duplex
20260520_234952,20260520,Westminster,24,13866.5,27239.25,3250.0,173333.0,13846.0,24339.176470588234,17,property_type,Detached
20260520_234952,20260520,Westminster,20,10097.0,13361.45,4871.0,35767.0,,,0,property_type,Serviced Apartments
20260520_234952,20260520,Westminster,14,20583.5,20498.714285714286,4750.0,65000.0,22000.0,24437.5,8,property_type,Town House
20260520_234952,20260520,Westminster,12,9525.5,16783.0,2816.0,65000.0,9819.0,19686.8,10,property_type,Semi-Detached
20260520_234952,20260520,Westminster,11,11000.0,10722.363636363636,4117.0,16000.0,13961.0,13873.9,10,property_type,End of Terrace
20260520_234952,20260520,Westminster,11,500.0,2117.7272727272725,399.0,7345.0,413.0,2512.1,10,property_type,Parking
20260520_234952,20260520,Westminster,7,3250.0,3065.8571428571427,2100.0,4000.0,3057.0,3446.2,5,property_type,Ground Flat
20260520_234952,20260520,Westminster,7,1325.0,1211.5714285714287,895.0,1408.0,841.5,767.75,4,property_type,House Share
20260520_234952,20260520,Westminster,6,1275.0,1680.8333333333333,841.0,3644.0,1200.0,1269.3333333333333,3,property_type,Flat Share
20260520_234952,20260520,Westminster,2,10140.0,10140.0,2947.0,17333.0,13700.0,13700.0,2,property_type,Cottage
20260520_234952,20260520,Westminster,1,407.0,407.0,407.0,407.0,564.0,564.0,1,property_type,Garages
20260520_234952,20260520,Westminster,1,19500.0,19500.0,19500.0,19500.0,27500.0,27500.0,1,property_type,Ground Maisonette
20260520_234952,20260520,Westminster,1,5000.0,5000.0,5000.0,5000.0,6346.0,6346.0,1,property_type,House Boat
20260520_234952,20260520,Westminster,1,84500.0,84500.0,84500.0,84500.0,117000.0,117000.0,1,property_type,Villa
20260520_234952,20260520,Westminster,4514,5499.0,9490.535445281346,300.0,368333.0,4500.0,9344.945427728613,3390,student_suitable,Not student suitable
20260520_234952,20260520,Westminster,393,3367.0,4354.961832061069,895.0,27300.0,3200.0,3837.8695652173915,299,student_suitable,Student suitable
20260520_234952,20260520,Westminster,4847,5323.0,9138.446049102538,300.0,368333.0,4442.0,8958.03051965906,3637,zero_deposit,Unknown
20260520_234952,20260520,Westminster,60,3737.5,4295.483333333334,1400.0,10998.0,4089.0,4740.9807692307695,52,zero_deposit,Zero deposit
